Rank,Runner,Flag,Country,Total Score,Performance Score,Volume Bonus,Variety Bonus,Prolific Score,Unique Boards,Unique Games,WRs,Top 3s,Top 10s,Medal Score,Depth Score,Average Place,Profile
1,Niftski,No included runs,United States,9102.36,8989.37,62.99,50,62,54,6,39,55,60,297,607.92,2.66,https://www.speedrun.com/users/Niftski
2,GTAce,No included runs,United States,5807.19,5694.71,62.48,50,61,60,6,8,30,52,151,510.61,6.95,https://www.speedrun.com/users/GTAce
3,Mars02,No included runs,United States,4952.9,4830.02,72.88,50,83,82,6,20,43,65,227,472.42,13.72,https://www.speedrun.com/users/Mars02
4,Nebula_Composer,No included runs,United States,4085.49,4010.95,44.54,30,31,26,4,4,14,24,69,352.63,7.55,https://www.speedrun.com/users/Nebula_Composer
5,scalpel,No included runs,United States,4009.49,3922.36,57.13,30,51,50,4,21,43,48,211,314.53,2.8,https://www.speedrun.com/users/scalpel
6,RoyLT,No included runs,United States,3782.93,3666.96,65.97,50,68,68,6,3,16,43,87,408.9,15.22,https://www.speedrun.com/users/RoyLT
7,Kosmic,No included runs,United States,3691.98,3590.13,51.85,50,42,41,6,13,14,25,93,328.34,17.36,https://www.speedrun.com/users/Kosmic
8,TheRudyyy,No included runs,France,3547.54,3455.69,51.85,40,42,42,5,10,22,30,111,322.32,18.74,https://www.speedrun.com/users/TheRudyyy
9,jtknott,No included runs,United States,3404.86,3321.04,43.82,40,30,29,5,4,12,19,60,307.43,13.57,https://www.speedrun.com/users/jtknott
10,santicop,No included runs,Colombia,3323.82,3220.15,53.67,50,45,45,6,0,2,18,23,369.92,18.64,https://www.speedrun.com/users/santicop
11,JeremyMKW,No included runs,United States,3278.88,3192.23,46.65,40,34,32,5,1,7,22,42,323.16,14.71,https://www.speedrun.com/users/JeremyMKW
12,eddiecatgaming,No included runs,United States,3181.84,3103.47,38.37,40,23,23,5,1,8,18,41,278.43,11.74,https://www.speedrun.com/users/eddiecatgaming
13,Littlezombie,No included runs,China,3124.47,3035.15,49.32,40,38,31,5,3,6,14,35,308.37,18.79,https://www.speedrun.com/users/Littlezombie
14,AshSpeedruns1,No included runs,Philippines,3005.46,2925.46,40,40,25,25,5,4,5,12,35,284.08,16.72,https://www.speedrun.com/users/AshSpeedruns1
15,simplistic6502,No included runs,United States,2917.99,2820.66,47.33,50,35,34,6,1,6,14,32,303.17,18.31,https://www.speedrun.com/users/simplistic6502
16,ThePKing,No included runs,United States,2893.01,2773.27,69.74,50,76,76,6,0,7,36,51,370.31,25.11,https://www.speedrun.com/users/ThePKing
17,WarSB,No included runs,United States,2883.33,2811,42.33,30,28,28,4,5,10,19,55,266.03,11.75,https://www.speedrun.com/users/WarSB
18,Aryll,No included runs,Spain,2617.52,2545.19,42.33,30,28,26,4,3,5,15,34,258.25,16.25,https://www.speedrun.com/users/Aryll
19,jscarbo,No included runs,United States,2529.79,2464.01,35.78,30,20,20,4,2,5,10,28,239.34,21.65,https://www.speedrun.com/users/jscarbo
20,sullyrox,No included runs,United States,2473.7,2406.18,37.52,30,22,19,4,1,5,10,25,238.62,19.41,https://www.speedrun.com/users/sullyrox
21,alexyweb,No included runs,Scotland,2406.85,2312.31,44.54,50,31,31,6,9,13,19,74,232.48,18.29,https://www.speedrun.com/users/alexyweb
22,goofychocobo,No included runs,United States,2302.65,2221.86,40.79,40,26,26,5,0,5,15,27,234.74,18.54,https://www.speedrun.com/users/goofychocobo
23,mammaru339,No included runs,Japan,2264.34,2176.1,58.24,30,53,51,4,0,1,22,25,288.53,33.77,https://www.speedrun.com/users/mammaru339
24,Miniland,No included runs,United Kingdom,2263.46,2198.59,34.87,30,19,19,4,1,3,11,20,216.27,14.42,https://www.speedrun.com/users/Miniland
25,Spiker,No included runs,United States,2086.83,2021.96,34.87,30,19,14,4,0,2,4,9,218.97,24.21,https://www.speedrun.com/users/Spiker
26,Scrimsion,No included runs,United States,2069.42,2004.55,34.87,30,19,19,4,1,2,5,12,211.36,27.47,https://www.speedrun.com/users/Scrimsion
27,Saradoc,No included runs,Germany,2054.17,1981.09,43.08,30,29,29,4,0,4,13,21,221.28,25.9,https://www.speedrun.com/users/Saradoc
28,nuirapa,No included runs,Japan,2031.74,1969.41,42.33,20,28,24,3,1,1,1,6,228.82,32,https://www.speedrun.com/users/nuirapa
29,Luppie,No included runs,France,1992.61,1892.01,50.6,50,40,39,6,0,0,8,8,244.05,37.1,https://www.speedrun.com/users/Luppie
30,yelia64,No included runs,United States,1966.16,1918.64,37.52,10,22,22,2,2,2,6,16,196.4,38.41,https://www.speedrun.com/users/yelia64
31,LeKukie,No included runs,Brazil,1948.46,1899.62,28.84,20,13,13,3,3,5,6,27,165.42,24.31,https://www.speedrun.com/users/LeKukie
32,StickeredNolmy,No included runs,United States,1908.94,1855.96,32.98,20,17,17,3,0,3,4,11,195.54,30,https://www.speedrun.com/users/StickeredNolmy
33,Ribb95,No included runs,South Korea,1797.54,1713,44.54,40,31,31,5,0,1,14,16,210.39,37.32,https://www.speedrun.com/users/Ribb95
34,Nightmare101010,No included runs,United States,1727.41,1679.7,27.71,20,12,12,3,2,2,3,13,164.3,22.42,https://www.speedrun.com/users/Nightmare101010
35,DAI,No included runs,Japan,1678.05,1620.53,37.52,20,22,21,3,0,0,4,4,196.14,49.91,https://www.speedrun.com/users/DAI
36,ElementYT,No included runs,United States,1670.13,1611.29,28.84,30,13,13,4,0,1,7,9,165.37,13.46,https://www.speedrun.com/users/ElementYT
37,Lul_ecks_dee,,,1659.4,1617.4,32,10,16,16,2,0,0,7,7,174.03,67.75,https://www.speedrun.com/users/Lul_ecks_dee
38,Brandon_Lepetrie42,No included runs,Antarctica,1650.29,1576.35,33.94,40,18,18,5,0,1,4,7,176.81,21.17,https://www.speedrun.com/users/Brandon_Lepetrie42
39,korsu,No included runs,Germany,1634.71,1534.75,49.96,50,39,39,6,0,1,11,13,211.22,49.46,https://www.speedrun.com/users/korsu
40,xeroxfiend,No included runs,United States,1596.36,1497.04,49.32,50,38,38,6,0,0,7,7,214.29,50.45,https://www.speedrun.com/users/xeroxfiend
41,EthanRTA,No included runs,United States,1587.13,1513.19,33.94,40,18,18,5,0,1,7,10,168.71,32.5,https://www.speedrun.com/users/EthanRTA
42,stem_kuki,No included runs,New Zealand,1539.34,1505.34,24,10,9,9,2,1,2,5,12,141.38,14.33,https://www.speedrun.com/users/stem_kuki
43,Gaster319,No included runs,Philippines,1530.33,1496.33,24,10,9,9,2,2,2,5,15,138,34.11,https://www.speedrun.com/users/Gaster319
44,Happyzombie33,No included runs,China,1510.36,1445.49,34.87,30,19,19,4,0,0,0,0,179.36,60.11,https://www.speedrun.com/users/Happyzombie33
45,darbian,No included runs,United States,1495.31,1434.33,30.98,30,15,15,4,0,0,6,6,158.61,26.2,https://www.speedrun.com/users/darbian
46,vinzchillin,No included runs,United States,1484.22,1408.97,45.25,30,32,32,4,0,2,13,18,175.28,31.03,https://www.speedrun.com/users/vinzchillin
47,Kzwbz,No included runs,China,1468.62,1422.09,26.53,20,11,10,3,1,2,5,12,141.29,38.18,https://www.speedrun.com/users/Kzwbz
48,AndrewG,No included runs,United States,1468.24,1406.24,32,30,16,16,4,0,2,4,10,160.26,35.38,https://www.speedrun.com/users/AndrewG
49,Tanishy,No included runs,Japan,1463.85,1408.98,34.87,20,19,16,3,0,0,1,1,176.9,61.42,https://www.speedrun.com/users/Tanishy
50,iBall1,No included runs,Canada,1451.47,1392.63,28.84,30,13,11,4,0,1,2,5,155.32,43.69,https://www.speedrun.com/users/iBall1
51,ThaAwesome,No included runs,United States,1444.29,1404.36,29.93,10,14,14,2,0,0,1,1,164.26,52.5,https://www.speedrun.com/users/ThaAwesome
52,Losalex,No included runs,Sweden,1443.02,1395.31,27.71,20,12,12,3,0,0,0,0,157.56,44.25,https://www.speedrun.com/users/Losalex
53,Joshua69,No included runs,United States,1430.27,1376.27,24,30,9,9,4,1,1,4,9,132.51,16,https://www.speedrun.com/users/Joshua69
54,nerphblaster27,No included runs,United States,1400.84,1353.13,27.71,20,12,12,3,1,2,2,9,142.29,45.33,https://www.speedrun.com/users/nerphblaster27
55,Crazy_Gaming61,No included runs,Canada,1363.38,1290.3,43.08,30,29,29,4,0,0,3,3,173.05,59.69,https://www.speedrun.com/users/Crazy_Gaming61
56,somewes,No included runs,United States,1317.44,1270.91,26.53,20,11,10,3,0,0,3,3,136.82,18.91,https://www.speedrun.com/users/somewes
57,DJ___AJ,No included runs,United States,1292.95,1245.24,27.71,20,12,11,3,1,1,1,6,136.01,66.17,https://www.speedrun.com/users/DJ___AJ
58,EvanSMB1,No included runs,United States,1278.35,1231.82,26.53,20,11,11,3,0,2,2,8,132.68,29.73,https://www.speedrun.com/users/EvanSMB1
59,CyanBeast01,No included runs,Vietnam,1278.01,1239.17,28.84,10,13,13,2,0,0,1,1,145.23,58.54,https://www.speedrun.com/users/CyanBeast01
60,TheNoSwearGuy,No included runs,Canada,1273.54,1230.91,22.63,20,8,8,3,1,1,3,8,117.92,15.38,https://www.speedrun.com/users/TheNoSwearGuy
61,Potapoo12,No included runs,Finland,1260.82,1213.11,27.71,20,12,12,3,0,0,2,2,142.18,85.58,https://www.speedrun.com/users/Potapoo12
62,AntimonySM51,No included runs,United States,1250.43,1200.5,29.93,20,14,14,3,0,0,1,1,146.26,57.79,https://www.speedrun.com/users/AntimonySM51
63,Magicallyy,No included runs,United States,1247.19,1194.21,32.98,20,17,17,3,0,2,5,9,142.54,54.41,https://www.speedrun.com/users/Magicallyy
64,DaserByte,No included runs,Spain,1234.16,1195.32,28.84,10,13,12,2,0,0,0,0,141.11,59.08,https://www.speedrun.com/users/DaserByte
65,x0o0x_,No included runs,Antarctica,1227.85,1161.19,36.66,30,21,20,4,0,0,1,1,153.56,63.71,https://www.speedrun.com/users/x0o0x_
66,Aqwy,No included runs,Portugal,1223.28,1170.65,22.63,30,8,8,4,0,1,1,4,121.08,35.63,https://www.speedrun.com/users/Aqwy
67,darG,No included runs,Poland,1218.34,1171.81,26.53,20,11,11,3,0,0,0,0,139.68,74.27,https://www.speedrun.com/users/darG
68,KingOfJonnyBoy,No included runs,Canada,1210.97,1164.44,26.53,20,11,11,3,0,0,3,3,131.32,54.27,https://www.speedrun.com/users/KingOfJonnyBoy
69,LeonToast,No included runs,Germany,1199.25,1165.25,24,10,9,9,2,0,0,1,1,129.65,51.22,https://www.speedrun.com/users/LeonToast
70,SuperSonic,No included runs,United States,1190.31,1113.65,36.66,40,21,21,5,0,1,5,7,144.22,50.1,https://www.speedrun.com/users/SuperSonic
71,Phaton13,No included runs,Poland,1169.59,1121.88,27.71,20,12,12,3,0,0,4,4,130.74,56.67,https://www.speedrun.com/users/Phaton13
72,snowyowo,No included runs,Russia,1162.11,1132.51,19.6,10,6,6,2,1,1,2,7,106.69,29.17,https://www.speedrun.com/users/snowyowo
73,averge11,,,1159.94,1130.34,19.6,10,6,6,2,1,3,5,15,93.34,6,https://www.speedrun.com/users/averge11
74,Kriller37,No included runs,United States,1159.26,1112.73,26.53,20,11,10,3,0,1,3,5,126.26,45.18,https://www.speedrun.com/users/Kriller37
75,makotoito,No included runs,China,1151.09,1095.31,35.78,20,20,20,3,0,0,1,1,145.69,65.8,https://www.speedrun.com/users/makotoito
76,ScratchySpeedrunner,No included runs,United States,1150.15,1117.52,22.63,10,8,8,2,0,0,2,2,118.31,23.88,https://www.speedrun.com/users/ScratchySpeedrunner
77,KingKappa,No included runs,United States,1142.68,1107.38,25.3,10,10,10,2,0,0,0,0,126.77,43.2,https://www.speedrun.com/users/KingKappa
78,AD2,No included runs,Australia,1123.49,1074.65,28.84,20,13,13,3,0,0,0,0,134.6,64.31,https://www.speedrun.com/users/AD2
79,roopert83,No included runs,United States,1119.05,1030.68,38.37,50,23,23,6,1,1,7,12,137.24,67.61,https://www.speedrun.com/users/roopert83
80,SoloQ,No included runs,United States,1092.18,1040.18,32,20,16,16,3,0,0,1,1,135.39,56.06,https://www.speedrun.com/users/SoloQ
81,Sluggy,No included runs,United Kingdom,1081.38,1021.45,29.93,30,14,14,4,0,0,3,3,127.99,72.36,https://www.speedrun.com/users/Sluggy
82,MatyMak,,,1073.88,1042.71,21.17,10,7,7,2,0,0,3,3,107.65,32,
83,mrswaggins69,,,1068.16,1036.99,21.17,10,7,7,2,0,1,1,3,109.23,51.57,https://www.speedrun.com/users/mrswaggins69
84,Vicksland,No included runs,United States,1066.29,1010.99,25.3,30,10,10,4,0,0,1,1,118.56,60.6,https://www.speedrun.com/users/Vicksland
85,smythe,No included runs,England,1063.26,1019.26,24,20,9,9,3,0,0,2,2,113.98,38.33,https://www.speedrun.com/users/smythe
86,Prasmus,No included runs,Canada,1057.67,972.8,34.87,50,19,19,6,0,1,3,6,131.04,71.42,https://www.speedrun.com/users/Prasmus
87,WolfAeterni,No included runs,Québec,1035.58,997.87,27.71,10,12,12,2,0,0,1,1,124.38,80.67,https://www.speedrun.com/users/WolfAeterni
88,SuperMegaDav,No included runs,Québec,1034.19,951.86,42.33,40,28,28,5,0,0,2,2,138.66,47.64,https://www.speedrun.com/users/SuperMegaDav
89,Grimmwolf6711,No included runs,United States,1025.56,955.63,29.93,40,14,14,5,0,0,0,0,120.97,75.64,https://www.speedrun.com/users/Grimmwolf6711
90,ILikeRockets62,No included runs,United States,990.14,958.97,21.17,10,7,7,2,0,0,0,0,107.63,72.86,https://www.speedrun.com/users/ILikeRockets62
91,youtubeman06,No included runs,United States,979.37,942.84,26.53,10,11,11,2,0,0,1,1,112.32,51.36,https://www.speedrun.com/users/youtubeman06
92,NylanSR,No included runs,United States,969.27,925.27,24,20,9,9,3,0,0,0,0,111.99,99.44,https://www.speedrun.com/users/NylanSR
93,Thelxinoe,No included runs,United States,955.28,922.65,22.63,10,8,8,2,0,0,1,1,101.87,44.75,https://www.speedrun.com/users/Thelxinoe
94,samm_1703,No included runs,United States,938.1,906.93,21.17,10,7,7,2,0,0,1,1,100.2,51.14,https://www.speedrun.com/users/samm_1703
95,DaniëlHarteveld,No included runs,Netherlands,934.91,877.2,27.71,30,12,12,4,0,0,0,0,117.83,113,https://www.speedrun.com/users/DanielHarteveld
96,SmiithTV,No included runs,United States,918.98,876.35,22.63,20,8,8,3,0,0,0,0,102.73,66.25,https://www.speedrun.com/users/SmiithTV
97,StandBySilentWater,No included runs,United States,918.56,888.96,19.6,10,6,6,2,0,0,0,0,96.37,44.83,https://www.speedrun.com/users/StandBySilentWater
98,Marikh,No included runs,Germany,916.28,880.98,25.3,10,10,10,2,0,0,2,2,108.28,112.9,https://www.speedrun.com/users/Marikh
99,SigNastyTV,No included runs,United States,905.56,842.48,43.08,20,29,29,3,0,0,0,0,133.05,87.69,https://www.speedrun.com/users/SigNastyTV
100,raymondamantius,No included runs,United States,902.17,859.54,22.63,20,8,8,3,0,0,1,1,98.13,45.13,https://www.speedrun.com/users/raymondamantius
101,TheCrit,No included runs,United States,876.06,844.89,21.17,10,7,7,2,0,0,1,1,95.58,66.29,https://www.speedrun.com/users/TheCrit
102,ImDangerous20,No included runs,Antarctica,875.12,833.95,21.17,20,7,7,3,0,0,0,0,96.64,74.29,https://www.speedrun.com/users/ImDangerous20
103,tavenwebb2002,No included runs,United States,874.19,844.59,19.6,10,6,6,2,0,0,2,2,88.41,32.83,https://www.speedrun.com/users/tavenwebb2002
104,Validusername16,,,862.03,828.03,24,10,9,9,2,0,0,0,0,101.54,59.44,https://www.speedrun.com/users/Validusername16
105,GlitchYPbPr,No included runs,United States,860.45,807.82,22.63,30,8,8,4,0,0,2,2,92.8,45.5,https://www.speedrun.com/users/GlitchYPbPr
106,ramunesakusan,No included runs,Japan,857.77,815.14,22.63,20,8,8,3,0,0,2,2,92.39,38.25,https://www.speedrun.com/users/ramunesakusan
107,alabastro1,No included runs,Esperanto,856.58,816.98,19.6,20,6,6,3,0,0,2,2,86.6,44,https://www.speedrun.com/users/alabastro1
108,sunst3510,No included runs,Japan,853.47,793.54,29.93,30,14,14,4,1,1,3,8,101.76,41.71,https://www.speedrun.com/users/sunst3510
109,donaldduck386,No included runs,Suriname,850.21,816.21,24,10,9,9,2,0,0,0,0,104.06,114.56,https://www.speedrun.com/users/donaldduck386
110,Mario104,No included runs,China,845.77,796.93,28.84,20,13,12,3,0,0,0,0,108.12,85,https://www.speedrun.com/users/Mario104
111,Jeffitus,No included runs,United States,838.67,799.07,19.6,20,6,6,3,0,0,0,0,92.45,103.17,https://www.speedrun.com/users/Jeffitus
112,Giffi,No included runs,Finland,832.05,800.88,21.17,10,7,7,2,0,0,0,0,92.82,62.14,https://www.speedrun.com/users/Giffi
113,Yoniyoni,No included runs,United States,830.56,797.93,22.63,10,8,8,2,0,0,0,0,96.4,72.38,https://www.speedrun.com/users/Yoniyoni
114,barnowl,No included runs,United States,825.88,734.66,51.22,40,41,41,5,0,2,10,16,133.31,71.8,https://www.speedrun.com/users/barnowl
115,AGKactive,No included runs,China,823.99,794.39,19.6,10,6,6,2,0,0,0,0,86.73,64.17,https://www.speedrun.com/users/AGKactive
116,australian,No included runs,England,819.71,775.71,24,20,9,9,3,0,0,0,0,98.14,99.56,https://www.speedrun.com/users/australian
117,Amberi8,,,816.13,786.53,19.6,10,6,6,2,0,1,1,4,80.93,34.33,https://www.speedrun.com/users/Amberi8
118,NathanAlmighty,No included runs,United States,809.66,767.03,22.63,20,8,8,3,0,0,0,0,92.41,74.5,https://www.speedrun.com/users/NathanAlmighty
119,8BitPlumber,No included runs,United States,806.55,760.02,26.53,20,11,11,3,0,0,1,1,95.99,124.55,https://www.speedrun.com/users/8BitPlumber
120,pensrock_12,No included runs,United States,798.46,770.57,17.89,10,5,5,2,0,0,0,0,83.57,47,https://www.speedrun.com/users/pensrock_12
121,TomasPlays,No included runs,Lithuania,798.44,760.55,17.89,20,5,5,3,1,1,1,6,75.21,78.4,https://www.speedrun.com/users/TomasPlays
122,k1ngk0opa,No included runs,Mexico,791.72,760.55,21.17,10,7,7,2,0,0,0,0,93.09,115.43,https://www.speedrun.com/users/k1ngk0opa
123,sweatypiranha,No included runs,Ireland,783.94,756.05,17.89,10,5,5,2,0,0,0,0,82.12,45.8,https://www.speedrun.com/users/sweatypiranha
124,SkilletToast,No included runs,United States,770.54,727.91,22.63,20,8,8,3,0,0,2,2,87.2,87,https://www.speedrun.com/users/SkilletToast
125,Carter44,No included runs,Canada,766.3,697.11,39.19,30,24,24,4,0,1,3,5,110.91,60.92,https://www.speedrun.com/users/Carter44
126,SonicFerrari,No included runs,United States,765.05,737.16,17.89,10,5,5,2,0,1,2,4,73.93,18.4,https://www.speedrun.com/users/SonicFerrari
127,LK,No included runs,Japan,762.53,718.53,24,20,9,9,3,0,0,3,3,86.5,87.44,https://www.speedrun.com/users/LK
128,BLGHAReal,No included runs,United Kingdom,757.72,717.79,29.93,10,14,14,2,0,0,0,0,103.53,116.79,https://www.speedrun.com/users/BLGHAReal
129,fliz01,No included runs,Philippines,746.34,685.36,30.98,30,15,15,4,0,0,0,0,101.19,137.33,https://www.speedrun.com/users/fliz01
130,DinkleDangle,No included runs,United States,744.83,712.2,22.63,10,8,8,2,0,0,0,0,84.83,58.5,https://www.speedrun.com/users/DinkleDangle
131,Akrua,No included runs,United States,743.26,689.26,24,30,9,9,4,0,0,0,0,90.58,106.78,https://www.speedrun.com/users/Akrua
132,Xein64,No included runs,Germany,741.87,696.57,25.3,20,10,10,3,0,0,0,0,95.76,126,https://www.speedrun.com/users/Xein64
133,MrBabbage,No included runs,United States,741.04,715.04,16,10,4,4,2,1,1,1,6,68.05,21.5,https://www.speedrun.com/users/MrBabbage
134,Bebert5014,No included runs,France,740.89,709.72,21.17,10,7,7,2,0,0,0,0,87.09,111,https://www.speedrun.com/users/Bebert5014
135,archnash1,No included runs,England,740.26,697.63,22.63,20,8,8,3,0,0,0,0,85.27,129.25,https://www.speedrun.com/users/archnash1
136,MasterEyad,No included runs,Lebanon,739.68,705.68,24,10,9,9,2,0,0,0,0,88.98,77.22,https://www.speedrun.com/users/MasterEyad
137,NintSiX_96,No included runs,China,735.1,697.39,27.71,10,12,10,2,0,0,0,0,91.79,116.17,https://www.speedrun.com/users/NintSiX_96
138,NawidNation,No included runs,Canada,732.34,702.74,19.6,10,6,6,2,0,0,0,0,84.96,128.17,https://www.speedrun.com/users/NawidNation
139,Tecate,No included runs,United States,729.34,685.34,24,20,9,8,3,0,0,0,0,86.59,108.78,https://www.speedrun.com/users/Tecate
140,NotThinkAnything,No included runs,Vietnam,728.92,699.32,19.6,10,6,6,2,0,0,0,0,84.17,118.5,https://www.speedrun.com/users/NotThinkAnything
141,LiamTrader,,,718.67,687.5,21.17,10,7,7,2,0,0,0,0,84.92,129.57,https://www.speedrun.com/users/LiamTrader
142,MyRougeYoshi,No included runs,England,706.43,678.54,17.89,10,5,5,2,0,0,0,0,78.25,108,https://www.speedrun.com/users/MyRougeYoshi
143,evad999,No included runs,United States,705.34,645.34,40,20,25,25,3,1,2,12,20,96.94,90.2,https://www.speedrun.com/users/evad999
144,joeth3br0,No included runs,United States,704.64,675.04,19.6,10,6,6,2,0,0,0,0,79.26,91,https://www.speedrun.com/users/joeth3br0
145,8bitlord64,No included runs,United States,701.48,673.59,17.89,10,5,5,2,0,0,0,0,75.18,64.4,https://www.speedrun.com/users/8bitlord64
146,FlamedemonSR,No included runs,Canada,701.26,671.66,19.6,10,6,6,2,0,0,0,0,81.54,113.17,https://www.speedrun.com/users/FlamedemonSR
147,pacoistaco459,No included runs,United States,692.93,657.63,25.3,10,10,10,2,0,0,1,1,87.87,106.3,https://www.speedrun.com/users/pacoistaco459
148,2046,No included runs,Russia,688.92,661.03,17.89,10,5,5,2,0,0,0,0,76.34,150.6,https://www.speedrun.com/users/2046
149,Skeeter,No included runs,United States,682.18,638.18,24,20,9,9,3,0,0,0,0,87.74,171.33,https://www.speedrun.com/users/Skeeter
150,Tonmaiii,No included runs,Thailand,681.56,651.96,19.6,10,6,6,2,0,0,0,0,78.76,97.33,https://www.speedrun.com/users/Tonmaiii
151,lkai,,,677.75,648.15,19.6,10,6,6,2,0,0,0,0,79.22,131.33,https://www.speedrun.com/users/lkai
152,TheMightyGiantDad,No included runs,United States,675.02,645.42,19.6,10,6,4,2,0,0,1,1,72.67,45.33,https://www.speedrun.com/users/TheMightyGiantDad
153,lackattack,No included runs,United States,667.42,622.12,25.3,20,10,10,3,0,0,0,0,82.15,64.2,https://www.speedrun.com/users/lackattack
154,bhanxiao,No included runs,Taiwan,667.34,617.41,29.93,20,14,14,3,0,0,0,0,88.64,153.5,https://www.speedrun.com/users/bhanxiao
155,Allenbot,No included runs,Singapore,664.54,636.65,17.89,10,5,5,2,0,0,0,0,70.95,108.6,https://www.speedrun.com/users/Allenbot
156,crasyfingers,No included runs,Canada,661.77,588.79,32.98,40,17,17,5,1,2,5,13,85.35,60.88,https://www.speedrun.com/users/crasyfingers
157,SteeleDude42,No included runs,United States,660.78,631.18,19.6,10,6,6,2,0,0,2,2,72.61,81,https://www.speedrun.com/users/SteeleDude42
158,zekeSSB,No included runs,United States,660.72,629.55,21.17,10,7,7,2,0,0,0,0,80.13,108.57,https://www.speedrun.com/users/zekeSSB
159,BlamingSkill,No included runs,United States,653.18,627.18,16,10,4,4,2,0,0,0,0,70.18,113.25,https://www.speedrun.com/users/BlamingSkill
160,TleeBoy9000,No included runs,Canada,652.1,608.1,24,20,9,9,3,0,0,0,0,86.17,149.78,https://www.speedrun.com/users/TleeBoy9000
161,Windward6,No included runs,Finland,649.76,621.87,17.89,10,5,5,2,0,0,0,0,73.56,129.8,https://www.speedrun.com/users/Windward6
162,Multibeast,No included runs,United States,648.23,604.23,24,20,9,9,3,0,0,0,0,81.12,95.89,https://www.speedrun.com/users/Multibeast
163,VeganSlayerGaming,No included runs,United States,648.17,620.28,17.89,10,5,5,2,0,0,0,0,72.04,180.6,https://www.speedrun.com/users/VeganSlayerGaming
164,RealTPV,No included runs,United States,645.62,604.45,21.17,20,7,7,3,0,0,0,0,78.32,121.43,https://www.speedrun.com/users/RealTPV
165,HarrisonCheng,No included runs,United States,641.93,618.07,13.86,10,3,3,2,1,1,1,6,55.29,88,https://www.speedrun.com/users/HarrisonCheng
166,B1GEY3DPYTH0N,,,633.56,605.67,17.89,10,5,5,2,0,1,1,3,67.51,105.6,https://www.speedrun.com/users/B1GEY3DPYTH0N
167,__RomChik__,No included runs,Russia,633.26,605.37,17.89,10,5,5,2,0,0,0,0,71.7,159.8,https://www.speedrun.com/users/__RomChik__
168,jabahh,No included runs,Italy,627.12,601.12,16,10,4,4,2,0,0,0,0,68.54,146.75,https://www.speedrun.com/users/jabahh
169,reshia,No included runs,Finland,624.94,598.94,16,10,4,4,2,0,0,1,1,64.77,83,https://www.speedrun.com/users/reshia
170,Avriix,No included runs,North Korea,624.33,586.62,27.71,10,12,12,2,0,0,0,0,82.78,141.42,https://www.speedrun.com/users/Avriix
171,Ghyuty17,No included runs,United States,619.59,543.81,35.78,40,20,20,5,0,1,2,5,89.64,127.3,https://www.speedrun.com/users/Ghyuty17
172,sweets,No included runs,United States,617.52,586.35,21.17,10,7,7,2,0,0,1,1,73.61,128.86,https://www.speedrun.com/users/sweets
173,Mistermuffin,No included runs,United States,613.71,589.85,13.86,10,3,3,2,0,0,1,1,60.35,68.67,https://www.speedrun.com/users/Mistermuffin
174,burgerlands2,No included runs,United States,610.54,579.37,21.17,10,7,7,2,0,0,0,0,75.85,124.14,https://www.speedrun.com/users/burgerlands2
175,NickySteingraber_DOWN6,No included runs,United States,609.88,532.36,37.52,40,22,22,5,0,0,0,0,98.25,133.59,https://www.speedrun.com/users/NickySteingraber_DOWN6
176,Johny_Mandarino,,,609.72,545.9,43.82,20,30,30,3,0,1,6,8,95.5,76.33,https://www.speedrun.com/users/Johny_Mandarino
177,repuSoiraM,No included runs,United States,609.25,578.08,21.17,10,7,7,2,0,1,2,4,71.54,157.14,https://www.speedrun.com/users/repuSoiraM
178,Quaxon_,No included runs,Australia,607.62,581.62,16,10,4,4,2,0,0,0,0,67.21,150.75,https://www.speedrun.com/users/Quaxon_
179,osum,No included runs,United Kingdom,605.95,588.06,17.89,0,5,5,1,0,0,0,0,69.88,98.8,https://www.speedrun.com/users/osum
180,doctor_mustache,No included runs,United States,604.88,566.99,17.89,20,5,5,3,0,0,0,0,67.43,96.6,https://www.speedrun.com/users/doctor_mustache
181,Tree_05,No included runs,United States,603.42,579.56,13.86,10,3,3,2,0,0,2,2,57.32,13.67,https://www.speedrun.com/users/Tree_05
182,Pexxio,No included runs,Bulgaria,599.78,561.89,17.89,20,5,5,3,0,0,0,0,67.71,138.4,https://www.speedrun.com/users/Pexxio
183,KH28,No included runs,Turkey,599.39,568.22,21.17,10,7,7,2,0,0,0,0,77.93,171.43,https://www.speedrun.com/users/KH28
184,WoskiBoy,No included runs,Poland,599.24,571.35,17.89,10,5,5,2,0,0,0,0,69.58,168.2,https://www.speedrun.com/users/WoskiBoy
185,rcd333,No included runs,United States,593.6,544,19.6,30,6,6,4,0,0,1,1,64.94,93.33,https://www.speedrun.com/users/rcd333
186,IeF,No included runs,South Korea,589.94,563.94,16,10,4,4,2,0,0,0,0,63.83,91,https://www.speedrun.com/users/IeF
187,Run123er,No included runs,United States,588.56,558.96,19.6,10,6,6,2,0,0,0,0,71.83,164.17,https://www.speedrun.com/users/Run123er
188,TwisterCuber,No included runs,United States,587.91,560.02,17.89,10,5,5,2,0,0,0,0,69.48,163.6,https://www.speedrun.com/users/TwisterCuber
189,Lolo_30,No included runs,Switzerland,580.64,541.04,19.6,20,6,6,3,0,0,1,1,69.16,159.17,https://www.speedrun.com/users/Lolo_30
190,Fish_Noob,No included runs,Hong Kong,575.23,539.23,16,20,4,4,3,0,0,0,0,62.8,133.25,https://www.speedrun.com/users/Fish_Noob
191,Hasauce,No included runs,Canada,565.94,528.05,17.89,20,5,5,3,0,0,0,0,64.3,119.8,https://www.speedrun.com/users/Hasauce
192,Water_is_wet05,No included runs,United States,565.73,537.84,17.89,10,5,5,2,0,0,0,0,64.49,135,https://www.speedrun.com/users/Water_is_wet05
193,PMniac,No included runs,Portugal,558.73,507.56,21.17,30,7,7,4,0,0,2,2,62.68,72.71,https://www.speedrun.com/users/PMniac
194,Sadler,No included runs,Italy,545.49,527.6,17.89,0,5,5,1,0,0,0,0,65.34,137.4,https://www.speedrun.com/users/Sadler
195,stratsboneless,No included runs,United States,545.35,521.49,13.86,10,3,3,2,0,0,0,0,55.94,72.33,https://www.speedrun.com/users/stratsboneless
196,Mitsuthecat123,No included runs,United States,533.49,509.63,13.86,10,3,3,2,0,0,0,0,56.17,138.67,https://www.speedrun.com/users/Mitsuthecat123
197,caleb2112,No included runs,United States,533.4,493.8,19.6,20,6,6,3,0,0,0,0,59.69,125.67,https://www.speedrun.com/users/caleb2112
198,Muge,No included runs,Finland,530.31,506.45,13.86,10,3,3,2,0,0,0,0,54.8,64.33,https://www.speedrun.com/users/Muge
199,Maximum,No included runs,United States,527.44,501.44,16,10,4,3,2,0,0,1,1,54.49,48,https://www.speedrun.com/users/Maximum
200,MW_65536,No included runs,Japan,525.25,501.39,13.86,10,3,3,2,0,0,3,3,48.85,7.33,https://www.speedrun.com/users/MW_65536
201,nickj109,No included runs,United States,524.55,475.71,28.84,20,13,13,3,0,0,1,1,72.96,92.92,https://www.speedrun.com/users/nickj109
202,Echon,No included runs,United States,523.82,491.19,22.63,10,8,8,2,0,0,0,0,64.27,116.38,https://www.speedrun.com/users/Echon
203,silvasispobreta,No included runs,Brazil,523.79,499.93,13.86,10,3,3,2,0,0,0,0,54.5,72,https://www.speedrun.com/users/silvasispobreta
204,Sorachinn,No included runs,Japan,521.54,491.94,19.6,10,6,5,2,0,0,0,0,57.19,45.17,https://www.speedrun.com/users/Sorachinn
205,pumpitendo,No included runs,United States,517.63,489.74,17.89,10,5,5,2,0,1,1,4,58.91,174.2,https://www.speedrun.com/users/pumpitendo
206,Giovapro7YT,No included runs,Spain,511.98,475.98,16,20,4,4,3,0,0,0,0,56.89,154,https://www.speedrun.com/users/Giovapro7YT
207,q9_l,No included runs,China,509.16,479.56,19.6,10,6,6,2,0,0,0,0,64.23,185,https://www.speedrun.com/users/q9_l
208,Elohzee,No included runs,United States,505.75,477.86,17.89,10,5,5,2,0,0,0,0,61.19,194.4,https://www.speedrun.com/users/Elohzee
209,ultra_exists,No included runs,Ireland,503.08,475.19,17.89,10,5,5,2,0,1,1,4,48.02,120.2,https://www.speedrun.com/users/ultra_exists
210,QDog422,No included runs,United States,492.33,464.44,17.89,10,5,5,2,0,0,0,0,58.55,131.4,https://www.speedrun.com/users/QDog422
211,CrabbyCrab101,,,486.2,462.34,13.86,10,3,3,2,0,0,0,0,52,104.67,
212,Kryisu,No included runs,United States,484.81,460.95,13.86,10,3,3,2,0,0,0,0,53.01,169.33,https://www.speedrun.com/users/Kryisu
213,Glitchman24,,,484.55,466.66,17.89,0,5,5,1,0,0,1,1,56.5,79.4,
214,tjk,,,483.41,440.78,22.63,20,8,8,3,0,0,0,0,64.02,142.5,https://www.speedrun.com/users/tjk
215,bichitoceleste,No included runs,Argentina,482.05,454.16,17.89,10,5,5,2,0,0,0,0,60.32,201.6,https://www.speedrun.com/users/bichitoceleste
216,Billy_bongsalot,No included runs,Canada,479.18,446.55,22.63,10,8,8,2,0,0,0,0,64.6,178.25,https://www.speedrun.com/users/Billy_bongsalot
217,Mingura666,No included runs,Mexico,479.05,400.68,38.37,40,23,23,5,0,0,0,0,78.59,139.48,https://www.speedrun.com/users/Mingura666
218,YourFreeChicken,No included runs,United States,476.37,452.51,13.86,10,3,3,2,0,0,0,0,51.41,109.67,https://www.speedrun.com/users/YourFreeChicken
219,hitzcritz,,,476.32,452.46,13.86,10,3,3,2,0,1,1,4,46.15,86.67,https://www.speedrun.com/users/hitzcritz
220,Liqquify,No included runs,Chile,475.34,461.48,13.86,0,3,3,1,0,0,0,0,51.65,91,https://www.speedrun.com/users/Liqquify
221,retyturt,No included runs,United States,472.64,446.64,16,10,4,4,2,0,0,0,0,52.8,163.5,https://www.speedrun.com/users/retyturt
222,yaranaioo13,No included runs,Japan,470.34,430.74,19.6,20,6,6,3,0,0,0,0,60.48,200,https://www.speedrun.com/users/yaranaioo13
223,MakiJ,No included runs,Taiwan,469.43,445.57,13.86,10,3,3,2,0,0,0,0,48.17,31.67,https://www.speedrun.com/users/MakiJ
224,TobiiSR,No included runs,Austria,466.17,442.31,13.86,10,3,3,2,0,0,0,0,51.04,148,https://www.speedrun.com/users/TobiiSR
225,hdcs,No included runs,China,465.82,441.96,13.86,10,3,3,2,0,0,0,0,51.71,211.67,https://www.speedrun.com/users/hdcs
226,Ayoub,No included runs,Morocco,464.41,438.41,16,10,4,4,2,0,0,0,0,56.86,273.75,https://www.speedrun.com/users/Ayoub
227,Thiagothespeedrunner,No included runs,Peru,463.69,417.03,36.66,10,21,21,2,0,0,1,1,76.37,122.57,https://www.speedrun.com/users/Thiagothespeedrunner
228,SMBistic,No included runs,Philippines,462.98,435.09,17.89,10,5,5,2,0,0,0,0,55.74,218.8,https://www.speedrun.com/users/SMBistic
229,stovul,No included runs,United States,462.91,436.91,16,10,4,4,2,0,0,0,0,53.95,144,https://www.speedrun.com/users/stovul
230,zdoroviy_antony,No included runs,Ukraine,461.62,428.99,22.63,10,8,8,2,0,0,0,0,62.94,186.75,https://www.speedrun.com/users/zdoroviy_antony
231,YouKnowJimbo,No included runs,United States,455.18,429.18,16,10,4,4,2,0,0,0,0,51.85,121.75,https://www.speedrun.com/users/YouKnowJimbo
232,ItzFallenFly,No included runs,Russia,454.72,428.72,16,10,4,4,2,0,0,0,0,54.61,203.25,https://www.speedrun.com/users/ItzFallenFly
233,GreenDeathFlavor,No included runs,United States,454.01,416.12,17.89,20,5,5,3,0,0,1,1,49.63,135,https://www.speedrun.com/users/GreenDeathFlavor
234,IluvMario,No included runs,United States,453.77,429.91,13.86,10,3,3,2,0,0,0,0,47.8,152,https://www.speedrun.com/users/IluvMario
235,10ooki,No included runs,United States,453.14,425.25,17.89,10,5,5,2,0,0,0,0,55.98,165.2,https://www.speedrun.com/users/10ooki
236,Equan,No included runs,Canada,452.56,426.56,16,10,4,4,2,0,0,0,0,53.06,154,https://www.speedrun.com/users/Equan
237,electricpants,No included runs,United States,448.08,416.91,21.17,10,7,7,2,0,0,0,0,60.4,245.29,https://www.speedrun.com/users/electricpants
238,Arnef,No included runs,Poland,444.43,416.54,17.89,10,5,5,2,0,0,0,0,55.43,189.8,https://www.speedrun.com/users/Arnef
239,moistx,No included runs,Canada,443.41,390.78,22.63,30,8,8,4,0,0,2,2,55.02,99.38,https://www.speedrun.com/users/moistx
240,DaTroll18,No included runs,Ireland,442.09,402.49,19.6,20,6,6,3,0,0,0,0,52.25,181.67,https://www.speedrun.com/users/DaTroll18
241,NT_x86,No included runs,Lithuania,441.48,420.17,11.31,10,2,2,2,0,0,0,0,42.88,38.5,https://www.speedrun.com/users/NT_x86
242,Protonix07,No included runs,India,440.14,414.14,16,10,4,4,2,0,0,0,0,53.64,246.75,https://www.speedrun.com/users/Protonix07
243,iceball8314,No included runs,United States,439.95,403.95,16,20,4,4,3,0,0,0,0,51.46,161,https://www.speedrun.com/users/iceball8314
244,gomadare0000,No included runs,Japan,438.99,412.99,16,10,4,4,2,0,0,0,0,50.66,127.5,https://www.speedrun.com/users/gomadare0000
245,Gisan,No included runs,Germany,438.83,382.3,26.53,30,11,11,4,0,0,1,1,54.34,45.18,https://www.speedrun.com/users/Gisan
246,Rodr1go7,No included runs,Portugal,438.61,394.61,24,20,9,9,3,0,0,2,2,56.54,63.33,https://www.speedrun.com/users/Rodr1go7
247,Willster,No included runs,United States,437.6,394.97,22.63,20,8,8,3,0,0,0,0,55.53,100.13,https://www.speedrun.com/users/Willster
248,Kuto1k,No included runs,Australia,437.59,416.28,11.31,10,2,2,2,0,0,0,0,42.63,26,https://www.speedrun.com/users/Kuto1k
249,hidaryP,No included runs,Japan,435.93,424.62,11.31,0,2,2,1,0,0,1,1,42.36,39.5,https://www.speedrun.com/users/hidaryP
250,VGCadet,No included runs,United States,431.67,403.78,17.89,10,5,5,2,0,0,0,0,56.81,239.8,https://www.speedrun.com/users/VGCadet
251,Sawyer0622,No included runs,United States,431.3,407.44,13.86,10,3,3,2,0,0,0,0,48.26,164,https://www.speedrun.com/users/Sawyer0622
252,ensn,No included runs,Germany,430.36,400.76,19.6,10,6,6,2,0,0,0,0,57.38,230.83,https://www.speedrun.com/users/ensn
253,WuFenQingMi,No included runs,China,428.13,404.27,13.86,10,3,3,2,0,0,1,1,44.01,77.67,https://www.speedrun.com/users/WuFenQingMi
254,TheElderSpork,No included runs,United States,427.17,383.17,24,20,9,9,3,0,0,0,0,60.27,152,https://www.speedrun.com/users/TheElderSpork
255,DiamondCandy,No included runs,China,424.43,394.83,19.6,10,6,6,2,0,0,0,0,53.63,212.83,https://www.speedrun.com/users/DiamondCandy
256,Literally_Legendary,No included runs,United States,423.79,385.9,17.89,20,5,5,3,0,0,1,1,51.83,182,https://www.speedrun.com/users/Literally_Legendary
257,GrantLambert,,,419.38,405.52,13.86,0,3,3,1,0,0,0,0,46.72,117.67,https://www.speedrun.com/users/GrantLambert
258,stake73,No included runs,United States,418.77,397.46,11.31,10,2,2,2,0,0,0,0,41.5,76,https://www.speedrun.com/users/stake73
259,leolin,No included runs,Taiwan,415.71,376.11,19.6,20,6,6,3,0,0,0,0,53.94,119.17,https://www.speedrun.com/users/leolin
260,CullenC,No included runs,United States,415.6,389.6,16,10,4,4,2,0,0,0,0,51.56,254,https://www.speedrun.com/users/CullenC
261,zsjetu9,No included runs,Antarctica,412.67,383.07,19.6,10,6,6,2,0,0,0,0,50.85,230.83,https://www.speedrun.com/users/zsjetu9
262,ItsPietroFelix,No included runs,Brazil,410.99,384.99,16,10,4,4,2,0,0,0,0,49.32,293,https://www.speedrun.com/users/ItsPietroFelix
263,Picante,No included runs,United States,410.58,382.69,17.89,10,5,5,2,0,0,2,2,43.99,15.2,https://www.speedrun.com/users/Picante
264,maibaRTA,No included runs,Japan,408.55,384.69,13.86,10,3,3,2,0,0,1,1,42.39,111.33,https://www.speedrun.com/users/maibaRTA
265,LarviStar,No included runs,United States,407.58,369.69,17.89,20,5,5,3,0,0,0,0,48.96,160,https://www.speedrun.com/users/LarviStar
266,Philhcks,No included runs,Germany,407.15,383.29,13.86,10,3,3,2,0,0,0,0,46.48,189,https://www.speedrun.com/users/Philhcks
267,kaku52,No included runs,Japan,405.27,369.97,25.3,10,10,8,2,0,0,2,2,52.22,93.1,https://www.speedrun.com/users/kaku52
268,TheHaxor,No included runs,United States,404.57,393.26,11.31,0,2,2,1,0,0,0,0,41.01,58,https://www.speedrun.com/users/TheHaxor
269,ZaF2030,No included runs,United States,403.64,365.75,17.89,20,5,5,3,0,0,0,0,51.69,276.2,https://www.speedrun.com/users/ZaF2030
270,stewie_cartman,No included runs,United States,403.55,365.66,17.89,20,5,5,3,0,0,1,1,46.69,134,https://www.speedrun.com/users/stewie_cartman
271,threecreepio,No included runs,Sweden,402.34,391.03,11.31,0,2,2,1,0,0,0,0,40.87,59.5,https://www.speedrun.com/users/threecreepio
272,Tole,No included runs,Canada,401.23,389.92,11.31,0,2,2,1,0,0,0,0,40.78,49,https://www.speedrun.com/users/Tole
273,TheRoolanderJr,No included runs,United States,400.4,379.09,11.31,10,2,2,2,0,0,0,0,40.26,63,https://www.speedrun.com/users/TheRoolanderJr
274,warpedclip,No included runs,United States,397.27,371.27,16,10,4,4,2,0,0,0,0,45.82,316.75,https://www.speedrun.com/users/warpedclip
275,Pouilli,No included runs,Québec,397.25,369.36,17.89,10,5,5,2,0,0,0,0,50.14,209.4,https://www.speedrun.com/users/Pouilli
276,Crescendo,No included runs,United States,396.18,368.29,17.89,10,5,5,2,1,1,1,6,46.92,184.4,https://www.speedrun.com/users/Crescendo
277,JoshKeys,,,393.9,361.27,22.63,10,8,8,2,0,0,2,2,50.09,290.88,https://www.speedrun.com/users/JoshKeys
278,jiexila,No included runs,China,392.91,371.6,11.31,10,2,2,2,0,0,0,0,39.88,104,https://www.speedrun.com/users/jiexila
279,HorseDad,No included runs,Antarctica,391.76,365.76,16,10,4,4,2,0,0,0,0,45.4,147.5,https://www.speedrun.com/users/HorseDad
280,Na_Brawl27,No included runs,Belgium,391.68,367.82,13.86,10,3,3,2,0,0,0,0,46.04,254.67,https://www.speedrun.com/users/Na_Brawl27
281,limestoners,No included runs,United States,391.11,353.22,17.89,20,5,5,3,0,0,0,0,51.19,247,https://www.speedrun.com/users/limestoners
282,12Vector34,No included runs,United States,389.16,365.3,13.86,10,3,3,2,0,0,0,0,42.79,105.33,https://www.speedrun.com/users/12Vector34
283,squarerootofsheep,No included runs,United States,388.32,362.32,16,10,4,4,2,0,0,0,0,50.09,297.5,https://www.speedrun.com/users/squarerootofsheep
284,Binski48,No included runs,Canada,383.89,362.58,11.31,10,2,2,2,0,0,0,0,39.29,154,https://www.speedrun.com/users/Binski48
285,Flightflig,No included runs,United States,382.98,359.12,13.86,10,3,3,2,0,0,0,0,44.6,234.33,https://www.speedrun.com/users/Flightflig
286,loafofbred98,No included runs,United States,380.71,354.71,16,10,4,4,2,0,0,0,0,46.94,142.75,https://www.speedrun.com/users/loafofbred98
287,soupbloop,No included runs,United States,378.85,340.96,17.89,20,5,5,3,0,0,0,0,46.99,199.2,https://www.speedrun.com/users/soupbloop
288,ProNoahh,No included runs,United States,377.73,349.84,17.89,10,5,5,2,0,0,0,0,47.25,124.2,https://www.speedrun.com/users/ProNoahh
289,LegoMyEggo_77,No included runs,United States,376.37,355.06,11.31,10,2,2,2,0,0,0,0,38.74,105,https://www.speedrun.com/users/LegoMyEggo_77
290,mav6771,No included runs,United States,374.73,326.84,17.89,30,5,5,4,0,0,0,0,41.86,76.8,https://www.speedrun.com/users/mav6771
291,DodgemasterDooley,No included runs,United States,370.9,290.11,40.79,40,26,26,5,0,0,3,3,62.65,98.92,https://www.speedrun.com/users/DodgemasterDooley
292,VolcoPlays,No included runs,Australia,369.87,338.7,21.17,10,7,7,2,0,0,0,0,52.25,273.86,https://www.speedrun.com/users/VolcoPlays
293,RetroTimes,No included runs,Philippines,369.33,343.33,16,10,4,4,2,0,0,0,0,45.53,169.25,https://www.speedrun.com/users/RetroTimes
294,JetPlayzMC,No included runs,Philippines,368.59,340.7,17.89,10,5,5,2,0,0,0,0,49.28,329,https://www.speedrun.com/users/JetPlayzMC
295,StuckInAPlate,No included runs,United States,365.15,343.84,11.31,10,2,2,2,0,0,0,0,36.86,65,https://www.speedrun.com/users/StuckInAPlate
296,Leendore,No included runs,United States,363.83,342.52,11.31,10,2,2,2,0,1,1,3,33.75,91,https://www.speedrun.com/users/Leendore
297,rosswhy,No included runs,United States,363.48,320.85,22.63,20,8,8,3,0,0,0,0,54.05,200.88,https://www.speedrun.com/users/rosswhy
298,baXschi,No included runs,Germany,362.11,330.94,21.17,10,7,7,2,0,0,1,1,48.44,167.57,https://www.speedrun.com/users/baXschi
299,95PerSent,No included runs,Albania,359.96,336.1,13.86,10,3,3,2,0,0,0,0,41.18,174,https://www.speedrun.com/users/95PerSent
300,pi3point14,No included runs,United States,359.86,336,13.86,10,3,3,2,0,0,0,0,39.36,119.33,https://www.speedrun.com/users/pi3point14
301,winbag4,No included runs,United States,358.06,346.75,11.31,0,2,2,1,0,0,0,0,37.86,105,https://www.speedrun.com/users/winbag4
302,BurgerFan27,No included runs,United States,357.66,306.49,21.17,30,7,7,4,0,0,0,0,44.92,172.86,https://www.speedrun.com/users/BurgerFan27
303,jmisugi,No included runs,Spain,357.02,327.42,19.6,10,6,6,2,0,0,0,0,50.65,246,https://www.speedrun.com/users/jmisugi
304,Empoleon,No included runs,United States,356.61,345.3,11.31,0,2,2,1,0,0,0,0,37.8,123,https://www.speedrun.com/users/Empoleon
305,Nagol64m,No included runs,United States,356.34,332.48,13.86,10,3,3,2,0,0,0,0,40.26,128.33,https://www.speedrun.com/users/Nagol64m
306,bissmark,No included runs,Canada,355.66,341.8,13.86,0,3,3,1,0,0,0,0,41.86,141,https://www.speedrun.com/users/bissmark
307,hotarubi_ta,No included runs,Japan,355.28,329.28,16,10,4,4,2,0,0,0,0,39.42,34.75,https://www.speedrun.com/users/hotarubi_ta
308,LucasWiese6,No included runs,Germany,355.09,297.38,27.71,30,12,12,4,0,0,0,0,54.94,237.08,https://www.speedrun.com/users/LucasWiese6
309,londonb415,No included runs,Japan,355,327.11,17.89,10,5,5,2,0,1,4,6,35.23,17.8,https://www.speedrun.com/users/londonb415
310,averagespeedru,No included runs,Ireland,353.02,323.42,19.6,10,6,6,2,0,0,0,0,52.32,285.67,https://www.speedrun.com/users/averagespeedru
311,KilleDragon,No included runs,Basque Country,352.87,320.24,22.63,10,8,8,2,0,0,1,1,48.06,214.25,https://www.speedrun.com/users/KilleDragon
312,100COOKIES,No included runs,United States,352.75,328.89,13.86,10,3,3,2,0,0,0,0,40.01,138.33,https://www.speedrun.com/users/100COOKIES
313,Sieverts,No included runs,Canada,352.31,331,11.31,10,2,2,2,0,0,0,0,37.03,128,https://www.speedrun.com/users/Sieverts
314,Darpey,No included runs,United States,352.28,326.28,16,10,4,4,2,0,0,0,0,41.73,190.25,https://www.speedrun.com/users/Darpey
315,wes,No included runs,Japan,349.4,328.09,11.31,10,2,2,2,0,0,0,0,37.05,212.5,https://www.speedrun.com/users/wes
316,meanfaceearl,No included runs,United States,347.82,323.96,13.86,10,3,3,2,0,0,0,0,40.13,199,https://www.speedrun.com/users/meanfaceearl
317,sowinotsowi,No included runs,Philippines,344.09,320.23,13.86,10,3,3,2,0,0,0,0,41.35,236.67,https://www.speedrun.com/users/sowinotsowi
318,javignacio,No included runs,Chile,343.65,295.76,17.89,30,5,5,4,0,0,0,0,42.69,161.8,https://www.speedrun.com/users/javignacio
319,Linoke,No included runs,Germany,343.08,310.45,22.63,10,8,8,2,0,0,0,0,50.61,252.25,https://www.speedrun.com/users/Linoke
320,drimys,No included runs,United States,342.06,309.43,22.63,10,8,8,2,0,0,0,0,53.48,283.25,https://www.speedrun.com/users/drimys
321,JulianDNS,No included runs,Colombia,341.41,317.55,13.86,10,3,3,2,0,0,0,0,39.19,131,https://www.speedrun.com/users/JulianDNS
322,natgoesfast,No included runs,Québec,340.52,314.52,16,10,4,4,2,0,0,0,0,42.35,232,https://www.speedrun.com/users/natgoesfast
323,SusGamer3208,No included runs,Germany,339.16,307.99,21.17,10,7,7,2,0,0,1,1,47.08,243,https://www.speedrun.com/users/SusGamer3208
324,stevenjocker,No included runs,Taiwan,338.44,327.13,11.31,0,2,2,1,0,0,0,0,36.73,222,https://www.speedrun.com/users/stevenjocker
325,cpt32,No included runs,China,337.2,307.6,19.6,10,6,6,2,0,0,0,0,43.06,208.33,https://www.speedrun.com/users/cpt32
326,Nicholas_7r,No included runs,United States,333.13,301.96,21.17,10,7,7,2,0,0,0,0,50.56,214.86,https://www.speedrun.com/users/Nicholas_7r
327,BigJon,No included runs,United States,332.57,298.57,24,10,9,9,2,0,1,6,8,37.43,9.44,https://www.speedrun.com/users/BigJon
328,bchelf,No included runs,United States,332.25,308.39,13.86,10,3,3,2,0,0,0,0,35.73,133,https://www.speedrun.com/users/bchelf
329,chickenboss36,No included runs,United States,330.89,309.58,11.31,10,2,2,2,0,0,0,0,36.41,264.5,https://www.speedrun.com/users/chickenboss36
330,Millionth_Jack,No included runs,United States,329.19,305.33,13.86,10,3,3,2,0,0,0,0,40.32,349,https://www.speedrun.com/users/Millionth_Jack
331,Baddap1,No included runs,Chile,328.91,305.05,13.86,10,3,3,2,0,0,0,0,39.91,253.67,https://www.speedrun.com/users/Baddap1
332,dodtrot4,,,328.51,307.2,11.31,10,2,2,2,0,0,0,0,35.66,239.5,https://www.speedrun.com/users/dodtrot4
333,HIKARU,No included runs,South Korea,322.36,278.36,24,20,9,9,3,0,0,1,1,48.77,137.56,https://www.speedrun.com/users/HIKARU
334,ohon,No included runs,Japan,321.97,300.66,11.31,10,2,2,2,0,0,0,0,32.63,87,https://www.speedrun.com/users/ohon
335,Nev09,No included runs,Finland,320.78,299.47,11.31,10,2,2,2,0,0,0,0,35.03,290,https://www.speedrun.com/users/Nev09
336,Zzz_pc,No included runs,Japan,319.84,295.98,13.86,10,3,3,2,0,0,1,1,32.95,27.67,https://www.speedrun.com/users/Zzz_pc
337,Pladask,No included runs,Norway,317.09,283.23,13.86,20,3,3,3,0,0,1,1,33.43,89.67,https://www.speedrun.com/users/Pladask
338,skyler948,No included runs,United States,316.29,288.4,17.89,10,5,5,2,0,0,0,0,42.61,310.2,https://www.speedrun.com/users/skyler948
339,Koopaoto,No included runs,United States,315.81,304.5,11.31,0,2,2,1,0,0,1,1,32.94,179,https://www.speedrun.com/users/Koopaoto
340,esmo88,No included runs,United States,315.73,289.73,16,10,4,4,2,0,0,0,0,40.43,197.75,https://www.speedrun.com/users/esmo88
341,KvinNau,,,312.6,283,19.6,10,6,6,2,0,0,0,0,45.12,247,https://www.speedrun.com/users/KvinNau
342,abrahamw999,No included runs,United States,312.34,288.48,13.86,10,3,3,2,0,0,0,0,39.49,377,https://www.speedrun.com/users/abrahamw999
343,Billybob157,No included runs,United States,309.15,283.15,16,10,4,4,2,0,0,0,0,41.54,358.5,https://www.speedrun.com/users/Billybob157
344,Luvbaseball58,No included runs,United States,307.59,261.06,26.53,20,11,11,3,0,0,0,0,49.9,204.55,https://www.speedrun.com/users/Luvbaseball58
345,JonsNerdRage,No included runs,United States,307.49,267.89,19.6,20,6,6,3,0,0,2,2,42.28,206.5,https://www.speedrun.com/users/JonsNerdRage
346,shar63,No included runs,Russia,306.83,285.52,11.31,10,2,2,2,0,0,0,0,33.93,215,https://www.speedrun.com/users/shar63
347,speedchess,,,306.26,284.95,11.31,10,2,2,2,0,0,0,0,34.51,371,https://www.speedrun.com/users/speedchess
348,JohnBarosa,No included runs,United States,300.92,277.06,13.86,10,3,3,2,0,0,0,0,38.48,451.67,https://www.speedrun.com/users/JohnBarosa
349,Jack_R,No included runs,United States,300.29,278.98,11.31,10,2,2,2,0,0,0,0,33.42,223.5,https://www.speedrun.com/users/Jack_R
350,SUNNYblue,No included runs,Taiwan,299.28,258.11,21.17,20,7,7,3,0,0,0,0,47.08,282.43,https://www.speedrun.com/users/SUNNYblue
351,KevinD3Large,No included runs,Colombia,299.19,273.19,16,10,4,4,2,0,0,0,0,40.45,376,https://www.speedrun.com/users/KevinD3Large
352,Omar,No included runs,United States,298.88,260.99,17.89,20,5,5,3,0,0,0,0,41.22,290.4,https://www.speedrun.com/users/Omar
353,DaDonch44,No included runs,United States,298.71,282.71,16,0,4,4,1,0,0,0,0,37.94,208.25,https://www.speedrun.com/users/DaDonch44
354,skyehoppers,No included runs,United States,297.88,284.02,13.86,0,3,3,1,0,0,0,0,37.1,228.33,https://www.speedrun.com/users/skyehoppers
355,cameron_i_guess,No included runs,United States,297.28,269.39,17.89,10,5,5,2,0,0,0,0,39.88,339,https://www.speedrun.com/users/cameron_i_guess
356,Vireth,No included runs,France,296.92,275.61,11.31,10,2,2,2,0,0,0,0,33.2,232,https://www.speedrun.com/users/Vireth
357,Tadcoco,No included runs,United States,296.66,275.35,11.31,10,2,2,2,0,0,0,0,33.39,262,https://www.speedrun.com/users/Tadcoco
358,iLifeline1,No included runs,United States,296.36,275.05,11.31,10,2,2,2,0,0,0,0,33.72,401,https://www.speedrun.com/users/iLifeline1
359,mruns,No included runs,Mexico,296.14,278.25,17.89,0,5,5,1,0,0,1,1,38.95,128.4,https://www.speedrun.com/users/mruns
360,Asierc1703,No included runs,Spain,294.78,270.92,13.86,10,3,3,2,0,0,0,0,37.5,350.67,https://www.speedrun.com/users/Asierc1703
361,TribilinPlays,No included runs,Uzbekistan,294.43,254.83,19.6,20,6,6,3,0,0,2,2,39.34,226.17,https://www.speedrun.com/users/TribilinPlays
362,hamakawaii,No included runs,United States,294.31,266.42,17.89,10,5,5,2,0,0,0,0,40.35,200.2,https://www.speedrun.com/users/hamakawaii
363,Cokalhado,No included runs,Brazil,293.74,282.43,11.31,0,2,2,1,0,0,0,0,33.46,198,https://www.speedrun.com/users/Cokalhado
364,Summoningsalt,No included runs,United States,293.27,281.96,11.31,0,2,2,1,0,0,0,0,33.13,177.5,https://www.speedrun.com/users/Summoningsalt
365,ymgc,No included runs,Japan,292.38,266.38,16,10,4,4,2,0,0,0,0,34.68,35,https://www.speedrun.com/users/ymgc
366,Lord_SpaceCadet,No included runs,United States,290.62,269.31,11.31,10,2,2,2,0,0,0,0,32.78,248,https://www.speedrun.com/users/Lord_SpaceCadet
367,brunob2004,No included runs,Brazil,290.51,264.51,16,10,4,4,2,0,0,0,0,39.09,351.5,https://www.speedrun.com/users/brunob2004
368,CyanogenSm64,No included runs,Uzbekistan,290.44,269.13,11.31,10,2,2,2,0,0,0,0,29.51,42.5,https://www.speedrun.com/users/CyanogenSm64
369,Oshiruko_RTA,No included runs,Japan,290.34,245.04,25.3,20,10,10,3,0,0,0,0,47.51,218.4,https://www.speedrun.com/users/Oshiruko_RTA
370,LeoTheFeeder,No included runs,Greece,290.31,260.71,19.6,10,6,6,2,0,0,0,0,43.19,254.33,https://www.speedrun.com/users/LeoTheFeeder
371,Carancool,No included runs,France,288.87,250.98,17.89,20,5,5,3,0,0,0,0,34.63,335,https://www.speedrun.com/users/Carancool
372,Gigawatt88mph,No included runs,United States,287.37,266.06,11.31,10,2,2,2,0,0,0,0,33.12,411,https://www.speedrun.com/users/Gigawatt88mph
373,Forkman,,,286.35,265.04,11.31,10,2,2,2,0,0,0,0,32.49,259,https://www.speedrun.com/users/Forkman
374,Engage,No included runs,France,286.23,264.92,11.31,10,2,2,2,0,0,0,0,32.21,237,https://www.speedrun.com/users/Engage
375,_SSoup,No included runs,Israel,286.2,262.34,13.86,10,3,3,2,0,0,0,0,33.37,384.33,https://www.speedrun.com/users/_SSoup
376,DevRay,No included runs,England,286.12,262.26,13.86,10,3,3,2,0,0,0,0,36.95,317.33,https://www.speedrun.com/users/DevRay
377,zayspeedruns,No included runs,United States,285.62,264.31,11.31,10,2,2,2,0,0,0,0,32.06,232,https://www.speedrun.com/users/zayspeedruns
378,Avid_Ames,No included runs,United States,284.18,272.87,11.31,0,2,2,1,0,0,0,0,32.13,179,https://www.speedrun.com/users/Avid_Ames
379,HarrisonSR_,No included runs,Canada,283.69,272.38,11.31,0,2,2,1,0,0,0,0,32.9,272,https://www.speedrun.com/users/HarrisonSR_
380,ChillprizzzSB,No included runs,India,282.56,261.25,11.31,10,2,2,2,0,0,0,0,32.75,330.5,https://www.speedrun.com/users/ChillprizzzSB
381,Mondii,No included runs,Finland,282.26,260.95,11.31,10,2,2,2,0,0,0,0,31.95,247,https://www.speedrun.com/users/Mondii
382,COOLKID,No included runs,Sweden,282.08,260.77,11.31,10,2,2,2,0,0,0,0,30.51,135.5,https://www.speedrun.com/users/COOLKID
383,robjbeasley,No included runs,United Kingdom,281.28,269.97,11.31,0,2,2,1,0,0,0,0,32.72,239,https://www.speedrun.com/users/robjbeasley
384,raids_shine,No included runs,Japan,281,220.02,30.98,30,15,15,4,0,0,1,1,41.57,184.27,https://www.speedrun.com/users/raids_shine
385,Wen0426TW,No included runs,Taiwan,280.46,256.6,13.86,10,3,3,2,0,0,0,0,35.32,280.67,https://www.speedrun.com/users/Wen0426TW
386,Majoog,No included runs,South Korea,279.65,268.34,11.31,0,2,2,1,0,0,0,0,32.31,212,https://www.speedrun.com/users/Majoog
387,JoeTG9,,,278.85,254.99,13.86,10,3,3,2,0,0,0,0,35.32,404.33,https://www.speedrun.com/users/JoeTG9
388,AsaadNordien,No included runs,South Africa,277.47,256.16,11.31,10,2,2,2,0,0,0,0,32.4,344.5,https://www.speedrun.com/users/AsaadNordien
389,Oknytt1,No included runs,Sweden,277.32,256.01,11.31,10,2,2,2,0,0,0,0,32.54,397,https://www.speedrun.com/users/Oknytt1
390,sYn,No included runs,United States,277.27,229.38,17.89,30,5,5,4,0,0,1,1,35.81,212.2,https://www.speedrun.com/users/sYn
391,OldschoolRich,No included runs,Sweden,276.69,265.38,11.31,0,2,2,1,0,0,0,0,32.54,288,https://www.speedrun.com/users/OldschoolRich
392,Fleabetto,No included runs,Italy,275.85,261.99,13.86,0,3,3,1,0,0,0,0,34.36,266.33,https://www.speedrun.com/users/Fleabetto
393,seruran_blue,No included runs,Japan,273.86,244.26,19.6,10,6,6,2,0,0,1,1,39.1,194.83,https://www.speedrun.com/users/seruran_blue
394,MrTim131,No included runs,United States,273.82,249.96,13.86,10,3,3,2,0,0,1,1,28.39,57.33,https://www.speedrun.com/users/MrTim131
395,Gekki,No included runs,Netherlands,273.27,249.41,13.86,10,3,3,2,0,0,0,0,32.61,350.67,https://www.speedrun.com/users/Gekki
396,CharlieJohn,No included runs,United States,272.49,185.84,46.65,40,34,34,5,0,0,1,1,52.08,121.94,https://www.speedrun.com/users/CharlieJohn
397,faulteroyy,No included runs,Canada,272.24,242.64,19.6,10,6,6,2,0,0,1,1,37.45,172.83,https://www.speedrun.com/users/faulteroyy
398,staticgerbilg2,No included runs,Australia,271.85,242.25,19.6,10,6,6,2,0,0,0,0,38.73,173.67,https://www.speedrun.com/users/staticgerbilg2
399,Morbster,No included runs,United States,271.57,260.26,11.31,0,2,2,1,0,0,0,0,32.15,284,https://www.speedrun.com/users/Morbster
400,DoritoBreath,No included runs,United States,268.92,247.61,11.31,10,2,2,2,0,0,0,0,31.29,305,https://www.speedrun.com/users/DoritoBreath
401,luigi100,No included runs,Poland,268.41,257.1,11.31,0,2,2,1,0,0,0,0,30.25,206,https://www.speedrun.com/users/luigi100
402,RVillatoro,No included runs,El Salvador,268.37,247.06,11.31,10,2,2,2,0,0,0,0,31.8,433,https://www.speedrun.com/users/RVillatoro
403,jatloe,No included runs,United States,267.27,227.67,19.6,20,6,6,3,0,0,0,0,39.87,374.83,https://www.speedrun.com/users/jatloe
404,owlyson,No included runs,Canada,267.22,243.36,13.86,10,3,3,2,0,0,1,1,30.8,147.67,https://www.speedrun.com/users/owlyson
405,50percentgaming,No included runs,United States,267.11,231.11,16,20,4,4,3,0,0,0,0,35.37,260.25,https://www.speedrun.com/users/50percentgaming
406,Tebt_W,No included runs,Canada,266.94,243.08,13.86,10,3,3,2,0,0,0,0,35.6,430.67,https://www.speedrun.com/users/Tebt_W
407,Ox_And_Co,No included runs,United States,266.87,253.01,13.86,0,3,3,1,0,0,0,0,33.54,161.33,https://www.speedrun.com/users/Ox_And_Co
408,AaronTruitt,No included runs,United States,264.84,253.53,11.31,0,2,2,1,0,0,0,0,31.62,286.5,https://www.speedrun.com/users/AaronTruitt
409,Tomatobird8,No included runs,Finland,263.95,242.64,11.31,10,2,2,2,0,0,0,0,30.94,507.5,https://www.speedrun.com/users/Tomatobird8
410,Hreczi,No included runs,Poland,263.08,233.48,19.6,10,6,6,2,0,0,0,0,38.07,180.33,https://www.speedrun.com/users/Hreczi
411,AbyssGD,No included runs,United States,261.92,240.61,11.31,10,2,2,2,0,0,0,0,30.87,340,https://www.speedrun.com/users/AbyssGD
412,Valle_24,No included runs,Spain,261.41,250.1,11.31,0,2,2,1,0,0,0,0,31.36,292.5,https://www.speedrun.com/users/Valle_24
413,Czikubi,No included runs,United States,259.91,238.6,11.31,10,2,2,2,0,0,0,0,29.52,243.5,https://www.speedrun.com/users/Czikubi
414,Adamj93,No included runs,United States,259.55,248.24,11.31,0,2,2,1,0,0,0,0,31.17,287,https://www.speedrun.com/users/Adamj93
415,joshuatalato,No included runs,Philippines,259.31,248,11.31,0,2,2,1,0,0,0,0,30.59,235.5,https://www.speedrun.com/users/joshuatalato
416,k,No included runs,Ireland,257.73,231.73,16,10,4,4,2,0,0,0,0,37.55,390.5,https://www.speedrun.com/users/k
417,DragonRanger,No included runs,United States,256.48,235.17,11.31,10,2,2,2,0,0,0,0,30.96,418.5,https://www.speedrun.com/users/DragonRanger
418,AmbidextrousRex,No included runs,Denmark,255.72,229.72,16,10,4,4,2,0,0,1,1,32.09,281.25,https://www.speedrun.com/users/AmbidextrousRex
419,GameGlitchGuy,No included runs,United States,255.47,231.61,13.86,10,3,3,2,0,0,1,1,30.14,211,https://www.speedrun.com/users/GameGlitchGuy
420,Aben,No included runs,Chile,255.41,234.1,11.31,10,2,2,2,0,0,0,0,30.66,484.5,https://www.speedrun.com/users/Aben
421,JuniorGaming11,No included runs,United States,254.59,233.28,11.31,10,2,2,2,0,0,0,0,28.73,205,https://www.speedrun.com/users/JuniorGaming11
422,Skillet06,No included runs,United States,254.35,224.75,19.6,10,6,6,2,0,0,0,0,37.67,277.67,https://www.speedrun.com/users/Skillet06
423,Riptide,No included runs,Turkey,253.93,227.93,16,10,4,4,2,0,0,0,0,33.47,138.75,https://www.speedrun.com/users/Riptide
424,JEBACsonic,No included runs,Serbia,253.17,239.31,13.86,0,3,3,1,0,0,1,1,28.83,57.33,https://www.speedrun.com/users/JEBACsonic
425,Porkchop7,No included runs,United States,252.9,229.04,13.86,10,3,3,2,0,0,0,0,31.94,270.33,https://www.speedrun.com/users/Porkchop7
426,ospintriple,No included runs,United States,252.75,234.86,17.89,0,5,5,1,0,0,0,0,39.46,281.2,https://www.speedrun.com/users/ospintriple
427,Sten,No included runs,Australia,252.09,240.78,11.31,0,2,2,1,0,0,0,0,28.72,222.5,https://www.speedrun.com/users/Sten
428,ryota_ryota_ryota,No included runs,Japan,251.72,225.72,16,10,4,4,2,0,0,0,0,35.68,424.75,https://www.speedrun.com/users/ryota_ryota_ryota
429,mrcab55,No included runs,United States,251.64,215.64,16,20,4,4,3,0,0,0,0,32.76,284.5,https://www.speedrun.com/users/mrcab55
430,matsstam,No included runs,Netherlands,251.42,243.42,8,0,1,1,1,0,0,0,0,24.69,40,https://www.speedrun.com/users/matsstam
431,Pecans,No included runs,United States,250.57,224.57,16,10,4,4,2,0,0,0,0,36.41,351.75,https://www.speedrun.com/users/Pecans
432,UwUme,No included runs,Germany,249.99,213.99,16,20,4,4,3,0,0,0,0,34.5,326,https://www.speedrun.com/users/UwUme
433,Haju05,No included runs,Germany,249.02,241.02,8,0,1,1,1,0,0,0,0,24.55,51,https://www.speedrun.com/users/Haju05
434,Dayphid,No included runs,United States,248.93,227.62,11.31,10,2,2,2,0,0,0,0,27.71,227.5,https://www.speedrun.com/users/Dayphid
435,Arnyew,No included runs,Spain,248.9,227.59,11.31,10,2,2,2,0,0,0,0,30.01,516,https://www.speedrun.com/users/Arnyew
436,KikiHasMoney,No included runs,United States,248.7,234.84,13.86,0,3,3,1,0,0,1,1,28.63,50.67,https://www.speedrun.com/users/KikiHasMoney
437,LeahSR,No included runs,United States,248.65,214.79,13.86,20,3,3,3,0,0,0,0,29.87,210.67,https://www.speedrun.com/users/LeahSR
438,Phideee,No included runs,Italy,247.28,239.28,8,0,1,1,1,0,0,0,0,24.44,59,https://www.speedrun.com/users/Phideee
439,FKorl,No included runs,United States,247.26,235.95,11.31,0,2,2,1,0,0,0,0,29.29,253,https://www.speedrun.com/users/FKorl
440,Quadrales,No included runs,England,246.73,225.42,11.31,10,2,2,2,0,0,0,0,29.51,340.5,https://www.speedrun.com/users/Quadrales
441,TrickGD,,,246.41,238.41,8,0,1,1,1,0,0,0,0,24.39,63,https://www.speedrun.com/users/TrickGD
442,Xaby,No included runs,Italy,246.08,224.77,11.31,10,2,2,2,0,0,0,0,29.49,345.5,https://www.speedrun.com/users/Xaby
443,_J0Y_,No included runs,Morocco,244.46,236.46,8,0,1,1,1,0,0,0,0,24.27,72,https://www.speedrun.com/users/_J0Y_
444,Ben,No included runs,United Kingdom,241.73,210.56,21.17,10,7,7,2,0,0,0,0,39.31,250.57,https://www.speedrun.com/users/Ben
445,SMN05,No included runs,United States,241.1,215.1,16,10,4,4,2,0,0,0,0,32.57,215.5,https://www.speedrun.com/users/SMN05
446,Hat_,No included runs,United States,240.16,232.16,8,0,1,1,1,0,0,0,0,24.01,92,https://www.speedrun.com/users/Hat_
447,Skippy,No included runs,United States,240.16,232.16,8,0,1,1,1,0,0,0,0,24.01,92,https://www.speedrun.com/users/Skippy
448,VidCosoSpeedruns,No included runs,Croatia,240.08,183.55,26.53,30,11,11,4,0,0,0,0,34.18,184.36,https://www.speedrun.com/users/VidCosoSpeedruns
449,Schaaa,No included runs,Norway,240.03,216.17,13.86,10,3,3,2,0,0,0,0,31.42,299,https://www.speedrun.com/users/Schaaa
450,Term0_0,No included runs,France,240.03,214.03,16,10,4,4,2,0,0,0,0,33.61,302.25,https://www.speedrun.com/users/Term0_0
451,upelly,,,239.01,215.15,13.86,10,3,3,2,0,0,0,0,28.77,172.67,https://www.speedrun.com/users/upelly
452,EthanNassMrD_01,No included runs,South Africa,238.9,212.9,16,10,4,4,2,0,0,0,0,34.98,451.5,https://www.speedrun.com/users/EthanNassMrD_01
453,mbojko,No included runs,United States,238.87,205.01,13.86,20,3,3,3,0,0,0,0,29.88,303,https://www.speedrun.com/users/mbojko
454,prid79,,,238.76,227.45,11.31,0,2,2,1,0,0,0,0,28.64,265,https://www.speedrun.com/users/prid79
455,Thumopolis,No included runs,United States,237.98,214.12,13.86,10,3,3,2,0,0,0,0,30.4,233,https://www.speedrun.com/users/Thumopolis
456,Twintail_Nami,No included runs,Uruguay,237.26,211.26,16,10,4,4,2,0,0,0,0,33.74,291.75,https://www.speedrun.com/users/Twintail_Nami
457,jibupo,,,237.09,217.49,19.6,0,6,6,1,0,1,3,5,28.42,12.83,
458,minertyler100,No included runs,United States,236.52,228.52,8,0,1,1,1,0,0,0,0,23.79,109,https://www.speedrun.com/users/minertyler100
459,DoorTK,,,235.57,224.26,11.31,0,2,2,1,0,0,0,0,29.09,310.5,
460,stoneflower217,,,234.85,223.54,11.31,0,2,2,1,0,0,0,0,29.4,360,
461,HomerOfSteel,No included runs,France,234.81,223.5,11.31,0,2,2,1,0,0,0,0,29.33,342.5,https://www.speedrun.com/users/HomerOfSteel
462,WO_JDQ,No included runs,China,234.39,208.39,16,10,4,4,2,0,0,0,0,31.22,269,https://www.speedrun.com/users/WO_JDQ
463,AkifTheWeirdGuy,No included runs,Turkey,233.33,225.33,8,0,1,1,1,0,0,0,0,23.6,124,https://www.speedrun.com/users/AkifTheWeirdGuy
464,Jimingo,No included runs,Ireland,232.48,221.17,11.31,0,2,2,1,0,0,0,0,28.16,286,https://www.speedrun.com/users/Jimingo
465,Novawolf,No included runs,United States,232.42,208.56,13.86,10,3,3,2,0,0,0,0,29.94,278.33,https://www.speedrun.com/users/Novawolf
466,player123,No included runs,India,232.06,224.06,8,0,1,1,1,0,0,0,0,23.52,130,https://www.speedrun.com/users/player123
467,Tomygood,No included runs,France,231.68,205.68,16,10,4,4,2,0,0,0,0,34.02,379,https://www.speedrun.com/users/Tomygood
468,Muhahahahaz,No included runs,United States,231.49,220.18,11.31,0,2,2,1,0,0,0,0,29.15,374.5,https://www.speedrun.com/users/Muhahahahaz
469,Sponk64,No included runs,United States,231.43,223.43,8,0,1,1,1,0,0,0,0,23.48,133,https://www.speedrun.com/users/Sponk64
470,Alphanumeric,No included runs,Singapore,231.11,219.8,11.31,0,2,2,1,0,0,0,0,29,373.5,https://www.speedrun.com/users/Alphanumeric
471,Johnny__Mandarino,,,230.17,222.17,8,0,1,1,1,0,0,0,0,23.4,139,https://www.speedrun.com/users/Johnny__Mandarino
472,Charles_Idiot,No included runs,Hong Kong,229.74,205.88,13.86,10,3,3,2,0,0,0,0,31.28,412.67,https://www.speedrun.com/users/Charles_Idiot
473,JustKops,No included runs,Brazil,227.87,206.56,11.31,10,2,2,2,0,0,0,0,27.42,348.5,https://www.speedrun.com/users/JustKops
474,FuruGames,No included runs,Japan,227.22,219.22,8,0,1,1,1,0,0,0,0,23.22,153,https://www.speedrun.com/users/FuruGames
475,Yxcuberx,No included runs,Turkey,226.17,202.31,13.86,10,3,3,2,0,0,0,0,30.38,473.33,https://www.speedrun.com/users/Yxcuberx
476,Lui,No included runs,Italy,226.09,214.78,11.31,0,2,2,1,0,0,0,0,28,312.5,https://www.speedrun.com/users/Lui
477,gdbros,No included runs,England,225.55,217.55,8,0,1,1,1,0,0,0,0,23.11,161,https://www.speedrun.com/users/gdbros
478,RedHope,No included runs,United Kingdom,225.55,217.55,8,0,1,1,1,0,0,0,0,23.11,161,https://www.speedrun.com/users/RedHope
479,vman8,No included runs,United States,225.55,217.55,8,0,1,1,1,0,0,0,0,23.11,161,https://www.speedrun.com/users/vman8
480,ShotzIsMe,No included runs,United States,225.28,201.42,13.86,10,3,3,2,0,0,0,0,27.1,230.67,https://www.speedrun.com/users/ShotzIsMe
481,Lopsider,No included runs,Sweden,224.7,203.39,11.31,10,2,2,2,0,0,0,0,28.11,454,https://www.speedrun.com/users/Lopsider
482,6regory,No included runs,Canada,224.43,210.57,13.86,0,3,3,1,0,0,0,0,31.43,320.33,https://www.speedrun.com/users/6regory
483,Northgical,No included runs,Thailand,223.52,202.21,11.31,10,2,2,2,0,0,0,0,27.88,435.5,https://www.speedrun.com/users/Northgical
484,Sots28,No included runs,United States,223.27,211.96,11.31,0,2,2,1,0,0,0,0,28.49,384.5,https://www.speedrun.com/users/Sots28
485,SuperOscar,,,223.26,215.26,8,0,1,1,1,0,0,0,0,22.97,172,https://www.speedrun.com/users/SuperOscar
486,Quixotiix,No included runs,Australia,221.81,213.81,8,0,1,1,1,0,0,0,0,22.88,179,https://www.speedrun.com/users/Quixotiix
487,GingerScorch,No included runs,United States,221.3,197.44,13.86,10,3,3,2,0,0,0,0,29.94,324.67,https://www.speedrun.com/users/GingerScorch
488,Banova,No included runs,France,220.56,212.56,8,0,1,1,1,0,0,0,0,22.8,185,https://www.speedrun.com/users/Banova
489,icosahedron,No included runs,United States,220.56,212.56,8,0,1,1,1,0,0,0,0,22.8,185,https://www.speedrun.com/users/icosahedron
490,TheBigD123,,,220.56,212.56,8,0,1,1,1,0,0,0,0,22.8,185,https://www.speedrun.com/users/TheBigD123
491,Luki8931,No included runs,Colombia,220.06,194.06,16,10,4,4,2,0,0,0,0,32.17,603.5,https://www.speedrun.com/users/Luki8931
492,Dickens41,No included runs,United States,219.94,208.63,11.31,0,2,2,1,0,0,0,0,27.62,356,https://www.speedrun.com/users/Dickens41
493,4N41M,No included runs,Albania,219.93,208.62,11.31,0,2,2,1,0,0,0,0,28.25,415.5,https://www.speedrun.com/users/4N41M
494,Fozymandias,No included runs,United States,219.62,208.31,11.31,0,2,2,1,0,0,0,0,27.38,312,https://www.speedrun.com/users/Fozymandias
495,Aryais,No included runs,Indonesia,219.49,201.6,17.89,0,5,5,1,1,4,4,17,18.89,28.8,https://www.speedrun.com/users/Aryais
496,Elijah,No included runs,United States,219.09,207.78,11.31,0,2,2,1,0,0,0,0,27.86,350,https://www.speedrun.com/users/Elijah
497,8Brayden8,,,218.91,210.91,8,0,1,1,1,0,0,0,0,22.7,193,https://www.speedrun.com/users/8Brayden8
498,tinatinakawaii,No included runs,Japan,218.91,210.91,8,0,1,1,1,0,0,0,0,22.7,193,https://www.speedrun.com/users/tinatinakawaii
499,Knuckl3s16,No included runs,United States,217.06,209.06,8,0,1,1,1,0,0,0,0,22.58,202,https://www.speedrun.com/users/Knuckl3s16
500,Mushroomanic,No included runs,United States,216.77,205.46,11.31,0,2,2,1,0,0,0,0,27.28,324,https://www.speedrun.com/users/Mushroomanic
501,Gustlik102,No included runs,Poland,216.49,200.49,16,0,4,4,1,0,0,0,0,32.06,305.75,https://www.speedrun.com/users/Gustlik102
502,ThatAhoGuy,No included runs,United States,216.13,194.82,11.31,10,2,2,2,0,0,0,0,24.12,349,https://www.speedrun.com/users/ThatAhoGuy
503,aTallSkinnyKid,,,216,204.69,11.31,0,2,2,1,0,0,0,0,27.82,462.5,
504,Rkool21,No included runs,United States,215.83,207.83,8,0,1,1,1,0,0,0,0,22.5,208,https://www.speedrun.com/users/Rkool21
505,block0612,,,215.62,207.62,8,0,1,1,1,0,0,0,0,22.49,209,https://www.speedrun.com/users/block0612
506,Emmex,No included runs,Sweden,215.62,207.62,8,0,1,1,1,0,0,0,0,22.49,209,https://www.speedrun.com/users/Emmex
507,Lowidelime,No included runs,United States,215.62,207.62,8,0,1,1,1,0,0,0,0,22.49,209,https://www.speedrun.com/users/Lowidelime
508,nostaljake,No included runs,United States,215.62,207.62,8,0,1,1,1,0,0,0,0,22.49,209,https://www.speedrun.com/users/nostaljake
509,Willowtree03,No included runs,Australia,215.42,194.11,11.31,10,2,2,2,0,0,0,0,25.89,365,https://www.speedrun.com/users/Willowtree03
510,fishman1,No included runs,United States,214.31,203,11.31,0,2,2,1,0,0,1,1,21.76,14,https://www.speedrun.com/users/fishman1
511,Weegee,No included runs,United States,214.19,206.19,8,0,1,1,1,0,0,0,0,22.4,216,https://www.speedrun.com/users/Weegee
512,Dangers,No included runs,Canada,213.81,189.95,13.86,10,3,3,2,0,0,0,0,27.67,282.33,https://www.speedrun.com/users/Dangers
513,p_bodied,No included runs,United States,213.67,187.67,16,10,4,4,2,0,0,0,0,28.79,194.75,https://www.speedrun.com/users/p_bodied
514,alex7456,No included runs,United States,213.27,201.96,11.31,0,2,2,1,0,0,0,0,27.37,359,https://www.speedrun.com/users/alex7456
515,sejoon0701,No included runs,South Korea,212.84,191.53,11.31,10,2,2,2,0,0,0,0,25.07,129.5,https://www.speedrun.com/users/sejoon0701
516,questionable_stick,No included runs,Ireland,212.66,201.35,11.31,0,2,2,1,0,0,0,0,27.4,369.5,https://www.speedrun.com/users/questionable_stick
517,lucandor158,No included runs,United States,212.56,204.56,8,0,1,1,1,0,0,0,0,22.29,224,https://www.speedrun.com/users/lucandor158
518,MaestroBrau,No included runs,United States,212.56,204.56,8,0,1,1,1,0,0,0,0,22.29,224,https://www.speedrun.com/users/MaestroBrau
519,gunlap,No included runs,Canada,211.34,203.34,8,0,1,1,1,0,0,0,0,22.21,230,https://www.speedrun.com/users/gunlap
520,dram55,No included runs,United States,211.21,189.9,11.31,10,2,2,2,0,0,0,0,25.32,292,https://www.speedrun.com/users/dram55
521,GameIvan46,No included runs,Italy,210.53,202.53,8,0,1,1,1,0,0,0,0,22.16,234,https://www.speedrun.com/users/GameIvan46
522,KChase,No included runs,United States,210.31,199,11.31,0,2,2,1,0,0,0,0,24.5,92,https://www.speedrun.com/users/KChase
523,Yoopicul,No included runs,Denmark,209.98,173.98,16,20,4,4,3,0,0,0,0,26.21,215.75,https://www.speedrun.com/users/Yoopicul
524,CaptainPsyduck1,No included runs,United States,209.92,201.92,8,0,1,1,1,0,0,0,0,22.12,237,https://www.speedrun.com/users/CaptainPsyduck1
525,mbrattik382,No included runs,Germany,209.92,201.92,8,0,1,1,1,0,0,0,0,22.12,237,https://www.speedrun.com/users/mbrattik382
526,Traviard,No included runs,Canada,209.92,201.92,8,0,1,1,1,0,0,0,0,22.12,237,https://www.speedrun.com/users/Traviard
527,whichevermirror,No included runs,Ireland,209.92,201.92,8,0,1,1,1,0,0,0,0,22.12,237,https://www.speedrun.com/users/whichevermirror
528,Loshara,No included runs,Antarctica,209.11,201.11,8,0,1,1,1,0,0,0,0,22.07,241,https://www.speedrun.com/users/Loshara
529,JohnnyMix,No included runs,Italy,208.73,184.87,13.86,10,3,3,2,0,0,0,0,27.44,425.67,https://www.speedrun.com/users/JohnnyMix
530,sad_david,No included runs,United States,208.5,200.5,8,0,1,1,1,0,0,0,0,22.03,244,https://www.speedrun.com/users/sad_david
531,Quammy64,No included runs,United States,208.43,184.57,13.86,10,3,3,2,0,0,0,0,28.72,333.67,https://www.speedrun.com/users/Quammy64
532,GamingWithNino,No included runs,United States,208.13,184.27,13.86,10,3,3,2,0,0,0,0,27.45,327.33,https://www.speedrun.com/users/GamingWithNino
533,Bildozer23,No included runs,United States,207.9,199.9,8,0,1,1,1,0,0,0,0,21.99,247,https://www.speedrun.com/users/Bildozer23
534,ZV_Zola,No included runs,Netherlands,207.7,199.7,8,0,1,1,1,0,0,0,0,21.98,248,https://www.speedrun.com/users/ZV_Zola
535,Gietie,No included runs,Netherlands,207.33,183.47,13.86,10,3,3,2,0,0,0,0,29.41,402.67,https://www.speedrun.com/users/Gietie
536,Loven2run,No included runs,United States,206.95,185.64,11.31,10,2,2,2,0,0,1,1,23.48,307,https://www.speedrun.com/users/Loven2run
537,Ka1amari,No included runs,United States,206.77,188.88,17.89,0,5,5,1,0,0,0,0,29.07,163.6,https://www.speedrun.com/users/Ka1amari
538,Nouie,No included runs,United States,206.69,198.69,8,0,1,1,1,0,0,0,0,21.91,253,https://www.speedrun.com/users/Nouie
539,dc_chunks,No included runs,Australia,206.62,195.31,11.31,0,2,2,1,0,0,0,0,27.15,420.5,https://www.speedrun.com/users/dc_chunks
540,JotyBros,No included runs,Venezuela,206.24,184.93,11.31,10,2,2,2,0,0,0,0,25.41,353.5,https://www.speedrun.com/users/JotyBros
541,Mkwiifreak,No included runs,United States,206.09,198.09,8,0,1,1,1,0,0,0,0,21.87,256,https://www.speedrun.com/users/Mkwiifreak
542,periwinkle,No included runs,United States,205.89,197.89,8,0,1,1,1,0,0,0,0,21.86,257,https://www.speedrun.com/users/periwinkle
543,Crapideot,No included runs,Canada,205.66,184.35,11.31,10,2,2,2,0,0,0,0,25.41,396.5,https://www.speedrun.com/users/Crapideot
544,Arcus,No included runs,United States,204.68,196.68,8,0,1,1,1,0,0,0,0,21.78,263,https://www.speedrun.com/users/Arcus
545,Rystor2004,No included runs,Australia,204.68,196.68,8,0,1,1,1,0,0,0,0,21.78,263,https://www.speedrun.com/users/Rystor2004
546,thraelyad,No included runs,United States,204.68,196.68,8,0,1,1,1,0,0,0,0,21.78,263,https://www.speedrun.com/users/thraelyad
547,wiLLi3m,No included runs,United States,204.68,196.68,8,0,1,1,1,0,0,0,0,21.78,263,https://www.speedrun.com/users/wiLLi3m
548,DJWT64,No included runs,United States,204.1,192.79,11.31,0,2,2,1,0,0,0,0,26.35,404.5,https://www.speedrun.com/users/DJWT64
549,bonjoursauce,No included runs,Québec,203.79,182.48,11.31,10,2,2,2,0,0,0,0,25.42,405.5,https://www.speedrun.com/users/bonjoursauce
550,Schicksal,No included runs,Germany,203.62,192.31,11.31,0,2,2,1,0,0,0,0,23.73,64,https://www.speedrun.com/users/Schicksal
551,daringpuppy993,No included runs,Ireland,203.08,195.08,8,0,1,1,1,0,0,0,0,21.68,271,https://www.speedrun.com/users/daringpuppy993
552,dubiousdinobot,No included runs,Canada,202.13,178.27,13.86,10,3,3,2,0,0,0,0,26.52,329,https://www.speedrun.com/users/dubiousdinobot
553,diimii,No included runs,Serbia,201.69,193.69,8,0,1,1,1,0,0,0,0,21.59,278,https://www.speedrun.com/users/diimii
554,ozgurkk35,No included runs,Turkey,201.57,173.68,17.89,10,5,5,2,0,0,0,0,33.14,372.2,https://www.speedrun.com/users/ozgurkk35
555,T_HASSY,No included runs,Japan,200.89,192.89,8,0,1,1,1,0,0,0,0,21.53,282,https://www.speedrun.com/users/T_HASSY
556,Flommli,No included runs,Germany,200.65,176.79,13.86,10,3,3,2,0,0,0,0,28.21,391.67,https://www.speedrun.com/users/Flommli
557,althegreat,No included runs,United States,200.1,192.1,8,0,1,1,1,0,0,0,0,21.48,286,https://www.speedrun.com/users/althegreat
558,DarkusG,No included runs,Ukraine,199.93,188.62,11.31,0,2,2,1,0,0,0,0,23.42,207,https://www.speedrun.com/users/DarkusG
559,Zennan,No included runs,United States,199.87,178.56,11.31,10,2,2,2,0,0,0,0,24.78,407.5,https://www.speedrun.com/users/Zennan
560,_Zero,No included runs,Australia,199.7,191.7,8,0,1,1,1,0,0,0,0,21.46,288,https://www.speedrun.com/users/_Zero
561,skibaptolat,No included runs,Vietnam,199.7,191.7,8,0,1,1,1,0,0,0,0,21.46,288,https://www.speedrun.com/users/skibaptolat
562,MatthewJury,No included runs,United States,199.49,178.18,11.31,10,2,2,2,0,0,0,0,25.88,499,https://www.speedrun.com/users/MatthewJury
563,Cheboy02,No included runs,Canada,199.11,191.11,8,0,1,1,1,0,0,0,0,21.42,291,https://www.speedrun.com/users/Cheboy02
564,Fluffyboy86,No included runs,United States,199.11,191.11,8,0,1,1,1,0,0,0,0,21.42,291,https://www.speedrun.com/users/Fluffyboy86
565,Runows,No included runs,Canada,199.11,191.11,8,0,1,1,1,0,0,0,0,21.42,291,https://www.speedrun.com/users/Runows
566,The_Col,No included runs,Italy,199,177.69,11.31,10,2,2,2,0,0,0,0,21.42,42,https://www.speedrun.com/users/The_Col
567,Storster,No included runs,United States,198.95,175.09,13.86,10,3,3,2,0,0,0,0,25.55,302.67,https://www.speedrun.com/users/Storster
568,Shika131,No included runs,France,198.79,162.79,16,20,4,4,3,0,0,0,0,27.17,115.5,https://www.speedrun.com/users/Shika131
569,JackPro,No included runs,Ukraine,197.92,189.92,8,0,1,1,1,0,0,0,0,21.34,297,https://www.speedrun.com/users/JackPro
570,mPap,No included runs,Australia,197.92,189.92,8,0,1,1,1,0,0,0,0,21.34,297,https://www.speedrun.com/users/mPap
571,RoeJogan,No included runs,Canada,197.92,189.92,8,0,1,1,1,0,0,0,0,21.34,297,https://www.speedrun.com/users/RoeJogan
572,haribo39,No included runs,United Kingdom,196.93,188.93,8,0,1,1,1,0,0,0,0,21.27,302,https://www.speedrun.com/users/haribo39
573,Olive56,No included runs,United States,196.93,188.93,8,0,1,1,1,0,0,0,0,21.27,302,https://www.speedrun.com/users/Olive56
574,zeldacubed,No included runs,United States,196.93,188.93,8,0,1,1,1,0,0,0,0,21.27,302,https://www.speedrun.com/users/zeldacubed
575,Andrewwayne12.,No included runs,United States,196.58,172.72,13.86,10,3,3,2,0,0,0,0,28.78,460,https://www.speedrun.com/users/Andrewwayne12.
576,OrkleDorkle,No included runs,United States,195.95,187.95,8,0,1,1,1,0,0,0,0,21.21,307,https://www.speedrun.com/users/OrkleDorkle
577,Tyzo_03,No included runs,Greece,195.95,187.95,8,0,1,1,1,0,0,0,0,21.21,307,https://www.speedrun.com/users/Tyzo_03
578,helpimadog,No included runs,Québec,195.18,171.32,13.86,10,3,3,2,0,0,0,0,24.26,256.67,https://www.speedrun.com/users/helpimadog
579,FernatoX,No included runs,Czech Republic,195.16,187.16,8,0,1,1,1,0,0,0,0,21.16,311,https://www.speedrun.com/users/FernatoX
580,The_H_Pandin,No included runs,Spain,195.16,187.16,8,0,1,1,1,0,0,0,0,21.16,311,https://www.speedrun.com/users/The_H_Pandin
581,MiAmoreCadenzaaa,No included runs,United States,194.57,186.57,8,0,1,1,1,0,0,0,0,21.12,314,https://www.speedrun.com/users/MiAmoreCadenzaaa
582,Peter_Smith,No included runs,Hungary,194.57,186.57,8,0,1,1,1,0,0,0,0,21.12,314,https://www.speedrun.com/users/Peter_Smith
583,Crep,No included runs,United States,194.25,182.94,11.31,0,2,2,1,0,0,0,0,25.98,428,https://www.speedrun.com/users/Crep
584,Okashi,No included runs,Japan,193.69,172.38,11.31,10,2,2,2,0,0,0,0,20.79,33.5,https://www.speedrun.com/users/Okashi
585,DiskKun,No included runs,Canada,193.6,185.6,8,0,1,1,1,0,0,0,0,21.05,319,https://www.speedrun.com/users/DiskKun
586,thr33hunn1d,No included runs,United States,193.01,185.01,8,0,1,1,1,0,0,0,0,21.01,322,https://www.speedrun.com/users/thr33hunn1d
587,AsianFries,No included runs,United States,192.81,184.81,8,0,1,1,1,0,0,0,0,21,323,https://www.speedrun.com/users/AsianFries
588,Tomolinooo,No included runs,Serbia,192.81,184.81,8,0,1,1,1,0,0,0,0,21,323,https://www.speedrun.com/users/Tomolinooo
589,G3rd_NE,No included runs,United States,192.65,168.79,13.86,10,3,3,2,0,0,0,0,25.9,365.33,https://www.speedrun.com/users/G3rd_NE
590,Eigensystem,,,192.03,184.03,8,0,1,1,1,0,0,0,0,20.95,327,https://www.speedrun.com/users/Eigensystem
591,Gwafey,No included runs,United States,192.03,184.03,8,0,1,1,1,0,0,0,0,20.95,327,https://www.speedrun.com/users/Gwafey
592,InkStyles,No included runs,Chile,191.78,167.92,13.86,10,3,3,2,0,0,0,0,27.98,490.33,https://www.speedrun.com/users/InkStyles
593,Neycza,No included runs,Poland,191.57,180.26,11.31,0,2,2,1,0,0,0,0,25.35,390,https://www.speedrun.com/users/Neycza
594,spayz,No included runs,United States,191.57,180.26,11.31,0,2,2,1,0,0,0,0,24.4,317,https://www.speedrun.com/users/spayz
595,LaserTrent,No included runs,New Zealand,191.06,183.06,8,0,1,1,1,0,0,0,0,20.88,332,https://www.speedrun.com/users/LaserTrent
596,shownwaverer,No included runs,Spain,191.06,183.06,8,0,1,1,1,0,0,0,0,20.88,332,https://www.speedrun.com/users/shownwaverer
597,ninjaxc30,No included runs,United States,190.09,182.09,8,0,1,1,1,0,0,0,0,20.82,337,https://www.speedrun.com/users/ninjaxc30
598,ekukk,No included runs,South Korea,190,178.69,11.31,0,2,2,1,0,0,0,0,22.87,217,https://www.speedrun.com/users/ekukk
599,MrJimmysteel25,No included runs,United States,189.89,181.89,8,0,1,1,1,0,0,0,0,20.8,338,https://www.speedrun.com/users/MrJimmysteel25
600,SomeBro,No included runs,United States,189.89,181.89,8,0,1,1,1,0,0,0,0,20.8,338,https://www.speedrun.com/users/SomeBro
601,SpidersNRhap,No included runs,United States,189.89,181.89,8,0,1,1,1,0,0,0,0,20.8,338,https://www.speedrun.com/users/SpidersNRhap
602,yiosen,No included runs,United States,189.89,181.89,8,0,1,1,1,0,0,0,0,20.8,338,https://www.speedrun.com/users/yiosen
603,puddle1,No included runs,United States,189.5,168.19,11.31,10,2,2,2,0,0,0,0,24.8,472.5,https://www.speedrun.com/users/puddle1
604,BillyWAR,No included runs,United States,189.28,165.42,13.86,10,3,3,2,0,0,0,0,27.24,380,https://www.speedrun.com/users/BillyWAR
605,CHX42,No included runs,United States,188.89,165.03,13.86,10,3,3,2,0,0,0,0,27.21,490.33,https://www.speedrun.com/users/CHX42
606,pokefantom,No included runs,United States,188.52,167.21,11.31,10,2,2,2,0,0,0,0,19.8,224,https://www.speedrun.com/users/pokefantom
607,Cachy,No included runs,Brazil,188.44,177.13,11.31,0,2,2,1,0,0,0,0,23.77,212,https://www.speedrun.com/users/Cachy
608,JarlCarl,No included runs,United States,188.19,176.88,11.31,0,2,2,1,0,0,0,0,20.46,380.5,https://www.speedrun.com/users/JarlCarl
609,ChenTian,No included runs,China,188.15,180.15,8,0,1,1,1,0,0,0,0,20.69,347,https://www.speedrun.com/users/ChenTian
610,Demo,No included runs,United States,188.15,180.15,8,0,1,1,1,0,0,0,0,20.69,347,https://www.speedrun.com/users/Demo
611,enkogneedle,No included runs,United States,188.15,180.15,8,0,1,1,1,0,0,0,0,20.69,347,https://www.speedrun.com/users/enkogneedle
612,You4104102,No included runs,United States,188.15,180.15,8,0,1,1,1,0,0,0,0,20.69,347,https://www.speedrun.com/users/You4104102
613,FlibidyDibidy,No included runs,Canada,187.19,179.19,8,0,1,1,1,0,0,0,0,20.62,352,https://www.speedrun.com/users/FlibidyDibidy
614,DashRetro,No included runs,United States,186.81,162.95,13.86,10,3,3,2,0,0,1,1,22.39,61.67,https://www.speedrun.com/users/DashRetro
615,FrameImperfect,No included runs,Germany,186.47,162.61,13.86,10,3,3,2,0,0,0,0,28.54,557.67,https://www.speedrun.com/users/FrameImperfect
616,Fernan,No included runs,Chile,186.39,175.08,11.31,0,2,2,1,0,0,0,0,24.38,214.5,https://www.speedrun.com/users/Fernan
617,Edu207,No included runs,Brazil,186.24,174.93,11.31,0,2,2,1,0,0,0,0,25.42,460,https://www.speedrun.com/users/Edu207
618,akadesu,No included runs,Japan,186.22,178.22,8,0,1,1,1,0,0,0,0,20.56,357,https://www.speedrun.com/users/akadesu
619,djpob,No included runs,Ireland,186.03,178.03,8,0,1,1,1,0,0,0,0,20.54,358,https://www.speedrun.com/users/djpob
620,mrlink2k,No included runs,United States,186.03,178.03,8,0,1,1,1,0,0,0,0,20.54,358,https://www.speedrun.com/users/mrlink2k
621,OutOfLock,No included runs,Lithuania,186.03,178.03,8,0,1,1,1,0,0,0,0,20.54,358,https://www.speedrun.com/users/OutOfLock
622,SigmaGaming,No included runs,Sweden,186.03,178.03,8,0,1,1,1,0,0,0,0,20.54,358,https://www.speedrun.com/users/SigmaGaming
623,Simgames,No included runs,Canada,186.03,178.03,8,0,1,1,1,0,0,0,0,20.54,358,https://www.speedrun.com/users/Simgames
624,Buba148,No included runs,Poland,185.6,174.29,11.31,0,2,2,1,0,0,0,0,21.09,359,https://www.speedrun.com/users/Buba148
625,cjrokokomero,No included runs,Italy,185.07,177.07,8,0,1,1,1,0,0,0,0,20.48,363,https://www.speedrun.com/users/cjrokokomero
626,brianb,,,184.33,163.02,11.31,10,2,2,2,0,0,0,0,24.2,474,https://www.speedrun.com/users/brianb
627,Pallidus,No included runs,England,183.92,175.92,8,0,1,1,1,0,0,0,0,20.4,369,https://www.speedrun.com/users/Pallidus
628,Pankaw,No included runs,Chile,183.92,175.92,8,0,1,1,1,0,0,0,0,20.4,369,https://www.speedrun.com/users/Pankaw
629,Plyometric,No included runs,United States,183.16,175.16,8,0,1,1,1,0,0,0,0,20.35,373,https://www.speedrun.com/users/Plyometric
630,TEEX88,No included runs,United States,183.12,171.81,11.31,0,2,2,1,0,0,0,0,24.86,568.5,https://www.speedrun.com/users/TEEX88
631,Omnia,No included runs,Turkey,183.02,157.02,16,10,4,4,2,0,0,0,0,28.46,538.75,https://www.speedrun.com/users/Omnia
632,TheJayJay,No included runs,United Kingdom,182.52,158.66,13.86,10,3,3,2,0,0,0,0,24.87,382.67,https://www.speedrun.com/users/TheJayJay
633,trance1215,No included runs,United States,182.2,174.2,8,0,1,1,1,0,0,0,0,20.28,378,https://www.speedrun.com/users/trance1215
634,Draw2,No included runs,British Indian Ocean Territory,181.82,173.82,8,0,1,1,1,0,0,0,0,20.25,380,https://www.speedrun.com/users/Draw2
635,MixMastaPJ,No included runs,United States,181.82,173.82,8,0,1,1,1,0,0,0,0,20.25,380,https://www.speedrun.com/users/MixMastaPJ
636,TNT,No included runs,United States,181.82,173.82,8,0,1,1,1,0,0,0,0,20.25,380,https://www.speedrun.com/users/TNT
637,hazy_zay,No included runs,Canada,181.32,170.01,11.31,0,2,2,1,0,0,0,0,22.38,104,https://www.speedrun.com/users/hazy_zay
638,JMott371,No included runs,United States,180.87,172.87,8,0,1,1,1,0,0,0,0,20.19,385,https://www.speedrun.com/users/JMott371
639,riley007,No included runs,United States,180.87,172.87,8,0,1,1,1,0,0,0,0,20.19,385,https://www.speedrun.com/users/riley007
640,Superoutplayz,No included runs,United States,180.87,172.87,8,0,1,1,1,0,0,0,0,20.19,385,https://www.speedrun.com/users/Superoutplayz
641,RosinYT,No included runs,United States,180.76,172.76,8,0,1,1,1,0,0,0,0,17.94,25,https://www.speedrun.com/users/RosinYT
642,SlyRavenxD,No included runs,United States,179.92,171.92,8,0,1,1,1,0,0,0,0,20.12,390,https://www.speedrun.com/users/SlyRavenxD
643,bt_21_cub,No included runs,United States,179.35,171.35,8,0,1,1,1,0,0,0,0,20.09,393,https://www.speedrun.com/users/bt_21_cub
644,GoomBayPacker,No included runs,United States,179.1,147.93,21.17,10,7,7,2,0,0,0,0,27.3,327.86,https://www.speedrun.com/users/GoomBayPacker
645,Karmic31,No included runs,Canada,178.98,170.98,8,0,1,1,1,0,0,0,0,20.06,395,https://www.speedrun.com/users/Karmic31
646,Producks,No included runs,Québec,178.61,167.3,11.31,0,2,2,1,0,0,2,2,16.96,4.5,https://www.speedrun.com/users/Producks
647,sparetrainer,No included runs,England,178.6,170.6,8,0,1,1,1,0,0,0,0,20.03,397,https://www.speedrun.com/users/sparetrainer
648,DragonDMV,No included runs,United States,178.22,170.22,8,0,1,1,1,0,0,0,0,20.01,399,https://www.speedrun.com/users/DragonDMV
649,Beastworm,No included runs,Chile,177.84,169.84,8,0,1,1,1,0,0,0,0,19.98,401,https://www.speedrun.com/users/Beastworm
650,Flex_Retro,No included runs,United States,177.48,153.62,13.86,10,3,3,2,0,0,1,1,21.76,67,https://www.speedrun.com/users/Flex_Retro
651,macemajor1,No included runs,United States,177.47,169.47,8,0,1,1,1,0,0,0,0,19.95,403,https://www.speedrun.com/users/macemajor1
652,Snooz,No included runs,France,177.47,169.47,8,0,1,1,1,0,0,0,0,19.95,403,https://www.speedrun.com/users/Snooz
653,SpunkulousDoodle1,No included runs,United Kingdom,177.47,169.47,8,0,1,1,1,0,0,0,0,19.95,403,https://www.speedrun.com/users/SpunkulousDoodle1
654,Output,No included runs,Malaysia,177.4,153.54,13.86,10,3,3,2,0,0,0,0,24.5,266.67,https://www.speedrun.com/users/Output
655,AlucardAli,No included runs,United States,177.24,165.93,11.31,0,2,2,1,0,0,0,0,24.13,435.5,https://www.speedrun.com/users/AlucardAli
656,AbenOnAWiitar,No included runs,Chile,177.21,155.9,11.31,10,2,2,2,0,0,0,0,24.32,618,https://www.speedrun.com/users/AbenOnAWiitar
657,devinbrodie25,No included runs,Canada,176.71,168.71,8,0,1,1,1,0,0,0,0,19.9,407,https://www.speedrun.com/users/devinbrodie25
658,zZen,No included runs,United States,176.69,168.69,8,0,1,1,1,0,0,0,0,17.69,31,https://www.speedrun.com/users/zZen
659,OfficialFern,No included runs,Puerto Rico,176.52,168.52,8,0,1,1,1,0,0,0,0,19.89,408,https://www.speedrun.com/users/OfficialFern
660,Perfect_Fin,No included runs,United States,176.52,168.52,8,0,1,1,1,0,0,0,0,19.89,408,https://www.speedrun.com/users/Perfect_Fin
661,TheGuyNamedCoryBeat,No included runs,United States,176.52,168.52,8,0,1,1,1,0,0,0,0,19.89,408,https://www.speedrun.com/users/TheGuyNamedCoryBeat
662,NotGorilla,No included runs,Sweden,175.96,167.96,8,0,1,1,1,0,0,0,0,19.85,411,https://www.speedrun.com/users/NotGorilla
663,trisk,No included runs,United States,175.59,167.59,8,0,1,1,1,0,0,0,0,19.82,413,https://www.speedrun.com/users/trisk
664,junkyard_dave,No included runs,Canada,175.4,167.4,8,0,1,1,1,0,0,0,0,19.81,414,https://www.speedrun.com/users/junkyard_dave
665,cdragoneer,No included runs,United States,175.21,167.21,8,0,1,1,1,0,0,0,0,19.8,415,https://www.speedrun.com/users/cdragoneer
666,KinoZiu,No included runs,China,175.21,167.21,8,0,1,1,1,0,0,0,0,19.8,415,https://www.speedrun.com/users/KinoZiu
667,Skullz,No included runs,United States,175.21,163.9,11.31,0,2,2,1,0,0,0,0,22.28,146.5,https://www.speedrun.com/users/Skullz
668,kero26,No included runs,Germany,174.46,166.46,8,0,1,1,1,0,0,0,0,19.75,419,https://www.speedrun.com/users/kero26
669,ian04,No included runs,United States,174.38,153.07,11.31,10,2,2,2,0,0,0,0,24.03,640,https://www.speedrun.com/users/ian04
670,Sashozz,No included runs,United States,174.37,153.06,11.31,10,2,2,2,0,0,0,0,23.59,526.5,https://www.speedrun.com/users/Sashozz
671,Lojen,No included runs,United States,173.52,152.21,11.31,10,2,2,2,0,0,0,0,23.51,590,https://www.speedrun.com/users/Lojen
672,Kirua,No included runs,France,173.16,165.16,8,0,1,1,1,0,0,0,0,19.65,426,https://www.speedrun.com/users/Kirua
673,ryukahr,No included runs,United States,172.78,164.78,8,0,1,1,1,0,0,0,0,19.63,428,https://www.speedrun.com/users/ryukahr
674,Shir0Yaksha,No included runs,India,172.78,164.78,8,0,1,1,1,0,0,0,0,19.63,428,https://www.speedrun.com/users/Shir0Yaksha
675,LennyGG,No included runs,Colombia,171.67,163.67,8,0,1,1,1,0,0,0,0,19.55,434,https://www.speedrun.com/users/LennyGG
676,mariorunner2020,No included runs,United States,171.67,163.67,8,0,1,1,1,0,0,0,0,19.55,434,https://www.speedrun.com/users/mariorunner2020
677,pizzapieperson,No included runs,United States,171.54,147.68,13.86,10,3,3,2,0,0,0,0,24.6,381.67,https://www.speedrun.com/users/pizzapieperson
678,Angrylanks,No included runs,United States,171.11,163.11,8,0,1,1,1,0,0,0,0,19.51,437,https://www.speedrun.com/users/Angrylanks
679,jepega,No included runs,Netherlands,171.11,163.11,8,0,1,1,1,0,0,0,0,19.51,437,https://www.speedrun.com/users/jepega
680,SHOTTO,No included runs,United States,171.11,163.11,8,0,1,1,1,0,0,0,0,19.51,437,https://www.speedrun.com/users/SHOTTO
681,Chungenour,No included runs,United States,171.09,147.23,13.86,10,3,3,2,0,0,0,0,24.17,451,https://www.speedrun.com/users/Chungenour
682,sz39,No included runs,Japan,171.01,147.15,13.86,10,3,3,2,0,0,0,0,25.89,510,https://www.speedrun.com/users/sz39
683,mariopindu,No included runs,Italy,170.98,159.67,11.31,0,2,2,1,0,0,0,0,21.68,322,https://www.speedrun.com/users/mariopindu
684,Pjk1324,No included runs,United States,170.33,146.47,13.86,10,3,3,2,0,0,0,0,24.05,472,https://www.speedrun.com/users/Pjk1324
685,hirexen,No included runs,Poland,170,162,8,0,1,1,1,0,0,0,0,19.43,443,https://www.speedrun.com/users/hirexen
686,pancakewafflers,No included runs,United States,170,162,8,0,1,1,1,0,0,0,0,17.28,41,https://www.speedrun.com/users/pancakewafflers
687,Ruffyluffy,,,170,162,8,0,1,1,1,0,0,0,0,19.43,443,https://www.speedrun.com/users/Ruffyluffy
688,TrenttheN642,No included runs,United States,169.83,143.83,16,10,4,4,2,0,0,0,0,26.69,458.25,https://www.speedrun.com/users/TrenttheN642
689,JoeMo2K,No included runs,United States,169.44,161.44,8,0,1,1,1,0,0,0,0,19.39,446,https://www.speedrun.com/users/JoeMo2K
690,Nitroz,No included runs,Sweden,169.44,161.44,8,0,1,1,1,0,0,0,0,19.39,446,https://www.speedrun.com/users/Nitroz
691,Pikachannel,No included runs,United Kingdom,168.54,160.54,8,0,1,1,1,0,0,0,0,17.83,97,https://www.speedrun.com/users/Pikachannel
692,CaptAzure,No included runs,United States,168.34,160.34,8,0,1,1,1,0,0,0,0,19.32,452,https://www.speedrun.com/users/CaptAzure
693,gyogyo,No included runs,Japan,168.34,160.34,8,0,1,1,1,0,0,0,0,19.32,452,https://www.speedrun.com/users/gyogyo
694,NoGoat,,,168.29,144.43,13.86,10,3,3,2,0,0,0,0,24.4,186.33,https://www.speedrun.com/users/NoGoat
695,SatelliteSheep,No included runs,United States,167.97,159.97,8,0,1,1,1,0,0,0,0,19.29,454,https://www.speedrun.com/users/SatelliteSheep
696,KarlsGB,No included runs,Argentina,167.78,143.92,13.86,10,3,3,2,0,0,0,0,24.75,400,https://www.speedrun.com/users/KarlsGB
697,CritRocket,No included runs,United States,167.23,159.23,8,0,1,1,1,0,0,0,0,19.24,458,https://www.speedrun.com/users/CritRocket
698,kiraa96,No included runs,Poland,167.23,159.23,8,0,1,1,1,0,0,0,0,19.24,458,https://www.speedrun.com/users/kiraa96
699,Chory,No included runs,Poland,166.68,158.68,8,0,1,1,1,0,0,0,0,19.2,461,https://www.speedrun.com/users/Chory
700,SuperDave,No included runs,Canada,166.68,158.68,8,0,1,1,1,0,0,0,0,19.2,461,https://www.speedrun.com/users/SuperDave
701,Toad22484,No included runs,United States,166.68,158.68,8,0,1,1,1,0,0,0,0,19.2,461,https://www.speedrun.com/users/Toad22484
702,yelsraek,No included runs,United States,165.95,157.95,8,0,1,1,1,0,0,0,0,19.15,465,https://www.speedrun.com/users/yelsraek
703,CapGame_,No included runs,Japan,165.58,157.58,8,0,1,1,1,0,0,0,0,19.12,467,https://www.speedrun.com/users/CapGame_
704,FR15K,No included runs,Japan,165.4,157.4,8,0,1,1,1,0,0,0,0,19.11,468,https://www.speedrun.com/users/FR15K
705,SummerPi314159,No included runs,United Kingdom,165.27,153.96,11.31,0,2,2,1,0,0,1,1,19.63,111,https://www.speedrun.com/users/SummerPi314159
706,Redring,No included runs,Canada,165.22,157.22,8,0,1,1,1,0,0,0,0,19.09,469,https://www.speedrun.com/users/Redring
707,Ildesir,No included runs,Spain,165.06,139.06,16,10,4,3,2,0,0,0,0,22.18,206.75,https://www.speedrun.com/users/Ildesir
708,Fries500,No included runs,Costa Rica,164.5,153.19,11.31,0,2,2,1,0,0,0,0,22.32,240.5,https://www.speedrun.com/users/Fries500
709,HappyMar10,No included runs,China,164.49,156.49,8,0,1,1,1,0,0,0,0,19.04,473,https://www.speedrun.com/users/HappyMar10
710,Vexerous,No included runs,United States,164.49,156.49,8,0,1,1,1,0,0,0,0,19.04,473,https://www.speedrun.com/users/Vexerous
711,DaYuXiaoYu,No included runs,China,163.94,155.94,8,0,1,1,1,0,0,0,0,19,476,https://www.speedrun.com/users/DaYuXiaoYu
712,JJPratt,No included runs,United States,163.94,155.94,8,0,1,1,1,0,0,0,0,19,476,https://www.speedrun.com/users/JJPratt
713,sawyer_speedrunz,No included runs,United States,163.76,142.45,11.31,10,2,2,2,0,0,0,0,21.64,504,https://www.speedrun.com/users/sawyer_speedrunz
714,MurphInTheWild,No included runs,Canada,163.6,142.29,11.31,10,2,2,2,0,0,0,0,20.18,338.5,https://www.speedrun.com/users/MurphInTheWild
715,lokiwider,No included runs,France,163.4,155.4,8,0,1,1,1,0,0,0,0,18.96,479,https://www.speedrun.com/users/lokiwider
716,homer77,No included runs,United States,163.27,139.41,13.86,10,3,3,2,0,0,0,0,24.23,591,https://www.speedrun.com/users/homer77
717,Caleb3473,No included runs,United States,162.67,154.67,8,0,1,1,1,0,0,0,0,18.91,483,https://www.speedrun.com/users/Caleb3473
718,GeoideNYT,No included runs,United States,162.67,154.67,8,0,1,1,1,0,0,0,0,18.91,483,https://www.speedrun.com/users/GeoideNYT
719,indigofoundue74,No included runs,United States,162.67,154.67,8,0,1,1,1,0,0,0,0,18.91,483,https://www.speedrun.com/users/indigofoundue74
720,Zohaf,No included runs,Israel,162.04,148.18,13.86,0,3,3,1,0,0,0,0,21.14,242.33,https://www.speedrun.com/users/Zohaf
721,jimjamboory,No included runs,United States,161.94,153.94,8,0,1,1,1,0,0,0,0,18.86,487,https://www.speedrun.com/users/jimjamboory
722,Overswarm,No included runs,United States,161.94,153.94,8,0,1,1,1,0,0,0,0,18.86,487,https://www.speedrun.com/users/Overswarm
723,LevicusX,No included runs,United Kingdom,161.27,137.41,13.86,10,3,3,2,0,0,0,0,22.68,122,https://www.speedrun.com/users/LevicusX
724,bloogbae,No included runs,United States,161.04,153.04,8,0,1,1,1,0,0,0,0,18.79,492,https://www.speedrun.com/users/bloogbae
725,ChallengeTime,No included runs,Germany,161.04,153.04,8,0,1,1,1,0,0,0,0,18.79,492,https://www.speedrun.com/users/ChallengeTime
726,MyLittleWalrus,No included runs,United States,161.04,153.04,8,0,1,1,1,0,0,0,0,18.79,492,https://www.speedrun.com/users/MyLittleWalrus
727,DaBell,No included runs,Australia,160.17,152.17,8,0,1,1,1,0,0,0,0,16.65,56,https://www.speedrun.com/users/DaBell
728,bullymario,No included runs,United States,159.99,146.13,13.86,0,3,3,1,0,0,0,0,24.91,434.33,https://www.speedrun.com/users/bullymario
729,Nsfj,,,159.96,151.96,8,0,1,1,1,0,0,0,0,18.71,498,https://www.speedrun.com/users/Nsfj
730,PariDaDude,No included runs,United States,159.96,151.96,8,0,1,1,1,0,0,0,0,18.71,498,https://www.speedrun.com/users/PariDaDude
731,TwitchName,No included runs,United States,159.96,151.96,8,0,1,1,1,0,0,0,0,18.71,498,https://www.speedrun.com/users/TwitchName
732,LeMonX,No included runs,Poland,159.73,138.42,11.31,10,2,2,2,0,0,0,0,21.58,523.5,https://www.speedrun.com/users/LeMonX
733,Stiverson,No included runs,United States,159.56,133.56,16,10,4,4,2,0,0,0,0,21.32,34.75,https://www.speedrun.com/users/Stiverson
734,1800bw,,,159.54,135.68,13.86,10,3,3,2,0,0,0,0,20.49,413.67,
735,GoatFan98,No included runs,Hungary,158.92,131.03,17.89,10,5,5,2,0,0,0,0,24.44,272.8,https://www.speedrun.com/users/GoatFan98
736,death_taxes_n64,No included runs,United States,158.72,147.41,11.31,0,2,2,1,0,0,0,0,21.85,399,https://www.speedrun.com/users/death_taxes_n64
737,Soda,,,158.7,150.7,8,0,1,1,1,0,0,0,0,18.62,505,https://www.speedrun.com/users/Soda
738,ManiacDoc,No included runs,Germany,158.34,150.34,8,0,1,1,1,0,0,0,0,18.6,507,https://www.speedrun.com/users/ManiacDoc
739,tomkabs,No included runs,Canada,158.16,150.16,8,0,1,1,1,0,0,0,0,18.58,508,https://www.speedrun.com/users/tomkabs
740,OscarHK,No included runs,Colombia,157.79,139.9,17.89,0,5,5,1,0,0,0,0,23.37,178,https://www.speedrun.com/users/OscarHK
741,Creepr101,No included runs,United States,157.68,149.68,8,0,1,1,1,0,0,0,0,17.11,121,https://www.speedrun.com/users/Creepr101
742,GrisZ3r0,No included runs,United States,157.68,149.68,8,0,1,1,1,0,0,0,0,17.11,121,https://www.speedrun.com/users/GrisZ3r0
743,sol0910,No included runs,Japan,157.68,149.68,8,0,1,1,1,0,0,0,0,17.11,121,https://www.speedrun.com/users/sol0910
744,elsiz,No included runs,Spain,157.62,149.62,8,0,1,1,1,0,0,0,0,18.55,511,https://www.speedrun.com/users/elsiz
745,PixelPerfectRuns,No included runs,United States,157.62,149.62,8,0,1,1,1,0,0,0,0,18.55,511,https://www.speedrun.com/users/PixelPerfectRuns
746,timmyblox,No included runs,United States,157.62,149.62,8,0,1,1,1,0,0,0,0,18.55,511,https://www.speedrun.com/users/timmyblox
747,Shark_Eat_Fish,No included runs,United States,157.59,129.7,17.89,10,5,5,2,0,0,0,0,24.99,428.4,https://www.speedrun.com/users/Shark_Eat_Fish
748,Josito,No included runs,Spain,157.32,146.01,11.31,0,2,2,1,0,0,0,0,21.62,474,https://www.speedrun.com/users/Josito
749,RudieCantFail,No included runs,United Kingdom,157.06,133.2,13.86,10,3,3,2,0,0,0,0,21.13,569.33,https://www.speedrun.com/users/RudieCantFail
750,Helvete,No included runs,Poland,156.73,148.73,8,0,1,1,1,0,0,0,0,18.48,516,https://www.speedrun.com/users/Helvete
751,Qwy,No included runs,Canada,156.73,148.73,8,0,1,1,1,0,0,0,0,18.48,516,https://www.speedrun.com/users/Qwy
752,Zorilla33,No included runs,United States,156.73,148.73,8,0,1,1,1,0,0,0,0,18.48,516,https://www.speedrun.com/users/Zorilla33
753,D1sconnect,No included runs,Russia,156.67,135.36,11.31,10,2,2,2,0,0,0,0,20.14,406,https://www.speedrun.com/users/D1sconnect
754,Ezakt,No included runs,United States,156.57,135.26,11.31,10,2,2,2,0,0,0,0,16.82,246.5,https://www.speedrun.com/users/Ezakt
755,TarokoKookie,No included runs,Taiwan,156.5,135.19,11.31,10,2,2,2,0,0,0,0,22,593,https://www.speedrun.com/users/TarokoKookie
756,TheBubbs2010,No included runs,United States,156.17,134.86,11.31,10,2,2,2,0,0,0,0,21.64,550,https://www.speedrun.com/users/TheBubbs2010
757,PGHGuitarGuy,No included runs,United States,155.3,147.3,8,0,1,1,1,0,0,0,0,18.38,524,https://www.speedrun.com/users/PGHGuitarGuy
758,RedPepper,No included runs,United States,155.3,147.3,8,0,1,1,1,0,0,0,0,18.38,524,https://www.speedrun.com/users/RedPepper
759,tensai_qc,No included runs,Canada,155.3,147.3,8,0,1,1,1,0,0,0,0,18.38,524,https://www.speedrun.com/users/tensai_qc
760,itznotsilence,No included runs,Russia,154.88,133.57,11.31,10,2,2,2,0,0,0,0,20.31,232,https://www.speedrun.com/users/itznotsilence
761,TheShadowPro,No included runs,Taiwan,154.81,130.95,13.86,10,3,3,2,0,0,0,0,23.71,607.33,https://www.speedrun.com/users/TheShadowPro
762,DarkCecil,No included runs,United States,154.79,143.48,11.31,0,2,2,1,0,0,0,0,19.45,124.5,https://www.speedrun.com/users/DarkCecil
763,y_kudo,No included runs,Japan,154.6,108.6,16,30,4,4,4,0,0,0,0,19.04,63.75,https://www.speedrun.com/users/y_kudo
764,orkybork,No included runs,Canada,154.18,124.58,19.6,10,6,6,2,0,0,1,1,23.83,281.5,https://www.speedrun.com/users/orkybork
765,Wuzi,No included runs,Czech Republic,153.91,107.38,26.53,20,11,11,3,0,0,0,0,23.34,347.36,https://www.speedrun.com/users/Wuzi
766,Eclipsed,No included runs,Antarctica,153.53,145.53,8,0,1,1,1,0,0,0,0,18.25,534,https://www.speedrun.com/users/Eclipsed
767,Nicro,No included runs,Canada,153.53,145.53,8,0,1,1,1,0,0,0,0,18.25,534,https://www.speedrun.com/users/Nicro
768,Widmee,No included runs,Norway,153.53,145.53,8,0,1,1,1,0,0,0,0,18.25,534,https://www.speedrun.com/users/Widmee
769,SherriAttacks,No included runs,Canada,153.37,129.51,13.86,10,3,3,2,0,0,1,1,21.34,407.67,https://www.speedrun.com/users/SherriAttacks
770,Francesco,No included runs,United States,153.22,131.91,11.31,10,2,2,2,0,0,0,0,22.05,686.5,https://www.speedrun.com/users/Francesco
771,Muty,No included runs,Hungary,152.82,144.82,8,0,1,1,1,0,0,0,0,18.19,538,https://www.speedrun.com/users/Muty
772,oldoldYa,No included runs,China,152.82,144.82,8,0,1,1,1,0,0,0,0,18.19,538,https://www.speedrun.com/users/oldoldYa
773,rjscarbo,,,152.82,144.82,8,0,1,1,1,0,0,0,0,18.19,538,https://www.speedrun.com/users/rjscarbo
774,SladeDaddy,No included runs,Canada,152.82,144.82,8,0,1,1,1,0,0,0,0,18.19,538,https://www.speedrun.com/users/SladeDaddy
775,DeadmanPR,No included runs,Puerto Rico,152.71,126.71,16,10,4,4,2,0,0,0,0,24.05,345,https://www.speedrun.com/users/DeadmanPR
776,AR007,,,152.51,141.2,11.31,0,2,2,1,0,0,0,0,20.57,175,https://www.speedrun.com/users/AR007
777,CmSpeedrunner,No included runs,United Kingdom,152.12,130.81,11.31,10,2,2,2,0,0,0,0,19.22,234.5,https://www.speedrun.com/users/CmSpeedrunner
778,NudeGunray,,,151.94,143.94,8,0,1,1,1,0,0,0,0,18.13,543,https://www.speedrun.com/users/NudeGunray
779,wheezycheeks,No included runs,United States,151.94,143.94,8,0,1,1,1,0,0,0,0,18.13,543,https://www.speedrun.com/users/wheezycheeks
780,MoonJi,No included runs,South Korea,151.8,140.49,11.31,0,2,2,1,0,0,0,0,21.87,524.5,https://www.speedrun.com/users/MoonJi
781,PabloDiazViolin,No included runs,Spain,151.69,140.38,11.31,0,2,2,1,0,0,0,0,18.52,391,https://www.speedrun.com/users/PabloDiazViolin
782,Logan_Sacrey,No included runs,Canada,151.61,140.3,11.31,0,2,2,1,0,0,0,0,17.36,131,https://www.speedrun.com/users/Logan_Sacrey
783,Dr_CorvusB,No included runs,Mexico,151.34,140.03,11.31,0,2,2,1,0,0,0,0,21.72,469,https://www.speedrun.com/users/Dr_CorvusB
784,Kawanina,No included runs,Japan,151.23,143.23,8,0,1,1,1,0,0,0,0,16.07,70,https://www.speedrun.com/users/Kawanina
785,Seed_08,,,151.23,143.23,8,0,1,1,1,0,0,0,0,16.07,70,https://www.speedrun.com/users/Seed_08
786,Bdog,,,151.06,143.06,8,0,1,1,1,0,0,0,0,18.06,548,
787,yellowelevator815,No included runs,United States,150.97,129.66,11.31,10,2,2,2,0,0,0,0,17.7,53.5,https://www.speedrun.com/users/yellowelevator815
788,InfiniteZone,No included runs,United States,150.89,142.89,8,0,1,1,1,0,0,0,0,18.05,549,https://www.speedrun.com/users/InfiniteZone
789,Beardstrength,No included runs,Canada,150.73,129.42,11.31,10,2,2,2,0,0,0,0,20.29,539,https://www.speedrun.com/users/Beardstrength
790,NoSleep,No included runs,Germany,150.6,126.74,13.86,10,3,3,2,0,0,0,0,20.53,411.67,https://www.speedrun.com/users/NoSleep
791,PhistaCooter,No included runs,United States,150.53,142.53,8,0,1,1,1,0,0,0,0,18.02,551,https://www.speedrun.com/users/PhistaCooter
792,Miqoou,No included runs,Finland,150.48,139.17,11.31,0,2,2,1,0,0,1,1,15.82,10.5,https://www.speedrun.com/users/Miqoou
793,Broran01,No included runs,United States,150.36,142.36,8,0,1,1,1,0,0,0,0,18.01,552,https://www.speedrun.com/users/Broran01
794,TheTerrificTracy,No included runs,United States,150.33,122.44,17.89,10,5,5,2,0,0,0,0,25.91,367,https://www.speedrun.com/users/TheTerrificTracy
795,cdngam3r,No included runs,Canada,150.06,138.75,11.31,0,2,2,1,0,0,0,0,19.03,64,https://www.speedrun.com/users/cdngam3r
796,lamsauce17,No included runs,United States,149.66,141.66,8,0,1,1,1,0,0,0,0,17.96,556,https://www.speedrun.com/users/lamsauce17
797,AlfaV,No included runs,Czech Republic,149.63,128.32,11.31,10,2,2,2,0,0,0,0,18.88,533,https://www.speedrun.com/users/AlfaV
798,Retrogaming2084,No included runs,United States,149.31,141.31,8,0,1,1,1,0,0,0,0,17.93,558,https://www.speedrun.com/users/Retrogaming2084
799,Jgal0t,No included runs,Japan,149.15,99.55,19.6,30,6,6,4,0,0,0,0,18.75,48.17,https://www.speedrun.com/users/Jgal0t
800,AquaticBoba,No included runs,United States,149.13,141.13,8,0,1,1,1,0,0,0,0,17.92,559,https://www.speedrun.com/users/AquaticBoba
801,Codeq,No included runs,Poland,148.96,140.96,8,0,1,1,1,0,0,0,0,17.91,560,https://www.speedrun.com/users/Codeq
802,anpan,No included runs,Japan,148.61,140.61,8,0,1,1,1,0,0,0,0,17.88,562,https://www.speedrun.com/users/anpan
803,Ian_1243,No included runs,Peru,148.61,140.61,8,0,1,1,1,0,0,0,0,17.88,562,https://www.speedrun.com/users/Ian_1243
804,Neeberz,No included runs,United States,148.4,137.09,11.31,0,2,2,1,0,0,0,0,20.94,477.5,https://www.speedrun.com/users/Neeberz
805,DearieMiri,No included runs,United States,148.09,140.09,8,0,1,1,1,0,0,0,0,17.84,565,https://www.speedrun.com/users/DearieMiri
806,Helaman_Hatcher,No included runs,New Zealand,148.09,140.09,8,0,1,1,1,0,0,0,0,17.84,565,https://www.speedrun.com/users/Helaman_Hatcher
807,evadecaptcha,No included runs,United States,147.56,139.56,8,0,1,1,1,0,0,0,0,17.8,568,https://www.speedrun.com/users/evadecaptcha
808,PARS1K,No included runs,Germany,147.35,136.04,11.31,0,2,2,1,0,0,0,0,21.13,489,https://www.speedrun.com/users/PARS1K
809,BigCheese,No included runs,United States,147.22,139.22,8,0,1,1,1,0,0,0,0,17.78,570,https://www.speedrun.com/users/BigCheese
810,cantaloupeme,No included runs,United States,147,135.69,11.31,0,2,2,1,0,0,0,0,21.92,591.5,https://www.speedrun.com/users/cantaloupeme
811,gamestabled,No included runs,United States,146.87,138.87,8,0,1,1,1,0,0,0,0,17.75,572,https://www.speedrun.com/users/gamestabled
812,Powercube,No included runs,Romania,146.78,122.92,13.86,10,3,3,2,0,0,0,0,22.36,628,https://www.speedrun.com/users/Powercube
813,Symmba,No included runs,United States,146.71,138.71,8,0,1,1,1,0,0,0,0,16.36,146,https://www.speedrun.com/users/Symmba
814,Tegron,No included runs,Poland,146.71,138.71,8,0,1,1,1,0,0,0,0,16.36,146,https://www.speedrun.com/users/Tegron
815,Broycey,No included runs,United States,146.52,138.52,8,0,1,1,1,0,0,0,0,17.72,574,https://www.speedrun.com/users/Broycey
816,maestrocc,No included runs,England,146.35,138.35,8,0,1,1,1,0,0,0,0,17.71,575,https://www.speedrun.com/users/maestrocc
817,Rayquaza911,No included runs,Canada,146.26,122.4,13.86,10,3,3,2,0,0,0,0,21.06,404.33,https://www.speedrun.com/users/Rayquaza911
818,icterus440,No included runs,United States,146.03,134.72,11.31,0,2,2,1,0,0,0,0,21.01,507.5,https://www.speedrun.com/users/icterus440
819,tch,No included runs,Vietnam,146,138,8,0,1,1,1,0,0,0,0,17.68,577,https://www.speedrun.com/users/tch
820,j3j_ajxx,No included runs,United States,145.93,122.07,13.86,10,3,3,2,0,0,0,0,22.55,584.33,https://www.speedrun.com/users/j3j_ajxx
821,sqwee,No included runs,France,145.82,124.51,11.31,10,2,2,2,0,0,0,0,19.34,195,https://www.speedrun.com/users/sqwee
822,Exoman,No included runs,Finland,145.66,137.66,8,0,1,1,1,0,0,0,0,17.66,579,https://www.speedrun.com/users/Exoman
823,RobinTetris,No included runs,Netherlands,145.66,137.66,8,0,1,1,1,0,0,0,0,17.66,579,https://www.speedrun.com/users/RobinTetris
824,smartalec24,No included runs,United States,145.31,92.68,22.63,30,8,8,4,0,0,0,0,22.36,234.63,https://www.speedrun.com/users/smartalec24
825,HenryNutsy,No included runs,Poland,145.05,131.19,13.86,0,3,3,1,0,0,0,0,19.59,146.67,https://www.speedrun.com/users/HenryNutsy
826,TigDwan,No included runs,United States,144.62,136.62,8,0,1,1,1,0,0,0,0,17.58,585,https://www.speedrun.com/users/TigDwan
827,Rainbow_Ride,No included runs,Sweden,144.59,123.28,11.31,10,2,2,2,0,0,0,0,18.26,378,https://www.speedrun.com/users/Rainbow_Ride
828,Bismuth,No included runs,Québec,144.45,133.14,11.31,0,2,2,1,0,0,0,0,18.5,493,https://www.speedrun.com/users/Bismuth
829,ExyPam,No included runs,Turkey,144.39,133.08,11.31,0,2,2,1,0,0,0,0,20.78,510,https://www.speedrun.com/users/ExyPam
830,MyaSMB1,No included runs,United States,144.28,136.28,8,0,1,1,1,0,0,0,0,17.55,587,https://www.speedrun.com/users/MyaSMB1
831,Blahaj64,No included runs,Canada,143.92,122.61,11.31,10,2,2,2,0,0,0,0,18.41,917.5,https://www.speedrun.com/users/Blahaj64
832,selflessscoundrel,No included runs,United States,143.76,135.76,8,0,1,1,1,0,0,0,0,17.51,590,https://www.speedrun.com/users/selflessscoundrel
833,Infared_,No included runs,United States,143.59,135.59,8,0,1,1,1,0,0,0,0,17.5,591,https://www.speedrun.com/users/Infared_
834,Smartball,No included runs,United States,143.3,121.99,11.31,10,2,2,2,0,0,0,0,16.91,355.5,https://www.speedrun.com/users/Smartball
835,MarthSR,No included runs,Québec,143.25,119.39,13.86,10,3,3,2,0,0,0,0,23.83,646.33,https://www.speedrun.com/users/MarthSR
836,PKfreeze,No included runs,United States,143.24,135.24,8,0,1,1,1,0,0,0,0,17.48,593,https://www.speedrun.com/users/PKfreeze
837,Lemoniau,No included runs,United States,142.9,134.9,8,0,1,1,1,0,0,0,0,17.45,595,https://www.speedrun.com/users/Lemoniau
838,Lyvye327,No included runs,United States,142.9,134.9,8,0,1,1,1,0,0,0,0,17.45,595,https://www.speedrun.com/users/Lyvye327
839,nyoshi10,No included runs,United States,142.85,134.85,8,0,1,1,1,0,0,0,0,16.09,155,https://www.speedrun.com/users/nyoshi10
840,Okmenaut,No included runs,Germany,142.8,128.94,13.86,0,3,3,1,0,0,0,0,23.9,465.67,https://www.speedrun.com/users/Okmenaut
841,kemushi,No included runs,Germany,142.55,131.24,11.31,0,2,2,1,0,0,1,1,17.43,120.5,https://www.speedrun.com/users/kemushi
842,Avasion,No included runs,United States,142.04,134.04,8,0,1,1,1,0,0,0,0,17.38,600,https://www.speedrun.com/users/Avasion
843,FranzKaiser,No included runs,Mexico,142.04,134.04,8,0,1,1,1,0,0,0,0,17.38,600,https://www.speedrun.com/users/FranzKaiser
844,grntsgrntsgrntsgrnts,No included runs,United States,141.99,118.13,13.86,10,3,3,2,0,0,0,0,21.7,665.33,https://www.speedrun.com/users/grntsgrntsgrntsgrnts
845,dad_streamer,No included runs,United States,141.7,133.7,8,0,1,1,1,0,0,0,0,17.36,602,https://www.speedrun.com/users/dad_streamer
846,ZBomb07,No included runs,United States,141.37,127.51,13.86,0,3,3,1,0,0,0,0,22.04,228,https://www.speedrun.com/users/ZBomb07
847,BradenLOL,No included runs,Canada,141.36,133.36,8,0,1,1,1,0,0,0,0,17.33,604,https://www.speedrun.com/users/BradenLOL
848,SouthernPretzel,No included runs,United States,141.36,133.36,8,0,1,1,1,0,0,0,0,17.33,604,https://www.speedrun.com/users/SouthernPretzel
849,Capt.Azure,No included runs,United States,140.85,132.85,8,0,1,1,1,0,0,0,0,17.29,607,https://www.speedrun.com/users/Capt.Azure
850,authorblues,No included runs,United States,140.73,102.84,17.89,20,5,5,3,0,1,2,4,17.63,351.8,https://www.speedrun.com/users/authorblues
851,oncejohn,No included runs,Taiwan,140.34,132.34,8,0,1,1,1,0,0,0,0,17.25,610,https://www.speedrun.com/users/oncejohn
852,MadMegaX381,No included runs,United States,140.17,132.17,8,0,1,1,1,0,0,0,0,17.24,611,https://www.speedrun.com/users/MadMegaX381
853,whitelyyy,No included runs,England,139.9,128.59,11.31,0,2,2,1,0,0,0,0,19.44,490,https://www.speedrun.com/users/whitelyyy
854,XavGGs,No included runs,United States,139.49,131.49,8,0,1,1,1,0,0,0,0,17.19,615,https://www.speedrun.com/users/XavGGs
855,relievedliberty,No included runs,United States,139.15,131.15,8,0,1,1,1,0,0,0,0,17.16,617,https://www.speedrun.com/users/relievedliberty
856,liiightwb,No included runs,Canada,138.81,130.81,8,0,1,1,1,0,0,0,0,17.14,619,https://www.speedrun.com/users/liiightwb
857,Petalite,No included runs,Brazil,138.47,130.47,8,0,1,1,1,0,0,0,0,17.11,621,https://www.speedrun.com/users/Petalite
858,TheLostLlama,No included runs,United States,138.2,126.89,11.31,0,2,2,1,0,0,0,0,15.62,14,https://www.speedrun.com/users/TheLostLlama
859,MarioBataliJr,,,138.13,130.13,8,0,1,1,1,0,0,0,0,17.08,623,https://www.speedrun.com/users/MarioBataliJr
860,Remz,No included runs,Québec,137.98,114.12,13.86,10,3,3,2,0,0,0,0,19.89,137,https://www.speedrun.com/users/Remz
861,CurtsNewBrand,No included runs,United States,137.8,129.8,8,0,1,1,1,0,0,0,0,17.06,625,https://www.speedrun.com/users/CurtsNewBrand
862,k0zzx,No included runs,Suriname,137.8,129.8,8,0,1,1,1,0,0,0,0,17.06,625,https://www.speedrun.com/users/k0zzx
863,toiletcomputer,No included runs,Australia,137.47,101.47,16,20,4,4,3,0,0,0,0,21.41,531.25,https://www.speedrun.com/users/toiletcomputer
864,Ribena,No included runs,England,137.46,129.46,8,0,1,1,1,0,0,0,0,17.03,627,https://www.speedrun.com/users/Ribena
865,mozart.ama69,No included runs,Denmark,137.46,126.15,11.31,0,2,2,1,0,0,0,0,20.23,488.5,https://www.speedrun.com/users/mozart.ama69
866,Eunos,,,137.35,129.35,8,0,1,1,1,0,0,0,0,15.7,168,https://www.speedrun.com/users/Eunos
867,SgtRaven,No included runs,United States,137.12,129.12,8,0,1,1,1,0,0,0,0,17.01,629,https://www.speedrun.com/users/SgtRaven
868,Tuck,No included runs,United States,136.96,125.65,11.31,0,2,2,1,0,0,0,0,20.44,518,https://www.speedrun.com/users/Tuck
869,ALiveWizard,No included runs,France,136.62,128.62,8,0,1,1,1,0,0,0,0,16.97,632,https://www.speedrun.com/users/ALiveWizard
870,denkiya,No included runs,Japan,136.47,112.61,13.86,10,3,3,2,0,0,0,0,17.95,38.67,https://www.speedrun.com/users/denkiya
871,GreenSir,No included runs,China,136.45,128.45,8,0,1,1,1,0,0,0,0,16.95,633,https://www.speedrun.com/users/GreenSir
872,KPeace74,No included runs,United States,136.28,128.28,8,0,1,1,1,0,0,0,0,16.94,634,https://www.speedrun.com/users/KPeace74
873,OCookie,No included runs,United Kingdom,136.28,128.28,8,0,1,1,1,0,0,0,0,16.94,634,https://www.speedrun.com/users/OCookie
874,JSR_,No included runs,United States,136.24,112.38,13.86,10,3,3,2,0,0,0,0,19.91,406.67,https://www.speedrun.com/users/JSR_
875,RyanGames,,,135.56,111.7,13.86,10,3,3,2,0,0,0,0,20.89,581.67,
876,The_TK,No included runs,Canada,135.44,127.44,8,0,1,1,1,0,0,0,0,16.87,639,https://www.speedrun.com/users/The_TK
877,subuya1234,No included runs,United States,135.11,127.11,8,0,1,1,1,0,0,0,0,16.85,641,https://www.speedrun.com/users/subuya1234
878,fasteronavespa,No included runs,United States,134.94,126.94,8,0,1,1,1,0,0,0,0,16.84,642,https://www.speedrun.com/users/fasteronavespa
879,The_Toble,No included runs,Germany,134.94,126.94,8,0,1,1,1,0,0,0,0,16.84,642,https://www.speedrun.com/users/The_Toble
880,skyeves,No included runs,Scotland,134.6,126.6,8,0,1,1,1,0,0,0,0,16.81,644,https://www.speedrun.com/users/skyeves
881,Tarthur2006,No included runs,Singapore,134.44,126.44,8,0,1,1,1,0,0,0,0,16.8,645,https://www.speedrun.com/users/Tarthur2006
882,BandDGames,No included runs,United States,134.27,126.27,8,0,1,1,1,0,0,0,0,16.78,646,https://www.speedrun.com/users/BandDGames
883,mikerouchburns,No included runs,United States,133.94,125.94,8,0,1,1,1,0,0,0,0,16.76,648,https://www.speedrun.com/users/mikerouchburns
884,zhou114514,No included runs,China,133.82,122.51,11.31,0,2,2,1,0,0,0,0,19.27,439,https://www.speedrun.com/users/zhou114514
885,Kyro,No included runs,England,133.77,125.77,8,0,1,1,1,0,0,0,0,16.74,649,https://www.speedrun.com/users/Kyro
886,Senni,No included runs,Italy,133.77,125.77,8,0,1,1,1,0,0,0,0,16.74,649,https://www.speedrun.com/users/Senni
887,Teadiel,No included runs,United States,133.59,125.59,8,0,1,1,1,0,0,0,0,15.43,177,https://www.speedrun.com/users/Teadiel
888,WeakerYouth,No included runs,United States,133.44,125.44,8,0,1,1,1,0,0,0,0,16.72,651,https://www.speedrun.com/users/WeakerYouth
889,Maggitz,No included runs,United States,133.26,107.26,16,10,4,4,2,0,0,0,0,21.49,603.5,https://www.speedrun.com/users/Maggitz
890,Linc,No included runs,United States,133.17,121.86,11.31,0,2,2,1,0,0,0,0,17.21,298.5,https://www.speedrun.com/users/Linc
891,StarMouse64,No included runs,Italy,133.13,121.82,11.31,0,2,2,1,0,0,0,0,19.44,461.5,https://www.speedrun.com/users/StarMouse64
892,Freezen85,No included runs,Finland,133.1,125.1,8,0,1,1,1,0,0,0,0,16.69,653,https://www.speedrun.com/users/Freezen85
893,Lemons_Picrun,No included runs,Japan,133.02,97.02,16,20,4,4,3,0,0,0,0,19.19,381.25,https://www.speedrun.com/users/Lemons_Picrun
894,BlazingRaven495,No included runs,United States,132.97,111.66,11.31,10,2,2,2,0,0,0,0,17.48,190,https://www.speedrun.com/users/BlazingRaven495
895,bnetters,No included runs,United States,132.44,124.44,8,0,1,1,1,0,0,0,0,16.64,657,https://www.speedrun.com/users/bnetters
896,One_Street,No included runs,United States,132.44,124.44,8,0,1,1,1,0,0,0,0,16.64,657,https://www.speedrun.com/users/One_Street
897,Xray74,No included runs,England,132.37,108.51,13.86,10,3,2,2,0,0,0,0,16.96,300,https://www.speedrun.com/users/Xray74
898,SpeedIn,No included runs,Israel,132.26,106.26,16,10,4,4,2,0,0,0,0,21.98,629.5,https://www.speedrun.com/users/SpeedIn
899,Jeo27,No included runs,Argentina,132.11,124.11,8,0,1,1,1,0,0,0,0,16.61,659,https://www.speedrun.com/users/Jeo27
900,C0RN_D4WG,No included runs,United States,131.69,110.38,11.31,10,2,2,2,0,0,0,0,17.98,474.5,https://www.speedrun.com/users/C0RN_D4WG
901,SatoSere4ever,No included runs,Hong Kong,131.63,123.63,8,0,1,1,1,0,0,0,0,14.74,102,https://www.speedrun.com/users/SatoSere4ever
902,Toaster_Boiiiiiiiii,No included runs,United States,131.61,123.61,8,0,1,1,1,0,0,0,0,16.57,662,https://www.speedrun.com/users/Toaster_Boiiiiiiiii
903,SkylightFox,No included runs,Sweden,131.45,123.45,8,0,1,1,1,0,0,0,0,16.56,663,https://www.speedrun.com/users/SkylightFox
904,Broange,No included runs,China,131.38,97.52,13.86,20,3,3,3,0,0,0,0,14.09,72.67,https://www.speedrun.com/users/Broange
905,Lucas_Mariano,No included runs,Brazil,131.36,110.05,11.31,10,2,2,2,0,0,0,0,19.71,776,https://www.speedrun.com/users/Lucas_Mariano
906,Nacorio,No included runs,Germany,131.28,123.28,8,0,1,1,1,0,0,0,0,16.55,664,https://www.speedrun.com/users/Nacorio
907,super_sand_lesbian,No included runs,United States,131.19,119.88,11.31,0,2,2,1,0,0,0,0,20.31,593,https://www.speedrun.com/users/super_sand_lesbian
908,skivie_,No included runs,Portugal,131.12,123.12,8,0,1,1,1,0,0,0,0,15.25,183,https://www.speedrun.com/users/skivie_
909,Ethanrocks,No included runs,United States,130.89,119.58,11.31,0,2,2,1,0,0,0,0,20.32,600.5,https://www.speedrun.com/users/Ethanrocks
910,Ruffeline,No included runs,Germany,130.78,122.78,8,0,1,1,1,0,0,0,0,16.51,667,https://www.speedrun.com/users/Ruffeline
911,PackSciences,No included runs,French Southern Territories,130.73,119.42,11.31,0,2,2,1,0,0,0,0,20.22,586.5,https://www.speedrun.com/users/PackSciences
912,Ankay,No included runs,France,130.45,122.45,8,0,1,1,1,0,0,0,0,16.48,669,https://www.speedrun.com/users/Ankay
913,imarandomspeedrunner,No included runs,Canada,130.43,106.57,13.86,10,3,3,2,0,0,0,0,20.07,596,https://www.speedrun.com/users/imarandomspeedrunner
914,SpicyChickenSpiciBoi,No included runs,United States,130.29,122.29,8,0,1,1,1,0,0,0,0,16.47,670,https://www.speedrun.com/users/SpicyChickenSpiciBoi
915,Leof_0,No included runs,Dominican Republic,130.13,122.13,8,0,1,1,1,0,0,0,0,16.46,671,https://www.speedrun.com/users/Leof_0
916,JWILD,No included runs,United States,129.82,118.51,11.31,0,2,2,1,0,0,0,0,16.44,542.5,https://www.speedrun.com/users/JWILD
917,thespaceweasel,No included runs,United States,129.8,121.8,8,0,1,1,1,0,0,0,0,16.43,673,https://www.speedrun.com/users/thespaceweasel
918,Merriam,No included runs,United States,129.63,121.63,8,0,1,1,1,0,0,0,0,16.42,674,https://www.speedrun.com/users/Merriam
919,SquareGo,No included runs,Scotland,129.63,121.63,8,0,1,1,1,0,0,0,0,16.42,674,https://www.speedrun.com/users/SquareGo
920,YiForLife,No included runs,Serbia,129.43,108.12,11.31,10,2,2,2,0,0,0,0,12.56,45.5,https://www.speedrun.com/users/YiForLife
921,VisualS,No included runs,Argentina,129.22,105.36,13.86,10,3,3,2,0,0,0,0,21.17,687.33,https://www.speedrun.com/users/VisualS
922,piki_SSBM,,,128.97,120.97,8,0,1,1,1,0,0,0,0,16.37,678,https://www.speedrun.com/users/piki_SSBM
923,RaikouRider,No included runs,United States,128.9,99.3,19.6,10,6,6,2,0,0,0,0,20.79,68.33,https://www.speedrun.com/users/RaikouRider
924,Nikitozawr_war,No included runs,Russia,128.58,107.27,11.31,10,2,2,2,0,0,0,0,19.38,788.5,https://www.speedrun.com/users/Nikitozawr_war
925,Vastib,No included runs,United States,127.99,119.99,8,0,1,1,1,0,0,0,0,16.29,684,https://www.speedrun.com/users/Vastib
926,SanJorge123,No included runs,United States,127.83,119.83,8,0,1,1,1,0,0,0,0,16.27,685,https://www.speedrun.com/users/SanJorge123
927,ylovhy,No included runs,France,127.67,119.67,8,0,1,1,1,0,0,0,0,16.26,686,https://www.speedrun.com/users/ylovhy
928,Numbly,No included runs,Peru,127.63,116.32,11.31,0,2,2,1,0,0,0,0,18.26,293,https://www.speedrun.com/users/Numbly
929,ChiaraSM64,No included runs,France,127.5,119.5,8,0,1,1,1,0,0,0,0,16.25,687,https://www.speedrun.com/users/ChiaraSM64
930,MG_Link,No included runs,United States,127.03,119.03,8,0,1,1,1,0,0,0,0,14.95,193,https://www.speedrun.com/users/MG_Link
931,theSkyW,No included runs,United States,127.01,119.01,8,0,1,1,1,0,0,0,0,16.21,690,https://www.speedrun.com/users/theSkyW
932,TrentHoffman,No included runs,United States,127.01,119.01,8,0,1,1,1,0,0,0,0,16.21,690,https://www.speedrun.com/users/TrentHoffman
933,Danklin27,No included runs,United States,126.82,112.96,13.86,0,3,3,1,0,0,0,0,19.3,164,https://www.speedrun.com/users/Danklin27
934,Mak_NiFiCenT,No included runs,United States,126.69,118.69,8,0,1,1,1,0,0,0,0,16.18,692,https://www.speedrun.com/users/Mak_NiFiCenT
935,NovaSpectrum,No included runs,Spain,126.63,118.63,8,0,1,1,1,0,0,0,0,14.92,194,https://www.speedrun.com/users/NovaSpectrum
936,jay_the_wook,No included runs,United States,126.2,118.2,8,0,1,1,1,0,0,0,0,16.14,695,https://www.speedrun.com/users/jay_the_wook
937,eatmypizza,No included runs,United States,125.88,117.88,8,0,1,1,1,0,0,0,0,16.12,697,https://www.speedrun.com/users/eatmypizza
938,arthurhu,No included runs,United States,125.71,117.71,8,0,1,1,1,0,0,0,0,16.1,698,https://www.speedrun.com/users/arthurhu
939,Avortua,No included runs,France,125.71,117.71,8,0,1,1,1,0,0,0,0,16.1,698,https://www.speedrun.com/users/Avortua
940,b_Zy,No included runs,Austria,125.71,117.71,8,0,1,1,1,0,0,0,0,16.1,698,https://www.speedrun.com/users/b_Zy
941,beardylocks,No included runs,United States,125.71,117.71,8,0,1,1,1,0,0,0,0,16.1,698,https://www.speedrun.com/users/beardylocks
942,BlackSails,No included runs,United States,125.71,117.71,8,0,1,1,1,0,0,0,0,16.1,698,https://www.speedrun.com/users/BlackSails
943,crashxxl,No included runs,France,125.71,117.71,8,0,1,1,1,0,0,0,0,16.1,698,https://www.speedrun.com/users/crashxxl
944,dilean6,No included runs,Brazil,125.71,117.71,8,0,1,1,1,0,0,0,0,16.1,698,https://www.speedrun.com/users/dilean6
945,einbert,,,125.71,117.71,8,0,1,1,1,0,0,0,0,16.1,698,https://www.speedrun.com/users/einbert
946,Hoender,No included runs,South Africa,125.71,117.71,8,0,1,1,1,0,0,0,0,16.1,698,https://www.speedrun.com/users/Hoender
947,jepperthelepper,No included runs,United States,125.71,117.71,8,0,1,1,1,0,0,0,0,16.1,698,https://www.speedrun.com/users/jepperthelepper
948,Kilo,No included runs,Scotland,125.71,117.71,8,0,1,1,1,0,0,0,0,16.1,698,https://www.speedrun.com/users/Kilo
949,mikromikko,No included runs,Finland,125.71,117.71,8,0,1,1,1,0,0,0,0,16.1,698,https://www.speedrun.com/users/mikromikko
950,MisterAves,No included runs,Chile,125.71,117.71,8,0,1,1,1,0,0,0,0,16.1,698,https://www.speedrun.com/users/MisterAves
951,misterlava,No included runs,Switzerland,125.71,117.71,8,0,1,1,1,0,0,0,0,16.1,698,https://www.speedrun.com/users/misterlava
952,Neptunolium,No included runs,United Kingdom,125.71,117.71,8,0,1,1,1,0,0,0,0,16.1,698,https://www.speedrun.com/users/Neptunolium
953,SoaringOwlet,,,125.71,117.71,8,0,1,1,1,0,0,0,0,16.1,698,https://www.speedrun.com/users/SoaringOwlet
954,Suhti,No included runs,Germany,125.71,117.71,8,0,1,1,1,0,0,0,0,16.1,698,https://www.speedrun.com/users/Suhti
955,TheCherryPoint,,,125.71,117.71,8,0,1,1,1,0,0,0,0,16.1,698,
956,Tymondo,No included runs,Canada,125.71,117.71,8,0,1,1,1,0,0,0,0,16.1,698,https://www.speedrun.com/users/Tymondo
957,Vorkey,No included runs,England,125.71,117.71,8,0,1,1,1,0,0,0,0,16.1,698,https://www.speedrun.com/users/Vorkey
958,whitman_price_,No included runs,United States,125.71,117.71,8,0,1,1,1,0,0,0,0,16.1,698,https://www.speedrun.com/users/whitman_price_
959,Riccioli88,No included runs,Italy,125.52,114.21,11.31,0,2,2,1,0,0,0,0,18.98,506,https://www.speedrun.com/users/Riccioli88
960,valley5,No included runs,United States,125.44,114.13,11.31,0,2,2,1,0,0,0,0,18.11,206.5,https://www.speedrun.com/users/valley5
961,RodrigoGajo,No included runs,Portugal,125.15,103.84,11.31,10,2,2,2,0,0,0,0,17.48,614,https://www.speedrun.com/users/RodrigoGajo
962,owatax,,,125.04,113.73,11.31,0,2,2,1,0,0,0,0,16.94,78,
963,ZappyCH,No included runs,United States,124.74,113.43,11.31,0,2,2,1,0,0,0,0,18.62,294.5,https://www.speedrun.com/users/ZappyCH
964,LukeDuke04,,,124.61,116.61,8,0,1,1,1,0,0,0,0,14.77,199,https://www.speedrun.com/users/LukeDuke04
965,DaSmileKat,,,124.52,100.66,13.86,10,3,3,2,0,0,0,0,20.8,564.33,https://www.speedrun.com/users/DaSmileKat
966,IsoFrieze,No included runs,United States,124.33,100.47,13.86,10,3,3,2,0,0,0,0,20.43,508.33,https://www.speedrun.com/users/IsoFrieze
967,Arbono,No included runs,Brazil,123.81,115.81,8,0,1,1,1,0,0,0,0,14.71,201,https://www.speedrun.com/users/Arbono
968,Bib_Fury,No included runs,England,123.55,109.69,13.86,0,3,3,1,0,0,0,0,19.95,465,https://www.speedrun.com/users/Bib_Fury
969,BynocuLars,No included runs,United States,123.29,101.98,11.31,10,2,2,2,0,0,0,0,16.02,617.5,https://www.speedrun.com/users/BynocuLars
970,brman85,No included runs,United States,123.1,111.79,11.31,0,2,2,1,0,0,0,0,18.31,565,https://www.speedrun.com/users/brman85
971,Nokonoko64,No included runs,United States,123.1,111.79,11.31,0,2,2,1,0,0,0,0,16.67,153,https://www.speedrun.com/users/Nokonoko64
972,Untex,No included runs,Spain,122.61,114.61,8,0,1,1,1,0,0,0,0,14.62,204,https://www.speedrun.com/users/Untex
973,olio,No included runs,United States,121.01,113.01,8,0,1,1,1,0,0,0,0,14.5,208,https://www.speedrun.com/users/olio
974,IKnowBagu,No included runs,Canada,120.85,109.54,11.31,0,2,2,1,0,0,0,0,19.11,606,https://www.speedrun.com/users/IKnowBagu
975,Kronecker8192,No included runs,Japan,120.65,96.79,13.86,10,3,3,2,0,0,0,0,17.35,624.33,https://www.speedrun.com/users/Kronecker8192
976,Agitato,No included runs,Australia,119.94,111.94,8,0,1,1,1,0,0,0,0,15.63,734,https://www.speedrun.com/users/Agitato
977,AlvexGD,No included runs,Argentina,119.94,111.94,8,0,1,1,1,0,0,0,0,15.63,734,https://www.speedrun.com/users/AlvexGD
978,CaptCaveman910,No included runs,United States,119.94,111.94,8,0,1,1,1,0,0,0,0,15.63,734,https://www.speedrun.com/users/CaptCaveman910
979,D7X,No included runs,United States,119.94,111.94,8,0,1,1,1,0,0,0,0,15.63,734,https://www.speedrun.com/users/D7X
980,druz,No included runs,United States,119.94,111.94,8,0,1,1,1,0,0,0,0,15.63,734,https://www.speedrun.com/users/druz
981,Exay2007,No included runs,Belgium,119.94,111.94,8,0,1,1,1,0,0,0,0,15.63,734,https://www.speedrun.com/users/Exay2007
982,Exergue,No included runs,France,119.94,111.94,8,0,1,1,1,0,0,0,0,15.63,734,https://www.speedrun.com/users/Exergue
983,GeigerCouncilman,No included runs,United States,119.94,111.94,8,0,1,1,1,0,0,0,0,15.63,734,https://www.speedrun.com/users/GeigerCouncilman
984,groove,No included runs,Austria,119.94,111.94,8,0,1,1,1,0,0,0,0,15.63,734,https://www.speedrun.com/users/groove
985,itspoots,No included runs,Canada,119.94,111.94,8,0,1,1,1,0,0,0,0,15.63,734,https://www.speedrun.com/users/itspoots
986,JOGArTES,No included runs,Brazil,119.94,111.94,8,0,1,1,1,0,0,0,0,15.63,734,https://www.speedrun.com/users/JOGArTES
987,Krolink,No included runs,France,119.94,111.94,8,0,1,1,1,0,0,0,0,15.63,734,https://www.speedrun.com/users/Krolink
988,Linckx,,,119.94,111.94,8,0,1,1,1,0,0,0,0,15.63,734,https://www.speedrun.com/users/Linckx
989,LuiGGy,No included runs,Argentina,119.94,111.94,8,0,1,1,1,0,0,0,0,15.63,734,https://www.speedrun.com/users/LuiGGy
990,Maxxx1008,No included runs,United States,119.94,111.94,8,0,1,1,1,0,0,0,0,15.63,734,https://www.speedrun.com/users/Maxxx1008
991,NigelzOne,No included runs,Germany,119.94,111.94,8,0,1,1,1,0,0,0,0,15.63,734,https://www.speedrun.com/users/NigelzOne
992,Ninjaguar,No included runs,United States,119.94,111.94,8,0,1,1,1,0,0,0,0,15.63,734,https://www.speedrun.com/users/Ninjaguar
993,pawelpredki,No included runs,Poland,119.94,111.94,8,0,1,1,1,0,0,0,0,15.63,734,https://www.speedrun.com/users/pawelpredki
994,PixelPerfect,No included runs,United States,119.94,111.94,8,0,1,1,1,0,0,0,0,15.63,734,https://www.speedrun.com/users/PixelPerfect
995,Puntari,No included runs,Finland,119.94,111.94,8,0,1,1,1,0,0,0,0,15.63,734,https://www.speedrun.com/users/Puntari
996,rajupieru,No included runs,Finland,119.94,111.94,8,0,1,1,1,0,0,0,0,15.63,734,https://www.speedrun.com/users/rajupieru
997,RoiPhilosophe,No included runs,Canada,119.94,111.94,8,0,1,1,1,0,0,0,0,15.63,734,https://www.speedrun.com/users/RoiPhilosophe
998,SMFreak16,No included runs,United States,119.94,111.94,8,0,1,1,1,0,0,0,0,15.63,734,https://www.speedrun.com/users/SMFreak16
999,St0rmL1ght,No included runs,France,119.94,111.94,8,0,1,1,1,0,0,0,0,15.63,734,https://www.speedrun.com/users/St0rmL1ght
1000,TWGF1853,,,119.94,111.94,8,0,1,1,1,0,0,0,0,15.63,734,https://www.speedrun.com/users/TWGF1853
1001,Zxaos07,No included runs,Québec,119.94,111.94,8,0,1,1,1,0,0,0,0,15.63,734,https://www.speedrun.com/users/Zxaos07
1002,dr4gonz0rd,,,119.77,108.46,11.31,0,2,2,1,0,0,0,0,19.12,687.5,
1003,Falling_Tacos,No included runs,United States,118.99,97.68,11.31,10,2,2,2,0,0,0,0,17.34,555.5,https://www.speedrun.com/users/Falling_Tacos
1004,Sensato_Kuro,No included runs,Québec,118.74,107.43,11.31,0,2,2,1,0,0,0,0,18.68,732.5,https://www.speedrun.com/users/Sensato_Kuro
1005,aoikappa00,No included runs,Japan,118.31,90.42,17.89,10,5,5,2,0,0,0,0,19.32,510,https://www.speedrun.com/users/aoikappa00
1006,Japsiman,No included runs,United States,118.22,106.91,11.31,0,2,2,1,0,0,0,0,16.23,79,https://www.speedrun.com/users/Japsiman
1007,sup3rlitluigi,No included runs,United States,118.11,102.11,16,0,4,4,1,0,0,0,0,19.06,143.75,https://www.speedrun.com/users/sup3rlitluigi
1008,kamehamedoukenn,No included runs,United States,117.95,96.64,11.31,10,2,2,2,0,0,0,0,15.95,466.5,https://www.speedrun.com/users/kamehamedoukenn
1009,Heppafe,No included runs,Canada,117.86,109.86,8,0,1,1,1,0,0,0,0,14.26,216,https://www.speedrun.com/users/Heppafe
1010,Lamoosa,No included runs,United States,117.86,109.86,8,0,1,1,1,0,0,0,0,14.26,216,https://www.speedrun.com/users/Lamoosa
1011,Timmythegoat25,,,117.86,109.86,8,0,1,1,1,0,0,0,0,14.26,216,https://www.speedrun.com/users/Timmythegoat25
1012,PRZNation,No included runs,United States,116.88,105.57,11.31,0,2,2,1,0,0,0,0,18.08,575.5,https://www.speedrun.com/users/PRZNation
1013,BoBoTheMonkey,No included runs,Australia,116.23,92.37,13.86,10,3,3,2,0,0,0,0,16.97,330.33,https://www.speedrun.com/users/BoBoTheMonkey
1014,Katti,No included runs,Finland,115.99,92.13,13.86,10,3,3,2,0,0,0,0,17.54,398.67,https://www.speedrun.com/users/Katti
1015,Jayondeck,No included runs,United States,115.9,107.9,8,0,1,1,1,0,0,0,0,14.11,221,https://www.speedrun.com/users/Jayondeck
1016,Kabyblis,No included runs,France,115.9,107.9,8,0,1,1,1,0,0,0,0,14.11,221,https://www.speedrun.com/users/Kabyblis
1017,kamil2050,No included runs,Poland,115.58,85.98,19.6,10,6,6,2,0,0,0,0,19.55,521.33,https://www.speedrun.com/users/kamil2050
1018,wasuremono,No included runs,Japan,115.45,107.45,8,0,1,1,1,0,0,1,1,10.56,4,https://www.speedrun.com/users/wasuremono
1019,JayPea13,No included runs,United States,115.19,93.88,11.31,10,2,2,2,0,0,0,0,14.39,440,https://www.speedrun.com/users/JayPea13
1020,TheIntCarl,No included runs,United States,114.95,93.64,11.31,10,2,2,2,0,0,0,0,14.24,461,https://www.speedrun.com/users/TheIntCarl
1021,agwawaf,,,114.94,103.63,11.31,0,2,2,1,0,0,0,0,14.59,39,
1022,Svenne,No included runs,Sweden,114.77,93.46,11.31,10,2,2,2,0,0,1,1,12.66,31,https://www.speedrun.com/users/Svenne
1023,Jackson_D77,No included runs,United States,114.59,103.28,11.31,0,2,2,1,0,0,0,0,18.31,736.5,https://www.speedrun.com/users/Jackson_D77
1024,jorginbross,No included runs,Mexico,114.16,92.85,11.31,10,2,2,2,0,0,0,0,14.43,69,https://www.speedrun.com/users/jorginbross
1025,Mmk_,No included runs,United States,113.96,105.96,8,0,1,1,1,0,0,0,0,13.96,226,https://www.speedrun.com/users/Mmk_
1026,XLThinOreos,No included runs,Sweden,113.96,105.96,8,0,1,1,1,0,0,0,0,13.96,226,https://www.speedrun.com/users/XLThinOreos
1027,ttheolindaooo,No included runs,Brazil,113.85,102.54,11.31,0,2,2,1,0,0,0,0,17.52,586.5,https://www.speedrun.com/users/ttheolindaooo
1028,GunderMifflin,,,113.7,92.39,11.31,10,2,2,2,0,0,0,0,17.48,861.5,https://www.speedrun.com/users/GunderMifflin
1029,Revelyte23,No included runs,United States,113.47,102.16,11.31,0,2,2,1,0,0,0,0,13.81,26.5,https://www.speedrun.com/users/Revelyte23
1030,BigChunguzz,No included runs,Norway,113.38,102.07,11.31,0,2,2,1,0,0,0,0,13.75,18.5,https://www.speedrun.com/users/BigChunguzz
1031,Plainssmc,No included runs,Canada,113.24,105.24,8,0,1,1,1,0,0,0,0,13.41,134,https://www.speedrun.com/users/Plainssmc
1032,DaneHD131,No included runs,United States,113.12,101.81,11.31,0,2,2,1,0,0,0,0,15.83,214,https://www.speedrun.com/users/DaneHD131
1033,EvilestNut,No included runs,Poland,112.71,86.71,16,10,4,4,2,0,0,0,0,15.41,222,https://www.speedrun.com/users/EvilestNut
1034,XSuperFlareStarX,No included runs,United States,112.61,101.3,11.31,0,2,2,1,0,0,0,0,18.05,598.5,https://www.speedrun.com/users/XSuperFlareStarX
1035,Parke190,No included runs,United States,112.42,104.42,8,0,1,1,1,0,0,0,0,13.84,230,https://www.speedrun.com/users/Parke190
1036,uttumuttu,No included runs,Finland,112.33,104.33,8,0,1,1,1,0,0,0,0,11.41,13,https://www.speedrun.com/users/uttumuttu
1037,_Kage_,No included runs,Germany,111.96,103.96,8,0,1,1,1,0,0,0,0,14.97,785,https://www.speedrun.com/users/_Kage_
1038,ApolloSmug,No included runs,United States,111.96,103.96,8,0,1,1,1,0,0,0,0,14.97,785,https://www.speedrun.com/users/ApolloSmug
1039,Blechy,No included runs,United States,111.96,103.96,8,0,1,1,1,0,0,0,0,14.97,785,https://www.speedrun.com/users/Blechy
1040,Bogie,No included runs,United States,111.96,103.96,8,0,1,1,1,0,0,0,0,14.97,785,https://www.speedrun.com/users/Bogie
1041,Ethan172003,No included runs,Canada,111.96,103.96,8,0,1,1,1,0,0,0,0,14.97,785,https://www.speedrun.com/users/Ethan172003
1042,ethanspitzer,No included runs,United States,111.96,103.96,8,0,1,1,1,0,0,0,0,14.97,785,https://www.speedrun.com/users/ethanspitzer
1043,etopiei,No included runs,Australia,111.96,103.96,8,0,1,1,1,0,0,0,0,14.97,785,https://www.speedrun.com/users/etopiei
1044,Hannah_OwO,No included runs,Russia,111.96,103.96,8,0,1,1,1,0,0,0,0,14.97,785,https://www.speedrun.com/users/Hannah_OwO
1045,Iceac,No included runs,North Korea,111.96,103.96,8,0,1,1,1,0,0,0,0,14.97,785,https://www.speedrun.com/users/Iceac
1046,jasalmon07,No included runs,United States,111.96,103.96,8,0,1,1,1,0,0,0,0,14.97,785,https://www.speedrun.com/users/jasalmon07
1047,nalA,No included runs,United States,111.96,103.96,8,0,1,1,1,0,0,0,0,14.97,785,https://www.speedrun.com/users/nalA
1048,PMYA,No included runs,England,111.96,103.96,8,0,1,1,1,0,0,0,0,14.97,785,https://www.speedrun.com/users/PMYA
1049,ScottyJ47,No included runs,United States,111.96,103.96,8,0,1,1,1,0,0,0,0,14.97,785,https://www.speedrun.com/users/ScottyJ47
1050,SillyMillieeee,No included runs,United States,111.96,103.96,8,0,1,1,1,0,0,0,0,14.97,785,https://www.speedrun.com/users/SillyMillieeee
1051,Smudgly,No included runs,Canada,111.96,103.96,8,0,1,1,1,0,0,0,0,14.97,785,https://www.speedrun.com/users/Smudgly
1052,Sunflower_,No included runs,United States,111.96,103.96,8,0,1,1,1,0,0,0,0,14.97,785,https://www.speedrun.com/users/Sunflower_
1053,taalyelxor,No included runs,New Zealand,111.96,103.96,8,0,1,1,1,0,0,0,0,14.97,785,https://www.speedrun.com/users/taalyelxor
1054,turn1delver,No included runs,Italy,111.96,103.96,8,0,1,1,1,0,0,0,0,14.97,785,https://www.speedrun.com/users/turn1delver
1055,Zarcatus,No included runs,Germany,111.96,103.96,8,0,1,1,1,0,0,0,0,14.97,785,https://www.speedrun.com/users/Zarcatus
1056,pJ00nas,No included runs,Finland,111.95,90.64,11.31,10,2,2,2,0,0,0,0,15.99,595.5,https://www.speedrun.com/users/pJ00nas
1057,Kora,No included runs,Canada,111.81,100.5,11.31,0,2,2,1,0,0,0,0,17.9,619,https://www.speedrun.com/users/Kora
1058,CartisticStyle,No included runs,England,111.65,103.65,8,0,1,1,1,0,0,0,0,13.78,232,https://www.speedrun.com/users/CartisticStyle
1059,DrummerDragon,No included runs,Québec,111.65,103.65,8,0,1,1,1,0,0,0,0,13.78,232,https://www.speedrun.com/users/DrummerDragon
1060,54Lightning,No included runs,United States,111.06,89.75,11.31,10,2,2,2,0,0,0,0,15.52,499.5,https://www.speedrun.com/users/54Lightning
1061,InceptionSpeedruns,No included runs,United States,110.89,102.89,8,0,1,1,1,0,0,0,0,13.72,234,https://www.speedrun.com/users/InceptionSpeedruns
1062,JackJuggler,No included runs,Canada,110.89,102.89,8,0,1,1,1,0,0,0,0,13.72,234,https://www.speedrun.com/users/JackJuggler
1063,Cam Allen,,,110.5,99.19,11.31,0,2,2,1,0,0,0,0,18.24,672.5,
1064,Ender_boy24,No included runs,United States,109.28,97.97,11.31,0,2,2,1,0,0,0,0,13.33,142,https://www.speedrun.com/users/Ender_boy24
1065,JoakoLab,No included runs,Argentina,109.07,101.07,8,0,1,1,1,0,0,0,0,12.78,101,https://www.speedrun.com/users/JoakoLab
1066,andresfgp13,No included runs,Chile,108.87,82.87,16,10,4,4,2,0,0,0,0,17.32,524.75,https://www.speedrun.com/users/andresfgp13
1067,ShyKoopa,No included runs,France,108.85,74.85,24,10,9,9,2,0,0,0,0,22.49,319.89,https://www.speedrun.com/users/ShyKoopa
1068,nad_chario,No included runs,Austria,108.4,97.09,11.31,0,2,2,1,0,0,0,0,17,534,https://www.speedrun.com/users/nad_chario
1069,Gritich,No included runs,Esperanto,108.4,87.09,11.31,10,2,2,2,0,0,0,0,16.93,714,https://www.speedrun.com/users/Gritich
1070,pvdto3,No included runs,United States,107.97,78.37,19.6,10,6,6,2,0,0,0,0,17.42,531.67,https://www.speedrun.com/users/pvdto3
1071,sdkess,No included runs,United States,107.83,99.83,8,0,1,1,1,0,0,0,0,14.62,812,https://www.speedrun.com/users/sdkess
1072,BigBurdel,No included runs,United States,107.68,99.68,8,0,1,1,1,0,0,0,0,14.6,813,https://www.speedrun.com/users/BigBurdel
1073,combustibledan,No included runs,United States,107.68,99.68,8,0,1,1,1,0,0,0,0,14.6,813,https://www.speedrun.com/users/combustibledan
1074,daradarach,No included runs,Japan,107.68,99.68,8,0,1,1,1,0,0,0,0,14.6,813,https://www.speedrun.com/users/daradarach
1075,Dineyy,No included runs,Northern Ireland,107.68,99.68,8,0,1,1,1,0,0,0,0,14.6,813,https://www.speedrun.com/users/Dineyy
1076,DJahlysHere,No included runs,France,107.68,99.68,8,0,1,1,1,0,0,0,0,14.6,813,https://www.speedrun.com/users/DJahlysHere
1077,dmsy,No included runs,Indonesia,107.68,99.68,8,0,1,1,1,0,0,0,0,14.6,813,https://www.speedrun.com/users/dmsy
1078,imsoalone427,No included runs,United States,107.68,99.68,8,0,1,1,1,0,0,0,0,14.6,813,https://www.speedrun.com/users/imsoalone427
1079,Jack879,,,107.68,99.68,8,0,1,1,1,0,0,0,0,14.6,813,
1080,jermz,No included runs,United States,107.68,99.68,8,0,1,1,1,0,0,0,0,14.6,813,https://www.speedrun.com/users/jermz
1081,Lomiig,No included runs,France,107.68,99.68,8,0,1,1,1,0,0,0,0,14.6,813,https://www.speedrun.com/users/Lomiig
1082,MadCat44,No included runs,Finland,107.68,99.68,8,0,1,1,1,0,0,0,0,14.6,813,https://www.speedrun.com/users/MadCat44
1083,Mariolover,No included runs,Scotland,107.68,99.68,8,0,1,1,1,0,0,0,0,14.6,813,https://www.speedrun.com/users/Mariolover
1084,md700,No included runs,Japan,107.68,99.68,8,0,1,1,1,0,0,0,0,14.6,813,https://www.speedrun.com/users/md700
1085,OldLeakyPipes,No included runs,United States,107.68,99.68,8,0,1,1,1,0,0,0,0,14.6,813,https://www.speedrun.com/users/OldLeakyPipes
1086,Otsika,No included runs,Sweden,107.68,99.68,8,0,1,1,1,0,0,0,0,14.6,813,https://www.speedrun.com/users/Otsika
1087,Phibik,No included runs,Spain,107.68,99.68,8,0,1,1,1,0,0,0,0,14.6,813,https://www.speedrun.com/users/Phibik
1088,Sigotu,No included runs,Poland,107.68,99.68,8,0,1,1,1,0,0,0,0,14.6,813,https://www.speedrun.com/users/Sigotu
1089,sunascended,,,107.68,99.68,8,0,1,1,1,0,0,0,0,14.6,813,https://www.speedrun.com/users/sunascended
1090,SwarV,No included runs,India,107.68,99.68,8,0,1,1,1,0,0,0,0,14.6,813,https://www.speedrun.com/users/SwarV
1091,TempoTom,No included runs,England,107.68,99.68,8,0,1,1,1,0,0,0,0,14.6,813,https://www.speedrun.com/users/TempoTom
1092,toddbob23,No included runs,United States,107.68,99.68,8,0,1,1,1,0,0,0,0,14.6,813,https://www.speedrun.com/users/toddbob23
1093,Trevor Seguin,,,107.68,99.68,8,0,1,1,1,0,0,0,0,14.6,813,
1094,TuttiPullo,No included runs,Finland,107.68,99.68,8,0,1,1,1,0,0,0,0,14.6,813,https://www.speedrun.com/users/TuttiPullo
1095,Vincertain,No included runs,Québec,107.68,99.68,8,0,1,1,1,0,0,0,0,14.6,813,https://www.speedrun.com/users/Vincertain
1096,Yeriko,No included runs,Mexico,107.68,99.68,8,0,1,1,1,0,0,0,0,14.6,813,https://www.speedrun.com/users/Yeriko
1097,ymmotss,,,107.68,99.68,8,0,1,1,1,0,0,0,0,14.6,813,https://www.speedrun.com/users/ymmotss
1098,Yoshling,No included runs,Australia,107.68,99.68,8,0,1,1,1,0,0,0,0,14.6,813,https://www.speedrun.com/users/Yoshling
1099,zclone,No included runs,Canada,107.68,99.68,8,0,1,1,1,0,0,0,0,14.6,813,https://www.speedrun.com/users/zclone
1100,zyzex_remix,No included runs,United States,107.68,99.68,8,0,1,1,1,0,0,0,0,14.6,813,https://www.speedrun.com/users/zyzex_remix
1101,sknoll18,No included runs,United States,107.44,86.13,11.31,10,2,2,2,0,0,0,0,16.88,732.5,https://www.speedrun.com/users/sknoll18
1102,Monkey09,No included runs,Canada,107.2,99.2,8,0,1,1,1,0,0,0,0,12.95,145,https://www.speedrun.com/users/Monkey09
1103,lillp3r,No included runs,Sweden,107.2,83.34,13.86,10,3,3,2,0,0,0,0,17.12,447,https://www.speedrun.com/users/lillp3r
1104,Edgar3EEE,No included runs,United States,107.09,95.78,11.31,0,2,2,1,0,0,0,0,17.83,669,https://www.speedrun.com/users/Edgar3EEE
1105,SumIntegrals,,,106.66,82.8,13.86,10,3,3,2,0,0,0,0,17.91,530,https://www.speedrun.com/users/SumIntegrals
1106,hiro_RTAenjoy,No included runs,Japan,106.6,95.29,11.31,0,2,2,1,0,0,0,0,16.2,614,https://www.speedrun.com/users/hiro_RTAenjoy
1107,blaze_9208,No included runs,India,106.37,82.51,13.86,10,3,3,2,0,0,0,0,16.13,176.67,https://www.speedrun.com/users/blaze_9208
1108,GM27,No included runs,Scotland,106.35,98.35,8,0,1,1,1,0,0,0,0,11.02,16,https://www.speedrun.com/users/GM27
1109,WalisYeli,No included runs,China,106.35,98.35,8,0,1,1,1,0,0,0,0,13.36,246,https://www.speedrun.com/users/WalisYeli
1110,AceMoon1974,No included runs,Poland,105.97,97.97,8,0,1,1,1,0,0,0,0,13.33,247,https://www.speedrun.com/users/AceMoon1974
1111,Carl10101,No included runs,Australia,105.97,97.97,8,0,1,1,1,0,0,0,0,13.33,247,https://www.speedrun.com/users/Carl10101
1112,jman_supertails,No included runs,United States,105.97,97.97,8,0,1,1,1,0,0,0,0,13.33,247,https://www.speedrun.com/users/jman_supertails
1113,haseeb_heaven,No included runs,United Arab Emirates,105.55,91.69,13.86,0,3,3,1,0,0,0,0,16.93,185,https://www.speedrun.com/users/haseeb_heaven
1114,RadioGaming,No included runs,Québec,105.42,94.11,11.31,0,2,2,1,0,0,0,0,17.25,649.5,https://www.speedrun.com/users/RadioGaming
1115,JsCbrt,No included runs,France,104.82,93.51,11.31,0,2,2,1,0,0,0,0,16.96,618.5,https://www.speedrun.com/users/JsCbrt
1116,FishDen,No included runs,Taiwan,104.62,83.31,11.31,10,2,2,2,0,0,0,0,14.62,162,https://www.speedrun.com/users/FishDen
1117,LightningBolts,No included runs,Canada,104.43,83.12,11.31,10,2,2,2,0,0,0,0,14.53,1004,https://www.speedrun.com/users/LightningBolts
1118,SlashClawGaming,No included runs,United States,104.35,80.49,13.86,10,3,3,2,0,0,0,0,17.14,540,https://www.speedrun.com/users/SlashClawGaming
1119,Bandu7,No included runs,Portugal,104.21,82.9,11.31,10,2,2,2,0,0,0,0,16.24,800.5,https://www.speedrun.com/users/Bandu7
1120,Acmlm,No included runs,Québec,103.76,92.45,11.31,0,2,2,1,0,0,0,0,17.16,762.5,https://www.speedrun.com/users/Acmlm
1121,BIaziT,No included runs,United States,103.65,95.65,8,0,1,1,1,0,0,0,0,12.37,109,https://www.speedrun.com/users/BIaziT
1122,SethBling,No included runs,United States,103.64,82.33,11.31,10,2,2,2,0,0,0,0,15.69,604.5,https://www.speedrun.com/users/SethBling
1123,FS9_Kaozz,No included runs,Spain,103.37,95.37,8,0,1,1,1,0,0,0,0,13.12,254,https://www.speedrun.com/users/FS9_Kaozz
1124,TheLoooser,No included runs,Switzerland,103,95,8,0,1,1,1,0,0,0,0,13.09,255,https://www.speedrun.com/users/TheLoooser
1125,AndreiSas01,No included runs,Romania,102.61,81.3,11.31,10,2,2,2,0,0,0,0,14.44,562.5,https://www.speedrun.com/users/AndreiSas01
1126,nytzz_,No included runs,France,102.26,94.26,8,0,1,1,1,0,0,0,0,13.03,257,https://www.speedrun.com/users/nytzz_
1127,ProfessorRetro,No included runs,United States,102.26,90.95,11.31,0,2,2,1,0,0,0,0,17.17,659.5,https://www.speedrun.com/users/ProfessorRetro
1128,SoniPortal,No included runs,Australia,102.16,78.3,13.86,10,3,3,2,0,0,0,0,16.15,748.67,https://www.speedrun.com/users/SoniPortal
1129,SuPeRbOoMfAn,No included runs,Canada,101.81,93.81,8,0,1,1,1,0,0,1,1,9.52,6,https://www.speedrun.com/users/SuPeRbOoMfAn
1130,SuperBigKMart,No included runs,Québec,101.77,75.77,16,10,4,4,2,0,0,0,0,18.46,483,https://www.speedrun.com/users/SuperBigKMart
1131,0ofer,No included runs,Singapore,101.55,93.55,8,0,1,1,1,0,0,0,0,14.07,854,https://www.speedrun.com/users/0ofer
1132,AlphaAngel,No included runs,United States,101.55,93.55,8,0,1,1,1,0,0,0,0,14.07,854,https://www.speedrun.com/users/AlphaAngel
1133,CooperJW13,No included runs,Australia,101.55,93.55,8,0,1,1,1,0,0,0,0,14.07,854,https://www.speedrun.com/users/CooperJW13
1134,Dan72,No included runs,Guatemala,101.55,93.55,8,0,1,1,1,0,0,0,0,14.07,854,https://www.speedrun.com/users/Dan72
1135,Doggasus,No included runs,Chile,101.55,93.55,8,0,1,1,1,0,0,0,0,14.07,854,https://www.speedrun.com/users/Doggasus
1136,dunklerveganer,No included runs,Germany,101.55,93.55,8,0,1,1,1,0,0,0,0,14.07,854,https://www.speedrun.com/users/dunklerveganer
1137,FailmanFlo,No included runs,Germany,101.55,93.55,8,0,1,1,1,0,0,0,0,14.07,854,https://www.speedrun.com/users/FailmanFlo
1138,Faloliver,No included runs,Sweden,101.55,93.55,8,0,1,1,1,0,0,0,0,14.07,854,https://www.speedrun.com/users/Faloliver
1139,Firebroth,No included runs,United States,101.55,93.55,8,0,1,1,1,0,0,0,0,14.07,854,https://www.speedrun.com/users/Firebroth
1140,Ilthari,No included runs,United Kingdom,101.55,93.55,8,0,1,1,1,0,0,0,0,14.07,854,https://www.speedrun.com/users/Ilthari
1141,MrNickySticky,No included runs,United States,101.55,93.55,8,0,1,1,1,0,0,0,0,14.07,854,https://www.speedrun.com/users/MrNickySticky
1142,Pacasa02,No included runs,Spain,101.55,93.55,8,0,1,1,1,0,0,0,0,14.07,854,https://www.speedrun.com/users/Pacasa02
1143,Penzcrazy,No included runs,United States,101.55,93.55,8,0,1,1,1,0,0,0,0,14.07,854,https://www.speedrun.com/users/Penzcrazy
1144,PootsGoots,No included runs,Canada,101.55,93.55,8,0,1,1,1,0,0,0,0,14.07,854,https://www.speedrun.com/users/PootsGoots
1145,pULE_BlueGoat,No included runs,Italy,101.55,93.55,8,0,1,1,1,0,0,0,0,14.07,854,https://www.speedrun.com/users/pULE_BlueGoat
1146,ScarletDeathW_Legacy,,,101.55,93.55,8,0,1,1,1,0,0,0,0,14.07,854,
1147,Showgo,No included runs,Japan,101.55,93.55,8,0,1,1,1,0,0,0,0,14.07,854,https://www.speedrun.com/users/Showgo
1148,ThePitchDoctor,No included runs,United States,101.55,93.55,8,0,1,1,1,0,0,0,0,14.07,854,https://www.speedrun.com/users/ThePitchDoctor
1149,VapeTheWaves,No included runs,United States,101.55,93.55,8,0,1,1,1,0,0,0,0,14.07,854,https://www.speedrun.com/users/VapeTheWaves
1150,vitorlol22,No included runs,Portugal,101.55,93.55,8,0,1,1,1,0,0,0,0,14.07,854,https://www.speedrun.com/users/vitorlol22
1151,vucens,No included runs,Latvia,101.55,93.55,8,0,1,1,1,0,0,0,0,14.07,854,https://www.speedrun.com/users/vucens
1152,xenonruns,No included runs,Antarctica,101.55,93.55,8,0,1,1,1,0,0,0,0,14.07,854,https://www.speedrun.com/users/xenonruns
1153,cashsgamingworld,No included runs,United States,101.52,93.52,8,0,1,1,1,0,0,0,0,12.97,259,https://www.speedrun.com/users/cashsgamingworld
1154,cup0000,No included runs,United States,101.52,93.52,8,0,1,1,1,0,0,0,0,12.97,259,https://www.speedrun.com/users/cup0000
1155,Wealisify,No included runs,United States,101.47,75.47,16,10,4,4,2,0,0,0,0,18.91,552.5,https://www.speedrun.com/users/Wealisify
1156,ItzCreeperSR,No included runs,Québec,101.31,93.31,8,0,1,1,1,0,0,0,0,12.49,156,https://www.speedrun.com/users/ItzCreeperSR
1157,IAmPlastic,No included runs,United States,101.25,77.39,13.86,10,3,3,2,0,0,0,0,15.24,755.33,https://www.speedrun.com/users/IAmPlastic
1158,112BTM,No included runs,Poland,100.99,92.99,8,0,1,1,1,0,0,0,0,12.17,113,https://www.speedrun.com/users/112BTM
1159,HiroMunii,No included runs,Brazil,100.97,79.66,11.31,10,2,2,2,0,0,0,0,12.59,43,https://www.speedrun.com/users/HiroMunii
1160,BloodDerg,No included runs,Germany,100.76,79.45,11.31,10,2,2,2,0,0,0,0,14.62,647.5,https://www.speedrun.com/users/BloodDerg
1161,CrimsonCurve700,No included runs,United States,100.68,89.37,11.31,0,2,2,1,0,0,0,0,15.82,242.5,https://www.speedrun.com/users/CrimsonCurve700
1162,soupcan9,No included runs,United States,100.57,79.26,11.31,10,2,2,2,0,0,0,0,15.54,710.5,https://www.speedrun.com/users/soupcan9
1163,muumijimmy126,No included runs,Finland,100.53,92.53,8,0,1,1,1,0,0,0,0,10.63,19,https://www.speedrun.com/users/muumijimmy126
1164,avycell,No included runs,United States,100.06,92.06,8,0,1,1,1,0,0,0,0,12.85,263,https://www.speedrun.com/users/avycell
1165,Elrit,No included runs,Poland,100.06,92.06,8,0,1,1,1,0,0,0,0,12.85,263,https://www.speedrun.com/users/Elrit
1166,KonaruChan,No included runs,Spain,100.06,92.06,8,0,1,1,1,0,0,0,0,12.85,263,https://www.speedrun.com/users/KonaruChan
1167,Dugongue,No included runs,United States,99.82,75.96,13.86,10,3,3,2,0,0,0,0,17.9,691.33,https://www.speedrun.com/users/Dugongue
1168,adaada,,,99.79,85.93,13.86,0,3,3,1,0,0,0,0,17.45,162.67,https://www.speedrun.com/users/adaada
1169,Cykette,No included runs,United States,99.72,78.41,11.31,10,2,2,2,0,0,0,0,13.17,77.5,https://www.speedrun.com/users/Cykette
1170,MelonkeepR,No included runs,Scotland,99.47,85.61,13.86,0,3,3,1,0,0,0,0,16.67,202.33,https://www.speedrun.com/users/MelonkeepR
1171,TornadoTwisterYT,No included runs,United States,99.38,78.07,11.31,10,2,2,2,0,0,0,0,14.56,309.5,https://www.speedrun.com/users/TornadoTwisterYT
1172,LD_SPEEDRUNS,No included runs,Brazil,99.31,73.31,16,10,4,4,2,0,0,0,0,15.81,75.75,https://www.speedrun.com/users/LD_SPEEDRUNS
1173,BrownieGamingX5,,,99.17,87.86,11.31,0,2,2,1,0,0,0,0,14.74,341.5,https://www.speedrun.com/users/BrownieGamingX5
1174,Dyceron,No included runs,United States,99.06,71.17,17.89,10,5,5,2,0,0,0,0,19,385.4,https://www.speedrun.com/users/Dyceron
1175,NoobTV,,,98.74,87.43,11.31,0,2,2,1,0,0,0,0,15.08,203,https://www.speedrun.com/users/NoobTV
1176,dbarry_22,No included runs,United States,98.65,77.34,11.31,10,2,2,2,0,0,0,0,14.31,546,https://www.speedrun.com/users/dbarry_22
1177,Skybilz,No included runs,United States,98.23,86.92,11.31,0,2,2,1,0,0,1,1,11.61,16,https://www.speedrun.com/users/Skybilz
1178,EpicSussy0945,,,98.22,72.22,16,10,4,4,2,0,0,0,0,16.26,433.25,https://www.speedrun.com/users/EpicSussy0945
1179,wrboismbs,No included runs,Poland,97.96,86.65,11.31,0,2,2,1,0,0,0,0,16.82,700,https://www.speedrun.com/users/wrboismbs
1180,Lucasww,No included runs,United States,97.64,89.64,8,0,1,1,1,0,0,0,0,12.2,163,https://www.speedrun.com/users/Lucasww
1181,JoePulito,No included runs,United States,97.46,63.6,13.86,20,3,3,3,0,0,1,1,12.93,733.67,https://www.speedrun.com/users/JoePulito
1182,altbarcode,,,96.88,88.88,8,0,1,1,1,0,0,0,0,13.65,886,
1183,Boxled,No included runs,France,96.88,88.88,8,0,1,1,1,0,0,0,0,13.65,886,https://www.speedrun.com/users/Boxled
1184,chama_1089,No included runs,Japan,96.88,88.88,8,0,1,1,1,0,0,0,0,13.65,886,https://www.speedrun.com/users/chama_1089
1185,CoBeesT1919,No included runs,United States,96.88,88.88,8,0,1,1,1,0,0,0,0,13.65,886,https://www.speedrun.com/users/CoBeesT1919
1186,GrievousD2,No included runs,Canada,96.88,88.88,8,0,1,1,1,0,0,0,0,13.65,886,https://www.speedrun.com/users/GrievousD2
1187,Keingz7,No included runs,Spain,96.88,88.88,8,0,1,1,1,0,0,0,0,13.65,886,https://www.speedrun.com/users/Keingz7
1188,MagicShaunson,No included runs,Canada,96.88,88.88,8,0,1,1,1,0,0,0,0,13.65,886,https://www.speedrun.com/users/MagicShaunson
1189,Magnes99,No included runs,Hungary,96.88,88.88,8,0,1,1,1,0,0,0,0,13.65,886,https://www.speedrun.com/users/Magnes99
1190,MrDino023,No included runs,Mexico,96.88,88.88,8,0,1,1,1,0,0,0,0,13.65,886,https://www.speedrun.com/users/MrDino023
1191,Panquequeque,No included runs,United States,96.88,88.88,8,0,1,1,1,0,0,0,0,13.65,886,https://www.speedrun.com/users/Panquequeque
1192,Talentless_X6M,,,96.88,88.88,8,0,1,1,1,0,0,0,0,13.65,886,https://www.speedrun.com/users/Talentless_X6M
1193,TheBronzeSword,No included runs,Canada,96.88,88.88,8,0,1,1,1,0,0,0,0,13.65,886,https://www.speedrun.com/users/TheBronzeSword
1194,TheTempestGames,No included runs,United States,96.88,88.88,8,0,1,1,1,0,0,0,0,13.65,886,https://www.speedrun.com/users/TheTempestGames
1195,whataboutbrunch,No included runs,Canada,96.88,88.88,8,0,1,1,1,0,0,0,0,13.65,886,https://www.speedrun.com/users/whataboutbrunch
1196,Xanma,No included runs,Canada,96.88,88.88,8,0,1,1,1,0,0,0,0,13.65,886,https://www.speedrun.com/users/Xanma
1197,Shawnyboii,No included runs,United States,96.8,88.8,8,0,1,1,1,0,0,0,0,12.58,272,https://www.speedrun.com/users/Shawnyboii
1198,OCTOPIS,No included runs,Taiwan,96.63,75.32,11.31,10,2,2,2,0,0,0,0,13.43,1035.5,https://www.speedrun.com/users/OCTOPIS
1199,Nanase,No included runs,Japan,96.36,88.36,8,0,1,1,1,0,0,0,0,11.3,67,https://www.speedrun.com/users/Nanase
1200,Aknell,No included runs,Canada,96.27,72.41,13.86,10,3,3,2,0,0,0,0,16.78,608.33,https://www.speedrun.com/users/Aknell
1201,Morkadia,No included runs,France,95.93,72.07,13.86,10,3,3,2,0,0,0,0,14.96,815.67,https://www.speedrun.com/users/Morkadia
1202,Ivine,,,95.8,84.49,11.31,0,2,2,1,0,0,0,0,15.63,339,https://www.speedrun.com/users/Ivine
1203,Mago707,No included runs,Uruguay,95.5,87.5,8,0,1,1,1,0,0,0,0,11.87,141,https://www.speedrun.com/users/Mago707
1204,BOOTMAN,No included runs,United States,95.45,71.59,13.86,10,3,3,2,0,0,0,0,15.37,491.67,https://www.speedrun.com/users/BOOTMAN
1205,mlhf,No included runs,China,93.76,72.45,11.31,10,2,2,2,0,0,0,0,15.46,883.5,https://www.speedrun.com/users/mlhf
1206,真空,,,93.74,85.74,8,0,1,1,1,0,0,0,0,10.47,33,
1207,Losr441,,,93.59,85.59,8,0,1,1,1,0,0,0,0,12.31,281,https://www.speedrun.com/users/Losr441
1208,DuncanParSky,No included runs,Australia,93.5,72.19,11.31,10,2,2,2,0,0,0,0,13.93,1000,https://www.speedrun.com/users/DuncanParSky
1209,Artoman,No included runs,France,93.34,67.34,16,10,4,4,2,0,0,0,0,15.53,206.75,https://www.speedrun.com/users/Artoman
1210,Antilles58,No included runs,United States,93.3,85.3,8,0,1,1,1,0,0,0,0,13.32,911,https://www.speedrun.com/users/Antilles58
1211,B3llon,No included runs,Palestine,93.3,85.3,8,0,1,1,1,0,0,0,0,13.32,911,https://www.speedrun.com/users/B3llon
1212,BigOwlyCool,No included runs,Canada,93.3,85.3,8,0,1,1,1,0,0,0,0,13.32,911,https://www.speedrun.com/users/BigOwlyCool
1213,BossFighter832,No included runs,United States,93.3,85.3,8,0,1,1,1,0,0,0,0,13.32,911,https://www.speedrun.com/users/BossFighter832
1214,Bro3256,No included runs,United States,93.3,85.3,8,0,1,1,1,0,0,0,0,13.32,911,https://www.speedrun.com/users/Bro3256
1215,CaillouKan,No included runs,United States,93.3,85.3,8,0,1,1,1,0,0,0,0,13.32,911,https://www.speedrun.com/users/CaillouKan
1216,CatNamed_V,No included runs,United States,93.3,85.3,8,0,1,1,1,0,0,0,0,13.32,911,https://www.speedrun.com/users/CatNamed_V
1217,Ceriel,No included runs,United States,93.3,85.3,8,0,1,1,1,0,0,0,0,13.32,911,https://www.speedrun.com/users/Ceriel
1218,Dieg0XX43,No included runs,Spain,93.3,85.3,8,0,1,1,1,0,0,0,0,13.32,911,https://www.speedrun.com/users/Dieg0XX43
1219,Endercat,No included runs,United States,93.3,85.3,8,0,1,1,1,0,0,0,0,13.32,911,https://www.speedrun.com/users/Endercat
1220,EuclidSB,No included runs,Canada,93.3,85.3,8,0,1,1,1,0,0,0,0,13.32,911,https://www.speedrun.com/users/EuclidSB
1221,Goofusmcdoof,No included runs,United States,93.3,85.3,8,0,1,1,1,0,0,0,0,13.32,911,https://www.speedrun.com/users/Goofusmcdoof
1222,henry114514,No included runs,China,93.3,85.3,8,0,1,1,1,0,0,0,0,13.32,911,https://www.speedrun.com/users/henry114514
1223,jeffsledge,No included runs,United States,93.3,85.3,8,0,1,1,1,0,0,0,0,13.32,911,https://www.speedrun.com/users/jeffsledge
1224,Jmartellio,No included runs,United States,93.3,85.3,8,0,1,1,1,0,0,0,0,13.32,911,https://www.speedrun.com/users/Jmartellio
1225,JosephHTobinJr,No included runs,Russia,93.3,85.3,8,0,1,1,1,0,0,0,0,13.32,911,https://www.speedrun.com/users/JosephHTobinJr
1226,KidoA,No included runs,United States,93.3,85.3,8,0,1,1,1,0,0,0,0,13.32,911,https://www.speedrun.com/users/KidoA
1227,LinuxHater,No included runs,Spain,93.3,85.3,8,0,1,1,1,0,0,0,0,13.32,911,https://www.speedrun.com/users/LinuxHater
1228,MaxSen_G,No included runs,Germany,93.3,85.3,8,0,1,1,1,0,0,0,0,13.32,911,https://www.speedrun.com/users/MaxSen_G
1229,Mindsil,No included runs,Canada,93.3,85.3,8,0,1,1,1,0,0,0,0,13.32,911,https://www.speedrun.com/users/Mindsil
1230,prawnzo,No included runs,United States,93.3,85.3,8,0,1,1,1,0,0,0,0,13.32,911,https://www.speedrun.com/users/prawnzo
1231,rezziq,No included runs,Sweden,93.3,85.3,8,0,1,1,1,0,0,0,0,13.32,911,https://www.speedrun.com/users/rezziq
1232,s0uzaax,No included runs,Niger,93.3,85.3,8,0,1,1,1,0,0,0,0,13.32,911,https://www.speedrun.com/users/s0uzaax
1233,Saint_Deadguy,No included runs,Ireland,93.3,85.3,8,0,1,1,1,0,0,0,0,13.32,911,https://www.speedrun.com/users/Saint_Deadguy
1234,schwarze3010,No included runs,Japan,93.3,85.3,8,0,1,1,1,0,0,0,0,13.32,911,https://www.speedrun.com/users/schwarze3010
1235,SMOgamer11000,No included runs,United States,93.3,85.3,8,0,1,1,1,0,0,0,0,13.32,911,https://www.speedrun.com/users/SMOgamer11000
1236,Sparkydefay,No included runs,United States,93.3,85.3,8,0,1,1,1,0,0,0,0,13.32,911,https://www.speedrun.com/users/Sparkydefay
1237,Syn10,No included runs,United States,93.3,85.3,8,0,1,1,1,0,0,0,0,13.32,911,https://www.speedrun.com/users/Syn10
1238,TheMexicanRunner,No included runs,Mexico,93.3,85.3,8,0,1,1,1,0,0,0,0,13.32,911,https://www.speedrun.com/users/TheMexicanRunner
1239,TOGS,No included runs,United States,93.3,85.3,8,0,1,1,1,0,0,0,0,13.32,911,https://www.speedrun.com/users/TOGS
1240,Winstonks,No included runs,Germany,93.3,85.3,8,0,1,1,1,0,0,0,0,13.32,911,https://www.speedrun.com/users/Winstonks
1241,oilken,No included runs,Japan,93.19,85.19,8,0,1,1,1,0,0,0,0,11.69,145,https://www.speedrun.com/users/oilken
1242,WhenChukAttacks,No included runs,United States,93.19,85.19,8,0,1,1,1,0,0,0,0,11.69,145,https://www.speedrun.com/users/WhenChukAttacks
1243,DanielaEla,No included runs,Bolivia,92.53,84.53,8,0,1,1,1,0,0,0,0,12.22,284,https://www.speedrun.com/users/DanielaEla
1244,TheGlitchyGuy,No included runs,France,92.19,70.88,11.31,10,2,2,2,0,0,0,0,13.96,252,https://www.speedrun.com/users/TheGlitchyGuy
1245,LMHaas,No included runs,United States,92.18,84.18,8,0,1,1,1,0,0,0,0,12.19,285,https://www.speedrun.com/users/LMHaas
1246,Hoofenstomper,No included runs,United Kingdom,91.91,70.6,11.31,10,2,2,2,0,0,0,0,13.85,596,https://www.speedrun.com/users/Hoofenstomper
1247,Kiki_Le_Guerrier,No included runs,France,91.41,70.1,11.31,10,2,2,2,0,0,0,0,13.61,1009.5,https://www.speedrun.com/users/Kiki_Le_Guerrier
1248,itzz_AM,No included runs,Morocco,91.24,79.93,11.31,0,2,2,1,0,0,0,0,14.96,347,https://www.speedrun.com/users/itzz_AM
1249,doumo01,No included runs,Japan,90.78,82.78,8,0,1,1,1,0,0,0,0,12.07,289,https://www.speedrun.com/users/doumo01
1250,360Chrism,No included runs,Germany,90.49,69.18,11.31,10,2,2,2,0,0,0,0,13.28,609.5,https://www.speedrun.com/users/360Chrism
1251,Ninjembro,,,90.33,82.33,8,0,1,1,1,0,0,0,0,11.46,150,
1252,Jacoo,No included runs,England,89.75,81.75,8,0,1,1,1,0,0,0,0,10.69,66,https://www.speedrun.com/users/Jacoo
1253,Juanki14,No included runs,Uruguay,89.47,81.47,8,0,1,1,1,0,0,0,0,9.32,12,https://www.speedrun.com/users/Juanki14
1254,Light,No included runs,United States,89.31,81.31,8,0,1,1,1,0,0,0,0,9.85,25,https://www.speedrun.com/users/Light
1255,Alexander_miles,No included runs,Brazil,89.08,67.77,11.31,10,2,2,2,0,0,0,0,13.05,572.5,https://www.speedrun.com/users/Alexander_miles
1256,hiwd,No included runs,United States,89.04,81.04,8,0,1,1,1,0,0,0,0,11.92,294,https://www.speedrun.com/users/hiwd
1257,VanillaBear35,No included runs,United States,88.88,65.02,13.86,10,3,3,2,0,0,0,0,13,496.33,https://www.speedrun.com/users/VanillaBear35
1258,jbgames420,No included runs,United States,88.6,64.74,13.86,10,3,3,2,0,0,0,0,15.3,298.67,https://www.speedrun.com/users/jbgames420
1259,Xarnax42,No included runs,United States,88.01,76.7,11.31,0,2,2,1,0,0,0,0,14.79,686,https://www.speedrun.com/users/Xarnax42
1260,smoulder,No included runs,Canada,88,80,8,0,1,1,1,0,0,0,0,11.83,297,https://www.speedrun.com/users/smoulder
1261,VituKitBopa,No included runs,Brazil,88,80,8,0,1,1,1,0,0,0,0,11.83,297,https://www.speedrun.com/users/VituKitBopa
1262,P1X3L333,No included runs,United States,87.87,79.87,8,0,1,1,1,0,0,0,0,10,35,https://www.speedrun.com/users/P1X3L333
1263,nesg,,,87.83,76.52,11.31,0,2,2,1,0,0,0,0,15.65,756.5,https://www.speedrun.com/users/nesg
1264,綿棒,,,87.82,79.82,8,0,1,1,1,0,0,0,0,10.04,37,
1265,Baras441,No included runs,Russia,87.69,79.69,8,0,1,1,1,0,0,0,0,12.8,951,https://www.speedrun.com/users/Baras441
1266,Choigogi,No included runs,South Korea,87.69,79.69,8,0,1,1,1,0,0,0,0,12.8,951,https://www.speedrun.com/users/Choigogi
1267,compugab,No included runs,Québec,87.69,79.69,8,0,1,1,1,0,0,0,0,12.8,951,https://www.speedrun.com/users/compugab
1268,CrozB_,No included runs,United States,87.69,79.69,8,0,1,1,1,0,0,0,0,12.8,951,https://www.speedrun.com/users/CrozB_
1269,FartingFajita,No included runs,United States,87.69,79.69,8,0,1,1,1,0,0,0,0,12.8,951,https://www.speedrun.com/users/FartingFajita
1270,flugplaz,No included runs,England,87.69,79.69,8,0,1,1,1,0,0,0,0,12.8,951,https://www.speedrun.com/users/flugplaz
1271,gyre,,,87.69,79.69,8,0,1,1,1,0,0,0,0,12.8,951,https://www.speedrun.com/users/gyre
1272,Joka,No included runs,Sweden,87.69,79.69,8,0,1,1,1,0,0,0,0,12.8,951,https://www.speedrun.com/users/Joka
1273,Nicolascs83,No included runs,Spain,87.69,79.69,8,0,1,1,1,0,0,0,0,12.8,951,https://www.speedrun.com/users/Nicolascs83
1274,Thabeast721,No included runs,United States,87.69,79.69,8,0,1,1,1,0,0,0,0,12.8,951,https://www.speedrun.com/users/Thabeast721
1275,ttheolindaoo,,,87.02,59.13,17.89,10,5,5,2,0,0,0,0,15.44,417.8,https://www.speedrun.com/users/ttheolindaoo
1276,Straevaras,No included runs,United States,87.01,75.7,11.31,0,2,2,1,0,0,0,0,13.02,104.5,https://www.speedrun.com/users/Straevaras
1277,mr_magnuz,No included runs,Sweden,86.88,75.57,11.31,0,2,2,1,0,0,0,0,15.19,672,https://www.speedrun.com/users/mr_magnuz
1278,Sudhaniel,No included runs,Venezuela,86.5,78.5,8,0,1,1,1,0,0,0,0,11.28,185,https://www.speedrun.com/users/Sudhaniel
1279,CMLCH_111,No included runs,China,86.38,75.07,11.31,0,2,2,1,0,0,0,0,14.17,356.5,https://www.speedrun.com/users/CMLCH_111
1280,Comical_,No included runs,Canada,85.95,77.95,8,0,1,1,1,0,0,0,0,11.65,303,https://www.speedrun.com/users/Comical_
1281,minorus,,,85.95,77.95,8,0,1,1,1,0,0,0,0,11.65,303,https://www.speedrun.com/users/minorus
1282,Glitch23,No included runs,United States,85.66,61.8,13.86,10,3,3,2,0,0,0,0,14.36,297.67,https://www.speedrun.com/users/Glitch23
1283,__LoS_,No included runs,Switzerland,84.82,76.82,8,0,1,1,1,0,0,0,0,12.53,972,https://www.speedrun.com/users/__LoS_
1284,blitty,No included runs,Australia,84.82,76.82,8,0,1,1,1,0,0,0,0,12.53,972,https://www.speedrun.com/users/blitty
1285,Blue_Scuti,No included runs,United States,84.82,76.82,8,0,1,1,1,0,0,0,0,12.53,972,https://www.speedrun.com/users/Blue_Scuti
1286,Chiramii,No included runs,Norway,84.82,76.82,8,0,1,1,1,0,0,0,0,12.53,972,https://www.speedrun.com/users/Chiramii
1287,gabz,No included runs,Croatia,84.82,76.82,8,0,1,1,1,0,0,0,0,12.53,972,https://www.speedrun.com/users/gabz
1288,heckerfrick,No included runs,United States,84.82,76.82,8,0,1,1,1,0,0,0,0,12.53,972,https://www.speedrun.com/users/heckerfrick
1289,Horizzon,No included runs,Netherlands,84.82,76.82,8,0,1,1,1,0,0,0,0,12.53,972,https://www.speedrun.com/users/Horizzon
1290,Leery,,,84.82,76.82,8,0,1,1,1,0,0,0,0,12.53,972,
1291,Princedunord,No included runs,Québec,84.82,76.82,8,0,1,1,1,0,0,0,0,12.53,972,https://www.speedrun.com/users/Princedunord
1292,Raplzz,No included runs,United States,84.82,76.82,8,0,1,1,1,0,0,0,0,12.53,972,https://www.speedrun.com/users/Raplzz
1293,Renox24,No included runs,Peru,84.82,76.82,8,0,1,1,1,0,0,0,0,12.53,972,https://www.speedrun.com/users/Renox24
1294,ROSEPIE,No included runs,Hong Kong,84.82,76.82,8,0,1,1,1,0,0,0,0,12.53,972,https://www.speedrun.com/users/ROSEPIE
1295,spyriel,No included runs,Finland,84.82,76.82,8,0,1,1,1,0,0,0,0,12.53,972,https://www.speedrun.com/users/spyriel
1296,Traklon,No included runs,France,84.82,76.82,8,0,1,1,1,0,0,0,0,12.53,972,https://www.speedrun.com/users/Traklon
1297,tronc0,No included runs,Spain,84.82,76.82,8,0,1,1,1,0,0,0,0,12.53,972,https://www.speedrun.com/users/tronc0
1298,Turtle974,No included runs,United States,84.82,76.82,8,0,1,1,1,0,0,0,0,12.53,972,https://www.speedrun.com/users/Turtle974
1299,timbo,No included runs,Germany,84.42,73.11,11.31,0,2,2,1,0,0,0,0,11.25,84.5,https://www.speedrun.com/users/timbo
1300,darkwolfgaming,No included runs,United States,84.25,76.25,8,0,1,1,1,0,0,0,0,11.5,308,https://www.speedrun.com/users/darkwolfgaming
1301,nissault,No included runs,United States,84.2,76.2,8,0,1,1,1,0,0,0,0,10.95,161,https://www.speedrun.com/users/nissault
1302,RanoTheOne,No included runs,France,83.93,75.93,8,0,1,1,1,0,0,0,0,9.46,28,https://www.speedrun.com/users/RanoTheOne
1303,HappyLee608,No included runs,Hong Kong,83.85,72.54,11.31,0,2,2,1,0,0,0,0,13.71,362,https://www.speedrun.com/users/HappyLee608
1304,karaoke112,No included runs,United States,83.54,72.23,11.31,0,2,2,1,0,0,0,0,11.75,381,https://www.speedrun.com/users/karaoke112
1305,stew_,No included runs,United States,83.49,75.49,8,0,1,1,1,0,0,0,0,9.71,40,https://www.speedrun.com/users/stew_
1306,The-G,No included runs,England,82.91,74.91,8,0,1,1,1,0,0,0,0,11.38,312,https://www.speedrun.com/users/The-G
1307,JonPauloKeef,No included runs,United States,82.89,71.58,11.31,0,2,2,1,0,0,0,0,14.2,617.5,https://www.speedrun.com/users/JonPauloKeef
1308,estumph1,No included runs,United States,82.77,71.46,11.31,0,2,2,1,0,0,0,0,13.5,364.5,https://www.speedrun.com/users/estumph1
1309,TheSpenzers,No included runs,Philippines,82.66,71.35,11.31,0,2,2,1,0,0,0,0,12.66,372,https://www.speedrun.com/users/TheSpenzers
1310,CamperN,No included runs,Finland,82.57,74.57,8,0,1,1,1,0,0,0,0,11.35,313,https://www.speedrun.com/users/CamperN
1311,Malachibros20085721,No included runs,United States,82.57,74.57,8,0,1,1,1,0,0,0,0,11.35,313,https://www.speedrun.com/users/Malachibros20085721
1312,Smo_Timmy,No included runs,New Zealand,82.57,74.57,8,0,1,1,1,0,0,0,0,11.35,313,https://www.speedrun.com/users/Smo_Timmy
1313,unkka,No included runs,Finland,81.93,73.93,8,0,1,1,1,0,0,0,0,9.55,39,https://www.speedrun.com/users/unkka
1314,ninjazula3141,No included runs,United States,81.74,70.43,11.31,0,2,2,1,0,0,0,0,14.12,632,https://www.speedrun.com/users/ninjazula3141
1315,aCerXT,No included runs,France,81.71,73.71,8,0,1,1,1,0,0,0,0,12.23,995,https://www.speedrun.com/users/aCerXT
1316,Blobritto,No included runs,United Kingdom,81.71,73.71,8,0,1,1,1,0,0,0,0,12.23,995,https://www.speedrun.com/users/Blobritto
1317,Freazun,No included runs,France,81.71,73.71,8,0,1,1,1,0,0,0,0,12.23,995,https://www.speedrun.com/users/Freazun
1318,G1ngern1nja,No included runs,United Kingdom,81.71,73.71,8,0,1,1,1,0,0,0,0,12.23,995,https://www.speedrun.com/users/G1ngern1nja
1319,Grahp,,,81.71,73.71,8,0,1,1,1,0,0,0,0,12.23,995,https://www.speedrun.com/users/Grahp
1320,Herman521,No included runs,Norway,81.71,73.71,8,0,1,1,1,0,0,0,0,12.23,995,https://www.speedrun.com/users/Herman521
1321,KnightSR,No included runs,Brazil,81.71,73.71,8,0,1,1,1,0,0,0,0,12.23,995,https://www.speedrun.com/users/KnightSR
1322,lexicon,No included runs,Canada,81.71,73.71,8,0,1,1,1,0,0,0,0,12.23,995,https://www.speedrun.com/users/lexicon
1323,Maniacal,No included runs,United States,81.71,73.71,8,0,1,1,1,0,0,0,0,12.23,995,https://www.speedrun.com/users/Maniacal
1324,mrgose,No included runs,United States,81.71,73.71,8,0,1,1,1,0,0,0,0,12.23,995,https://www.speedrun.com/users/mrgose
1325,Neverwish,No included runs,Brazil,81.71,73.71,8,0,1,1,1,0,0,0,0,12.23,995,https://www.speedrun.com/users/Neverwish
1326,RyanVideoGamer,No included runs,United States,81.71,73.71,8,0,1,1,1,0,0,0,0,12.23,995,https://www.speedrun.com/users/RyanVideoGamer
1327,Spinthra,No included runs,United States,81.71,73.71,8,0,1,1,1,0,0,0,0,12.23,995,https://www.speedrun.com/users/Spinthra
1328,ZapdoZ,No included runs,Germany,81.71,73.71,8,0,1,1,1,0,0,0,0,12.23,995,https://www.speedrun.com/users/ZapdoZ
1329,Adam1205,No included runs,England,81.63,70.32,11.31,0,2,2,1,0,0,0,0,14.39,701,https://www.speedrun.com/users/Adam1205
1330,iBrow,No included runs,Germany,81.45,73.45,8,0,1,1,1,0,0,1,1,7.81,7,https://www.speedrun.com/users/iBrow
1331,jri33,,,81.44,73.44,8,0,1,1,1,0,0,0,0,9.87,61,https://www.speedrun.com/users/jri33
1332,OVERSKY,No included runs,China,81.43,73.43,8,0,1,1,1,0,0,0,0,10.59,144,https://www.speedrun.com/users/OVERSKY
1333,Lennox_lp,No included runs,Germany,81.27,57.41,13.86,10,3,3,2,0,0,0,0,14.18,552.67,https://www.speedrun.com/users/Lennox_lp
1334,Epicness1o1,,,81.24,73.24,8,0,1,1,1,0,0,0,0,11.23,317,https://www.speedrun.com/users/Epicness1o1
1335,kyraa,No included runs,Valhalla,81.18,59.87,11.31,10,2,2,2,0,0,0,0,13.6,890,https://www.speedrun.com/users/kyraa
1336,Practic,No included runs,United States,80.25,58.94,11.31,10,2,2,2,0,0,0,0,13.49,959,https://www.speedrun.com/users/Practic
1337,NiklYoshi,No included runs,Germany,79.92,71.92,8,0,1,1,1,0,0,0,0,11.11,321,https://www.speedrun.com/users/NiklYoshi
1338,AngelInterceptor,No included runs,United Kingdom,79.5,65.64,13.86,0,3,3,1,0,0,0,0,11.69,21.67,https://www.speedrun.com/users/AngelInterceptor
1339,Rubichron,No included runs,United States,79.39,58.08,11.31,10,2,2,2,0,0,0,0,11.89,606.5,https://www.speedrun.com/users/Rubichron
1340,ladyoliver12,No included runs,United States,79.38,68.07,11.31,0,2,2,1,0,0,0,0,12.33,712.5,https://www.speedrun.com/users/ladyoliver12
1341,MXCRunner,No included runs,United States,78.79,67.48,11.31,0,2,2,1,0,0,0,0,12.87,634.5,https://www.speedrun.com/users/MXCRunner
1342,TomCube,No included runs,United States,78.77,67.46,11.31,0,2,2,1,0,0,0,0,13.5,283.5,https://www.speedrun.com/users/TomCube
1343,TuomasHyvonen1990,No included runs,Finland,78.7,70.7,8,0,1,1,1,0,0,0,0,9.08,31,https://www.speedrun.com/users/TuomasHyvonen1990
1344,alfonsdolphins,No included runs,Sweden,78.53,70.53,8,0,1,1,1,0,0,0,0,11.92,1019,https://www.speedrun.com/users/alfonsdolphins
1345,bohhan,No included runs,United States,78.53,70.53,8,0,1,1,1,0,0,0,0,11.92,1019,https://www.speedrun.com/users/bohhan
1346,Carnageraiser1,No included runs,United States,78.53,70.53,8,0,1,1,1,0,0,0,0,11.92,1019,https://www.speedrun.com/users/Carnageraiser1
1347,CollinAWojcik,,,78.53,70.53,8,0,1,1,1,0,0,0,0,11.92,1019,https://www.speedrun.com/users/CollinAWojcik
1348,Corbaine,No included runs,United States,78.53,70.53,8,0,1,1,1,0,0,0,0,11.92,1019,https://www.speedrun.com/users/Corbaine
1349,dalyons,No included runs,United States,78.53,70.53,8,0,1,1,1,0,0,0,0,11.92,1019,https://www.speedrun.com/users/dalyons
1350,dan4039,No included runs,Sweden,78.53,70.53,8,0,1,1,1,0,0,0,0,11.92,1019,https://www.speedrun.com/users/dan4039
1351,Dragonrider042,No included runs,United States,78.53,70.53,8,0,1,1,1,0,0,0,0,11.92,1019,https://www.speedrun.com/users/Dragonrider042
1352,jbrocker1,No included runs,United States,78.53,70.53,8,0,1,1,1,0,0,0,0,11.92,1019,https://www.speedrun.com/users/jbrocker1
1353,kdaymea,No included runs,United States,78.53,70.53,8,0,1,1,1,0,0,0,0,11.92,1019,https://www.speedrun.com/users/kdaymea
1354,Liogo,No included runs,Belgium,78.53,70.53,8,0,1,1,1,0,0,0,0,11.92,1019,https://www.speedrun.com/users/Liogo
1355,MeliLin,No included runs,Taiwan,78.53,70.53,8,0,1,1,1,0,0,0,0,11.92,1019,https://www.speedrun.com/users/MeliLin
1356,MojaBallada,No included runs,Australia,78.53,70.53,8,0,1,1,1,0,0,0,0,11.92,1019,https://www.speedrun.com/users/MojaBallada
1357,quantum_supremacy,No included runs,United States,78.53,70.53,8,0,1,1,1,0,0,0,0,11.92,1019,https://www.speedrun.com/users/quantum_supremacy
1358,Spectric,No included runs,United States,78.53,70.53,8,0,1,1,1,0,0,0,0,11.92,1019,https://www.speedrun.com/users/Spectric
1359,the_j_team,No included runs,Lebanon,78.53,70.53,8,0,1,1,1,0,0,0,0,11.92,1019,https://www.speedrun.com/users/the_j_team
1360,UserEvan,No included runs,United States,78.53,70.53,8,0,1,1,1,0,0,0,0,11.92,1019,https://www.speedrun.com/users/UserEvan
1361,Zarc0nis,No included runs,United States,78.53,70.53,8,0,1,1,1,0,0,0,0,11.92,1019,https://www.speedrun.com/users/Zarc0nis
1362,eliteraven82,No included runs,Canada,77.86,66.55,11.31,0,2,2,1,0,0,0,0,11.44,387.5,https://www.speedrun.com/users/eliteraven82
1363,Mr_Egg,No included runs,Canada,77.84,69.84,8,0,1,1,1,0,0,0,0,10.53,203,https://www.speedrun.com/users/Mr_Egg
1364,Septan,No included runs,Ukraine,77.84,69.84,8,0,1,1,1,0,0,0,0,10.53,203,https://www.speedrun.com/users/Septan
1365,Brose,No included runs,United States,77.61,66.3,11.31,0,2,2,1,0,0,0,0,12.93,615,https://www.speedrun.com/users/Brose
1366,tjp7154,No included runs,United States,77.07,65.76,11.31,0,2,2,1,0,0,0,0,10.36,21.5,https://www.speedrun.com/users/tjp7154
1367,Eligiuszekk,No included runs,Poland,77,69,8,0,1,1,1,0,0,0,0,8.95,32,https://www.speedrun.com/users/Eligiuszekk
1368,LordTheWall,,,76.98,68.98,8,0,1,1,1,0,0,0,0,10.85,330,https://www.speedrun.com/users/LordTheWall
1369,Tues,No included runs,United States,76.84,65.53,11.31,0,2,2,1,0,0,0,0,12.8,177,https://www.speedrun.com/users/Tues
1370,ArDesmania,No included runs,Argentina,76.54,65.23,11.31,0,2,2,1,0,0,0,0,12.05,382,https://www.speedrun.com/users/ArDesmania
1371,swiftkillakahn,No included runs,Canada,76.48,55.17,11.31,10,2,2,2,0,0,0,0,10.04,51.5,https://www.speedrun.com/users/swiftkillakahn
1372,Purrgur,No included runs,United States,76.36,68.36,8,0,1,1,1,0,0,0,0,9.71,89,https://www.speedrun.com/users/Purrgur
1373,manamahima,No included runs,Japan,76.01,68.01,8,0,1,1,1,0,0,0,0,10.76,333,https://www.speedrun.com/users/manamahima
1374,Retro39_gamer,No included runs,United States,75.49,54.18,11.31,10,2,2,2,0,0,0,0,9.09,71.5,https://www.speedrun.com/users/Retro39_gamer
1375,sushiw097,No included runs,French Polynesia,75.36,67.36,8,0,1,1,1,0,0,0,0,10.7,335,https://www.speedrun.com/users/sushiw097
1376,Saidahror,No included runs,Uzbekistan,75.29,63.98,11.31,0,2,2,1,0,0,0,0,11.46,233.5,https://www.speedrun.com/users/Saidahror
1377,Antii85,No included runs,Sweden,75.28,67.28,8,0,1,1,1,0,0,0,0,11.59,1044,https://www.speedrun.com/users/Antii85
1378,BrandonWalsh,No included runs,Sweden,75.28,67.28,8,0,1,1,1,0,0,0,0,11.59,1044,https://www.speedrun.com/users/BrandonWalsh
1379,erisaaaa,No included runs,United States,75.28,67.28,8,0,1,1,1,0,0,0,0,11.59,1044,https://www.speedrun.com/users/erisaaaa
1380,FreddyMason,No included runs,South Korea,75.28,67.28,8,0,1,1,1,0,0,0,0,11.59,1044,https://www.speedrun.com/users/FreddyMason
1381,iMask,No included runs,Québec,75.28,67.28,8,0,1,1,1,0,0,0,0,11.59,1044,https://www.speedrun.com/users/iMask
1382,Mizumaririn,No included runs,Hong Kong,75.28,67.28,8,0,1,1,1,0,0,0,0,11.59,1044,https://www.speedrun.com/users/Mizumaririn
1383,Mr_Mois_64,No included runs,United States,75.28,67.28,8,0,1,1,1,0,0,0,0,11.59,1044,https://www.speedrun.com/users/Mr_Mois_64
1384,mremerald_,No included runs,Australia,75.28,67.28,8,0,1,1,1,0,0,0,0,11.59,1044,https://www.speedrun.com/users/mremerald_
1385,MrMonkeyGod,No included runs,France,75.28,67.28,8,0,1,1,1,0,0,0,0,11.59,1044,https://www.speedrun.com/users/MrMonkeyGod
1386,NinWorld,No included runs,Germany,75.28,67.28,8,0,1,1,1,0,0,0,0,11.59,1044,https://www.speedrun.com/users/NinWorld
1387,Noz1150,No included runs,Japan,75.28,67.28,8,0,1,1,1,0,0,0,0,11.59,1044,https://www.speedrun.com/users/Noz1150
1388,Qacti,No included runs,United States,75.28,67.28,8,0,1,1,1,0,0,0,0,11.59,1044,https://www.speedrun.com/users/Qacti
1389,ShuriBear,No included runs,Netherlands,75.28,67.28,8,0,1,1,1,0,0,0,0,11.59,1044,https://www.speedrun.com/users/ShuriBear
1390,Sokho094,No included runs,Chile,75.28,67.28,8,0,1,1,1,0,0,0,0,11.59,1044,https://www.speedrun.com/users/Sokho094
1391,Tiouz,No included runs,France,75.28,67.28,8,0,1,1,1,0,0,0,0,11.59,1044,https://www.speedrun.com/users/Tiouz
1392,TurtleBeard,No included runs,United Kingdom,75.28,67.28,8,0,1,1,1,0,0,0,0,11.59,1044,https://www.speedrun.com/users/TurtleBeard
1393,Vibrant64,,,75.28,67.28,8,0,1,1,1,0,0,0,0,11.59,1044,https://www.speedrun.com/users/Vibrant64
1394,Kalaphant,No included runs,United States,74.99,63.68,11.31,0,2,2,1,0,0,0,0,11.55,388,https://www.speedrun.com/users/Kalaphant
1395,roux226,No included runs,Italy,74.92,53.61,11.31,10,2,2,2,0,0,0,0,11.39,975.5,https://www.speedrun.com/users/roux226
1396,RyanWalker1,No included runs,United States,74.85,60.99,13.86,0,3,3,1,0,0,0,0,15.16,639.33,https://www.speedrun.com/users/RyanWalker1
1397,LooeeJee,,,74.76,63.45,11.31,0,2,2,1,0,0,0,0,11.36,271.5,https://www.speedrun.com/users/LooeeJee
1398,Rumba,No included runs,United States,74.66,63.35,11.31,0,2,2,1,0,0,0,0,11.05,95.5,https://www.speedrun.com/users/Rumba
1399,Uriroitgrund,No included runs,Israel,74.43,53.12,11.31,10,2,2,2,0,0,0,0,12.49,997.5,https://www.speedrun.com/users/Uriroitgrund
1400,AnotherFunkingGamer,No included runs,Ireland,74.39,63.08,11.31,0,2,2,1,0,0,0,0,12.98,735,https://www.speedrun.com/users/AnotherFunkingGamer
1401,Simone3724,No included runs,Italy,74.34,63.03,11.31,0,2,2,1,0,0,0,0,11.21,272.5,https://www.speedrun.com/users/Simone3724
1402,EthanAlexE,No included runs,Canada,74.11,62.8,11.31,0,2,2,1,0,0,0,0,13.13,720,https://www.speedrun.com/users/EthanAlexE
1403,smartalec0624,,,73.96,57.96,16,0,4,4,1,0,0,0,0,16.4,515,
1404,dumbo0116,No included runs,Canada,73.77,65.77,8,0,1,1,1,0,0,0,0,10.55,340,https://www.speedrun.com/users/dumbo0116
1405,seungoh1,No included runs,South Korea,73.77,52.46,11.31,10,2,2,2,0,0,0,0,11.87,808,https://www.speedrun.com/users/seungoh1
1406,DavidGC,No included runs,Spain,73.71,62.4,11.31,0,2,2,1,0,0,0,0,13.78,759,https://www.speedrun.com/users/DavidGC
1407,Parrot_Dash,No included runs,Netherlands,73.63,65.63,8,0,1,1,1,0,0,0,0,8.69,34,https://www.speedrun.com/users/Parrot_Dash
1408,Sayarara,,,73.63,65.63,8,0,1,1,1,0,0,0,0,8.69,34,https://www.speedrun.com/users/Sayarara
1409,JuegAriel,No included runs,Spain,73.63,45.74,17.89,10,5,5,2,0,0,0,0,13.17,403,https://www.speedrun.com/users/JuegAriel
1410,rockdet,No included runs,Québec,73.55,65.55,8,0,1,1,1,0,0,0,0,10.02,181,https://www.speedrun.com/users/rockdet
1411,MichMar,No included runs,Poland,73.3,61.99,11.31,0,2,2,1,0,0,0,0,10.66,208.5,https://www.speedrun.com/users/MichMar
1412,wildd,No included runs,Venezuela,72.5,64.5,8,0,1,1,1,0,0,0,0,10.43,344,https://www.speedrun.com/users/wildd
1413,Adampai,No included runs,Poland,72.35,64.35,8,0,1,1,1,0,0,0,0,11.29,1067,https://www.speedrun.com/users/Adampai
1414,CaracarnVi,No included runs,United States,72.35,64.35,8,0,1,1,1,0,0,0,0,11.29,1067,https://www.speedrun.com/users/CaracarnVi
1415,Cavathon,No included runs,United States,72.35,64.35,8,0,1,1,1,0,0,0,0,11.29,1067,https://www.speedrun.com/users/Cavathon
1416,dubyagrip,No included runs,United States,72.35,64.35,8,0,1,1,1,0,0,0,0,11.29,1067,https://www.speedrun.com/users/dubyagrip
1417,fisel12,No included runs,Peru,72.35,64.35,8,0,1,1,1,0,0,0,0,11.29,1067,https://www.speedrun.com/users/fisel12
1418,FranLMSP,No included runs,Venezuela,72.35,64.35,8,0,1,1,1,0,0,0,0,11.29,1067,https://www.speedrun.com/users/FranLMSP
1419,hourofgame,No included runs,India,72.35,64.35,8,0,1,1,1,0,0,0,0,11.29,1067,https://www.speedrun.com/users/hourofgame
1420,JOELilloSinalowko,No included runs,Mexico,72.35,64.35,8,0,1,1,1,0,0,0,0,11.29,1067,https://www.speedrun.com/users/JOELilloSinalowko
1421,jon_the_engineer,No included runs,United States,72.35,64.35,8,0,1,1,1,0,0,0,0,11.29,1067,https://www.speedrun.com/users/jon_the_engineer
1422,MinematzHD,No included runs,Germany,72.35,64.35,8,0,1,1,1,0,0,0,0,11.29,1067,https://www.speedrun.com/users/MinematzHD
1423,NicoSpeedsub,No included runs,Germany,72.35,64.35,8,0,1,1,1,0,0,0,0,11.29,1067,https://www.speedrun.com/users/NicoSpeedsub
1424,RetroGamer_64,,,72.35,64.35,8,0,1,1,1,0,0,0,0,11.29,1067,
1425,sabordas,No included runs,Portugal,72.35,64.35,8,0,1,1,1,0,0,0,0,11.29,1067,https://www.speedrun.com/users/sabordas
1426,Skulli007,No included runs,Germany,72.35,64.35,8,0,1,1,1,0,0,0,0,11.29,1067,https://www.speedrun.com/users/Skulli007
1427,turmeric16,No included runs,United States,72.35,64.35,8,0,1,1,1,0,0,0,0,11.29,1067,https://www.speedrun.com/users/turmeric16
1428,4,,,71.28,59.97,11.31,0,2,2,1,0,0,0,0,12.58,289.5,https://www.speedrun.com/users/4
1429,Veigard,No included runs,Canada,70.91,49.6,11.31,10,2,2,2,0,0,0,0,11.58,714,https://www.speedrun.com/users/Veigard
1430,Spanikef,No included runs,United States,70.78,62.78,8,0,1,1,1,0,0,0,0,9.15,86,https://www.speedrun.com/users/Spanikef
1431,FlashTheorie,No included runs,France,70.62,49.31,11.31,10,2,2,2,0,0,0,0,11.74,1026,https://www.speedrun.com/users/FlashTheorie
1432,aisreal2401,No included runs,United States,70.31,62.31,8,0,1,1,1,0,0,0,0,10.22,351,https://www.speedrun.com/users/aisreal2401
1433,MatteoMiceli,No included runs,Italy,70.3,54.3,16,0,4,4,1,0,0,0,0,14.35,201.75,https://www.speedrun.com/users/MatteoMiceli
1434,Egorevenge,No included runs,Russia,70.26,58.95,11.31,0,2,2,1,0,0,0,0,11.97,616,https://www.speedrun.com/users/Egorevenge
1435,testalive69,No included runs,Antarctica,70.06,62.06,8,0,1,1,1,0,0,0,0,9.83,220,https://www.speedrun.com/users/testalive69
1436,Dihydrogen,No included runs,Antarctica,70,62,8,0,1,1,1,0,0,0,0,10.19,352,https://www.speedrun.com/users/Dihydrogen
1437,kekke2000,No included runs,Sweden,69.92,58.61,11.31,0,2,2,1,0,0,0,0,12.63,702.5,https://www.speedrun.com/users/kekke2000
1438,cryptones,No included runs,United States,69.71,61.71,8,0,1,1,1,0,0,0,0,11.01,1088,https://www.speedrun.com/users/cryptones
1439,CynanMachae,No included runs,Québec,69.71,61.71,8,0,1,1,1,0,0,0,0,11.01,1088,https://www.speedrun.com/users/CynanMachae
1440,FishamanP,No included runs,United States,69.71,61.71,8,0,1,1,1,0,0,0,0,11.01,1088,https://www.speedrun.com/users/FishamanP
1441,HimFly,No included runs,India,69.71,61.71,8,0,1,1,1,0,0,0,0,11.01,1088,https://www.speedrun.com/users/HimFly
1442,incommunicado,No included runs,France,69.71,61.71,8,0,1,1,1,0,0,0,0,11.01,1088,https://www.speedrun.com/users/incommunicado
1443,Jake1782,No included runs,England,69.71,61.71,8,0,1,1,1,0,0,0,0,11.01,1088,https://www.speedrun.com/users/Jake1782
1444,masakermedia,,,69.71,61.71,8,0,1,1,1,0,0,0,0,11.01,1088,https://www.speedrun.com/users/masakermedia
1445,Mustinclude3to25,No included runs,United States,69.71,61.71,8,0,1,1,1,0,0,0,0,11.01,1088,https://www.speedrun.com/users/Mustinclude3to25
1446,NateCC14,No included runs,United States,69.71,61.71,8,0,1,1,1,0,0,0,0,11.01,1088,https://www.speedrun.com/users/NateCC14
1447,OPB,,,69.71,61.71,8,0,1,1,1,0,0,0,0,11.01,1088,https://www.speedrun.com/users/OPB
1448,rooslugs,No included runs,United States,69.71,61.71,8,0,1,1,1,0,0,0,0,11.01,1088,https://www.speedrun.com/users/rooslugs
1449,salaryguy_,No included runs,United States,69.71,61.71,8,0,1,1,1,0,0,0,0,11.01,1088,https://www.speedrun.com/users/salaryguy_
1450,Tinglesmg,,,69.71,61.71,8,0,1,1,1,0,0,0,0,11.01,1088,https://www.speedrun.com/users/Tinglesmg
1451,Torje,No included runs,Norway,69.71,61.71,8,0,1,1,1,0,0,0,0,11.01,1088,https://www.speedrun.com/users/Torje
1452,Xago,No included runs,Argentina,69.71,61.71,8,0,1,1,1,0,0,0,0,11.01,1088,https://www.speedrun.com/users/Xago
1453,6ixsixsix,No included runs,United States,69.38,61.38,8,0,1,1,1,0,0,0,0,10.13,354,https://www.speedrun.com/users/6ixsixsix
1454,Asato_,No included runs,France,69.38,61.38,8,0,1,1,1,0,0,0,0,10.13,354,https://www.speedrun.com/users/Asato_
1455,ben949,,,69.38,61.38,8,0,1,1,1,0,0,0,0,10.13,354,https://www.speedrun.com/users/ben949
1456,bradleyguise,No included runs,United States,69.38,61.38,8,0,1,1,1,0,0,0,0,10.13,354,https://www.speedrun.com/users/bradleyguise
1457,carycrowmaster,No included runs,United States,69.38,61.38,8,0,1,1,1,0,0,0,0,10.13,354,https://www.speedrun.com/users/carycrowmaster
1458,codyy9,No included runs,United States,69.38,61.38,8,0,1,1,1,0,0,0,0,10.13,354,https://www.speedrun.com/users/codyy9
1459,CWS_2005,No included runs,United States,69.38,61.38,8,0,1,1,1,0,0,0,0,10.13,354,https://www.speedrun.com/users/CWS_2005
1460,dads_cookies,No included runs,Canada,69.38,61.38,8,0,1,1,1,0,0,0,0,10.13,354,https://www.speedrun.com/users/dads_cookies
1461,daftFella,No included runs,Scotland,69.38,61.38,8,0,1,1,1,0,0,0,0,10.13,354,https://www.speedrun.com/users/daftFella
1462,FinnyG,No included runs,England,69.38,61.38,8,0,1,1,1,0,0,0,0,10.13,354,https://www.speedrun.com/users/FinnyG
1463,goosegoosegoose,No included runs,United States,69.38,61.38,8,0,1,1,1,0,0,0,0,10.13,354,https://www.speedrun.com/users/goosegoosegoose
1464,GreenTractor77,No included runs,England,69.38,61.38,8,0,1,1,1,0,0,0,0,10.13,354,https://www.speedrun.com/users/GreenTractor77
1465,ImBerto,No included runs,Spain,69.38,61.38,8,0,1,1,1,0,0,0,0,10.13,354,https://www.speedrun.com/users/ImBerto
1466,Jacopswi,No included runs,France,69.38,61.38,8,0,1,1,1,0,0,0,0,10.13,354,https://www.speedrun.com/users/Jacopswi
1467,Jamjili,,,69.38,61.38,8,0,1,1,1,0,0,0,0,10.13,354,https://www.speedrun.com/users/Jamjili
1468,jutAxMAN,No included runs,Russia,69.38,61.38,8,0,1,1,1,0,0,0,0,10.13,354,https://www.speedrun.com/users/jutAxMAN
1469,kalifguest22,,,69.38,61.38,8,0,1,1,1,0,0,0,0,10.13,354,https://www.speedrun.com/users/kalifguest22
1470,KKOJJGSS,No included runs,India,69.38,61.38,8,0,1,1,1,0,0,0,0,10.13,354,https://www.speedrun.com/users/KKOJJGSS
1471,KrazySickGamer,No included runs,England,69.38,61.38,8,0,1,1,1,0,0,0,0,10.13,354,https://www.speedrun.com/users/KrazySickGamer
1472,LDAMAN,,,69.38,61.38,8,0,1,1,1,0,0,0,0,10.13,354,https://www.speedrun.com/users/LDAMAN
1473,LeonD011,No included runs,Spain,69.38,61.38,8,0,1,1,1,0,0,0,0,10.13,354,https://www.speedrun.com/users/LeonD011
1474,lisahaik,No included runs,Russia,69.38,61.38,8,0,1,1,1,0,0,0,0,10.13,354,https://www.speedrun.com/users/lisahaik
1475,LPhantom,No included runs,Germany,69.38,61.38,8,0,1,1,1,0,0,0,0,10.13,354,https://www.speedrun.com/users/LPhantom
1476,Mathiiias,No included runs,Germany,69.38,61.38,8,0,1,1,1,0,0,0,0,10.13,354,https://www.speedrun.com/users/Mathiiias
1477,MatthewGamingLive,No included runs,United States,69.38,61.38,8,0,1,1,1,0,0,0,0,10.13,354,https://www.speedrun.com/users/MatthewGamingLive
1478,MciCarrandom,No included runs,Peru,69.38,61.38,8,0,1,1,1,0,0,0,0,10.13,354,https://www.speedrun.com/users/MciCarrandom
1479,Michael124,,,69.38,61.38,8,0,1,1,1,0,0,0,0,10.13,354,https://www.speedrun.com/users/Michael124
1480,Mun_e,No included runs,Morocco,69.38,61.38,8,0,1,1,1,0,0,0,0,10.13,354,https://www.speedrun.com/users/Mun_e
1481,NightFalcon,No included runs,Austria,69.38,61.38,8,0,1,1,1,0,0,0,0,10.13,354,https://www.speedrun.com/users/NightFalcon
1482,ntBagel,No included runs,United States,69.38,61.38,8,0,1,1,1,0,0,0,0,10.13,354,https://www.speedrun.com/users/ntBagel
1483,OofDoof,No included runs,United States,69.38,61.38,8,0,1,1,1,0,0,0,0,10.13,354,https://www.speedrun.com/users/OofDoof
1484,Otterstone_Gamer,No included runs,United States,69.38,61.38,8,0,1,1,1,0,0,0,0,10.13,354,https://www.speedrun.com/users/Otterstone_Gamer
1485,Paraxia,No included runs,Poland,69.38,61.38,8,0,1,1,1,0,0,0,0,10.13,354,https://www.speedrun.com/users/Paraxia
1486,Retronox,,,69.38,61.38,8,0,1,1,1,0,0,0,0,10.13,354,https://www.speedrun.com/users/Retronox
1487,Romxn,No included runs,United States,69.38,61.38,8,0,1,1,1,0,0,0,0,10.13,354,https://www.speedrun.com/users/Romxn
1488,Rubiss,,,69.38,61.38,8,0,1,1,1,0,0,0,0,10.13,354,
1489,SpupaSpeedrunner,,,69.38,61.38,8,0,1,1,1,0,0,0,0,10.13,354,https://www.speedrun.com/users/SpupaSpeedrunner
1490,Srebrny,No included runs,Poland,69.38,61.38,8,0,1,1,1,0,0,0,0,10.13,354,https://www.speedrun.com/users/Srebrny
1491,SWIPER4IK,No included runs,Belarus,69.38,61.38,8,0,1,1,1,0,0,0,0,10.13,354,https://www.speedrun.com/users/SWIPER4IK
1492,the_xdude,No included runs,United States,69.38,61.38,8,0,1,1,1,0,0,0,0,10.13,354,https://www.speedrun.com/users/the_xdude
1493,xxezrabxxx,No included runs,United States,69.38,61.38,8,0,1,1,1,0,0,0,0,10.13,354,https://www.speedrun.com/users/xxezrabxxx
1494,ZenZenD,No included runs,France,69.38,61.38,8,0,1,1,1,0,0,0,0,10.13,354,https://www.speedrun.com/users/ZenZenD
1495,Game_Cuber,No included runs,United States,69.35,48.04,11.31,10,2,2,2,0,0,0,0,11.27,825,https://www.speedrun.com/users/Game_Cuber
1496,judogerudo,No included runs,United States,68.63,60.63,8,0,1,1,1,0,0,0,0,7.78,19,https://www.speedrun.com/users/judogerudo
1497,sau6son,No included runs,France,68.21,56.9,11.31,0,2,2,1,0,0,0,0,11.82,652,https://www.speedrun.com/users/sau6son
1498,DeMoNFLiP84,No included runs,United States,68.07,44.21,13.86,10,3,3,2,0,0,0,0,11.87,526.33,https://www.speedrun.com/users/DeMoNFLiP84
1499,Alicon,No included runs,Sweden,67,59,8,0,1,1,1,0,0,0,0,10.73,1110,https://www.speedrun.com/users/Alicon
1500,Boz,No included runs,United States,67,59,8,0,1,1,1,0,0,0,0,10.73,1110,https://www.speedrun.com/users/Boz
1501,Chab0z,No included runs,Québec,67,59,8,0,1,1,1,0,0,0,0,10.73,1110,https://www.speedrun.com/users/Chab0z
1502,DeadGuyDrives,No included runs,United States,67,59,8,0,1,1,1,0,0,0,0,10.73,1110,https://www.speedrun.com/users/DeadGuyDrives
1503,DonkeyMario65,No included runs,United States,67,59,8,0,1,1,1,0,0,0,0,10.73,1110,https://www.speedrun.com/users/DonkeyMario65
1504,LakituBro,No included runs,United States,67,59,8,0,1,1,1,0,0,0,0,10.73,1110,https://www.speedrun.com/users/LakituBro
1505,lamons,No included runs,Québec,67,59,8,0,1,1,1,0,0,0,0,10.73,1110,https://www.speedrun.com/users/lamons
1506,Link130890,No included runs,Italy,67,59,8,0,1,1,1,0,0,0,0,10.73,1110,https://www.speedrun.com/users/Link130890
1507,MinecraftGuy12474,No included runs,Poland,67,59,8,0,1,1,1,0,0,0,0,10.73,1110,https://www.speedrun.com/users/MinecraftGuy12474
1508,SomeSpeedrunner,No included runs,Germany,67,59,8,0,1,1,1,0,0,0,0,10.73,1110,https://www.speedrun.com/users/SomeSpeedrunner
1509,trioiypfdt,No included runs,United States,67,59,8,0,1,1,1,0,0,0,0,10.73,1110,https://www.speedrun.com/users/trioiypfdt
1510,Steentsol,No included runs,United States,66.58,58.58,8,0,1,1,1,0,0,0,0,8.33,50,https://www.speedrun.com/users/Steentsol
1511,xXJulianbrito_YTXx3,No included runs,Chile,66.55,42.69,13.86,10,3,3,2,0,0,0,0,10.36,315.67,https://www.speedrun.com/users/xXJulianbrito_YTXx3
1512,Annorax,No included runs,United States,66.42,36.82,19.6,10,6,6,2,0,1,3,6,8.44,310.5,https://www.speedrun.com/users/Annorax
1513,k1ng_d0ughnut21,,,66.24,52.38,13.86,0,3,3,1,0,0,0,0,11.5,202.33,https://www.speedrun.com/users/k1ng_d0ughnut21
1514,SuperMariLo,No included runs,Sweden,66.2,58.2,8,0,1,1,1,0,0,0,0,7.6,20,https://www.speedrun.com/users/SuperMariLo
1515,WhiteMonster,No included runs,Poland,66.02,44.71,11.31,10,2,2,2,0,0,0,0,10.63,719.5,https://www.speedrun.com/users/WhiteMonster
1516,hamburger0421,No included runs,Philippines,65.65,57.65,8,0,1,1,1,0,0,0,0,9.41,230,https://www.speedrun.com/users/hamburger0421
1517,willustop1,No included runs,United States,65.65,57.65,8,0,1,1,1,0,0,0,0,9.41,230,https://www.speedrun.com/users/willustop1
1518,Yarocrafter,No included runs,Belarus,65.52,57.52,8,0,1,1,1,0,0,0,0,8.04,39,https://www.speedrun.com/users/Yarocrafter
1519,toro1099,No included runs,Japan,65.17,57.17,8,0,1,1,1,0,0,0,0,7.34,16,https://www.speedrun.com/users/toro1099
1520,ThreeToadSloth,No included runs,United States,65.11,31.11,24,10,9,9,2,0,0,0,0,11.94,306.89,https://www.speedrun.com/users/ThreeToadSloth
1521,Astro_Mitch,No included runs,United States,65.06,57.06,8,0,1,1,1,0,0,0,0,10.52,1126,https://www.speedrun.com/users/Astro_Mitch
1522,Cads,No included runs,Canada,65.06,57.06,8,0,1,1,1,0,0,0,0,10.52,1126,https://www.speedrun.com/users/Cads
1523,fattycakes,No included runs,United States,65.06,57.06,8,0,1,1,1,0,0,0,0,10.52,1126,https://www.speedrun.com/users/fattycakes
1524,LEITHAL,No included runs,Canada,65.06,57.06,8,0,1,1,1,0,0,0,0,10.52,1126,https://www.speedrun.com/users/LEITHAL
1525,Mikachu,No included runs,United States,65.06,57.06,8,0,1,1,1,0,0,0,0,10.52,1126,https://www.speedrun.com/users/Mikachu
1526,NLeseul,No included runs,United States,65.06,57.06,8,0,1,1,1,0,0,0,0,10.52,1126,https://www.speedrun.com/users/NLeseul
1527,pony263,No included runs,Argentina,65.06,57.06,8,0,1,1,1,0,0,0,0,10.52,1126,https://www.speedrun.com/users/pony263
1528,ProfessorLaw,No included runs,France,65.06,57.06,8,0,1,1,1,0,0,0,0,10.52,1126,https://www.speedrun.com/users/ProfessorLaw
1529,Ruben_ls3,No included runs,Sweden,65.06,57.06,8,0,1,1,1,0,0,0,0,10.52,1126,https://www.speedrun.com/users/Ruben_ls3
1530,TimeC0nsumer,No included runs,Belgium,65.06,57.06,8,0,1,1,1,0,0,0,0,10.52,1126,https://www.speedrun.com/users/TimeC0nsumer
1531,zaizaijki,No included runs,China,65.06,57.06,8,0,1,1,1,0,0,0,0,10.52,1126,https://www.speedrun.com/users/zaizaijki
1532,Grayskull83,No included runs,United States,64.94,53.63,11.31,0,2,2,1,0,0,0,0,12.45,791,https://www.speedrun.com/users/Grayskull83
1533,Blu3l1fe,No included runs,United States,64.63,56.63,8,0,1,1,1,0,0,0,0,8.62,93,https://www.speedrun.com/users/Blu3l1fe
1534,LeHulk,No included runs,France,63.8,55.8,8,0,1,1,1,0,0,0,0,7.41,21,https://www.speedrun.com/users/LeHulk
1535,The_lone_pie,No included runs,United States,63.28,55.28,8,0,1,1,1,0,0,0,0,8.96,176,https://www.speedrun.com/users/The_lone_pie
1536,AlexaCatgirl,No included runs,Poland,62.97,39.11,13.86,10,3,3,2,0,0,0,0,8.99,324.67,https://www.speedrun.com/users/AlexaCatgirl
1537,Clackiam,No included runs,United States,62.91,54.91,8,0,1,1,1,0,0,0,0,10.28,1144,https://www.speedrun.com/users/Clackiam
1538,Deactiv8dStylez,No included runs,United States,62.91,54.91,8,0,1,1,1,0,0,0,0,10.28,1144,https://www.speedrun.com/users/Deactiv8dStylez
1539,johnclake2,No included runs,United States,62.91,54.91,8,0,1,1,1,0,0,0,0,10.28,1144,https://www.speedrun.com/users/johnclake2
1540,McBobX,No included runs,Morocco,62.91,54.91,8,0,1,1,1,0,0,0,0,10.28,1144,https://www.speedrun.com/users/McBobX
1541,Naldoo,No included runs,Brazil,62.91,54.91,8,0,1,1,1,0,0,0,0,10.28,1144,https://www.speedrun.com/users/Naldoo
1542,skolargh,No included runs,Australia,62.91,54.91,8,0,1,1,1,0,0,0,0,10.28,1144,https://www.speedrun.com/users/skolargh
1543,speedruntutor,,,62.91,54.91,8,0,1,1,1,0,0,0,0,10.28,1144,https://www.speedrun.com/users/speedruntutor
1544,TheOldThunder,No included runs,United States,62.91,54.91,8,0,1,1,1,0,0,0,0,10.28,1144,https://www.speedrun.com/users/TheOldThunder
1545,Whippie36,No included runs,United States,62.91,54.91,8,0,1,1,1,0,0,0,0,10.28,1144,https://www.speedrun.com/users/Whippie36
1546,jonnyarcade,No included runs,Argentina,62.74,54.74,8,0,1,1,1,0,0,0,0,8.91,177,https://www.speedrun.com/users/jonnyarcade
1547,NME,No included runs,United States,62.61,54.61,8,0,1,1,1,0,0,0,0,9,203,https://www.speedrun.com/users/NME
1548,eij9genw,No included runs,Québec,62.56,37.26,25.3,0,10,10,1,1,6,9,26,4.31,4,https://www.speedrun.com/users/eij9genw
1549,MihaelV,No included runs,Bosnia and Herzegovina,62.41,54.41,8,0,1,1,1,0,0,0,0,7.78,41,https://www.speedrun.com/users/MihaelV
1550,GoldenCarrot114514,No included runs,China,62.14,40.83,11.31,10,2,2,2,0,0,0,0,9.46,674,https://www.speedrun.com/users/GoldenCarrot114514
1551,[jp]けーずでんき (K's Denki),,,62.12,54.12,8,0,1,1,1,0,0,0,0,7.99,56,
1552,Jaysif,No included runs,United States,61.64,53.64,8,0,1,1,1,0,0,0,0,7.57,34,https://www.speedrun.com/users/Jaysif
1553,BryBad,No included runs,United States,61.42,50.11,11.31,0,2,2,1,0,0,0,0,9.27,39,https://www.speedrun.com/users/BryBad
1554,Hewhoisred,No included runs,United States,61.18,53.18,8,0,1,1,1,0,0,0,0,8.86,206,https://www.speedrun.com/users/Hewhoisred
1555,link_7777,No included runs,United States,61.08,25.08,16,20,4,4,3,0,0,0,0,7.2,398.5,https://www.speedrun.com/users/link_7777
1556,BuzzThunder,No included runs,United States,61.03,53.03,8,0,1,1,1,0,0,0,0,10.08,1160,https://www.speedrun.com/users/BuzzThunder
1557,ClassicJames,No included runs,United States,61.03,53.03,8,0,1,1,1,0,0,0,0,10.08,1160,https://www.speedrun.com/users/ClassicJames
1558,Existance494,No included runs,United States,61.03,53.03,8,0,1,1,1,0,0,0,0,10.08,1160,https://www.speedrun.com/users/Existance494
1559,Izzey,No included runs,Venezuela,61.03,53.03,8,0,1,1,1,0,0,0,0,10.08,1160,https://www.speedrun.com/users/Izzey
1560,JoeyGameLover,,,61.03,53.03,8,0,1,1,1,0,0,0,0,10.08,1160,https://www.speedrun.com/users/JoeyGameLover
1561,Master_Dreamer,No included runs,United States,61.03,53.03,8,0,1,1,1,0,0,0,0,10.08,1160,https://www.speedrun.com/users/Master_Dreamer
1562,Master_Stick,No included runs,England,61.03,53.03,8,0,1,1,1,0,0,0,0,10.08,1160,https://www.speedrun.com/users/Master_Stick
1563,Oddimus,No included runs,United States,61.03,53.03,8,0,1,1,1,0,0,0,0,10.08,1160,https://www.speedrun.com/users/Oddimus
1564,ryanr180,No included runs,England,61.03,53.03,8,0,1,1,1,0,0,0,0,10.08,1160,https://www.speedrun.com/users/ryanr180
1565,Shining1432,No included runs,Japan,61.03,53.03,8,0,1,1,1,0,0,0,0,10.08,1160,https://www.speedrun.com/users/Shining1432
1566,smewlee,No included runs,Finland,61.03,53.03,8,0,1,1,1,0,0,0,0,10.08,1160,https://www.speedrun.com/users/smewlee
1567,TGH,No included runs,United States,61.03,53.03,8,0,1,1,1,0,0,0,0,10.08,1160,https://www.speedrun.com/users/TGH
1568,TheGreatestPotatoKing,No included runs,United States,61.03,53.03,8,0,1,1,1,0,0,0,0,10.08,1160,https://www.speedrun.com/users/TheGreatestPotatoKing
1569,zedddez,No included runs,United States,61.03,53.03,8,0,1,1,1,0,0,0,0,10.08,1160,https://www.speedrun.com/users/zedddez
1570,probablyalex,No included runs,Canada,60.57,49.26,11.31,0,2,2,1,0,0,0,0,11.29,754,https://www.speedrun.com/users/probablyalex
1571,dethwing,No included runs,United States,60.24,52.24,8,0,1,1,1,0,0,0,0,8.77,208,https://www.speedrun.com/users/dethwing
1572,Zecke,No included runs,Germany,60.15,28.98,21.17,10,7,7,2,0,0,0,0,11.15,370,https://www.speedrun.com/users/Zecke
1573,GregoTheGreatest,No included runs,United States,59.91,36.05,13.86,10,3,3,2,0,0,0,0,10.48,241.67,https://www.speedrun.com/users/GregoTheGreatest
1574,MagicK,No included runs,Québec,59.41,48.1,11.31,0,2,2,1,0,0,0,0,11.83,825,https://www.speedrun.com/users/MagicK
1575,Maggitz,,,59.2,37.89,11.31,10,2,2,2,0,0,0,0,8.13,1164.5,
1576,63617368,No included runs,United States,58.95,50.95,8,0,1,1,1,0,0,0,0,9.84,1178,https://www.speedrun.com/users/0063617368
1577,chadilak,No included runs,United States,58.95,50.95,8,0,1,1,1,0,0,0,0,9.84,1178,https://www.speedrun.com/users/chadilak
1578,Garvey,No included runs,United States,58.95,50.95,8,0,1,1,1,0,0,0,0,9.84,1178,https://www.speedrun.com/users/Garvey
1579,Gateroverrade,,,58.95,50.95,8,0,1,1,1,0,0,0,0,9.84,1178,https://www.speedrun.com/users/Gateroverrade
1580,jamesjmarkeyjr,No included runs,United States,58.95,50.95,8,0,1,1,1,0,0,0,0,9.84,1178,https://www.speedrun.com/users/jamesjmarkeyjr
1581,JBHJ,No included runs,United States,58.95,50.95,8,0,1,1,1,0,0,0,0,9.84,1178,https://www.speedrun.com/users/JBHJ
1582,Jimboom,No included runs,Germany,58.95,50.95,8,0,1,1,1,0,0,0,0,9.84,1178,https://www.speedrun.com/users/Jimboom
1583,LirWm,No included runs,Australia,58.95,50.95,8,0,1,1,1,0,0,0,0,9.84,1178,https://www.speedrun.com/users/LirWm
1584,Luxry,No included runs,United States,58.95,50.95,8,0,1,1,1,0,0,0,0,9.84,1178,https://www.speedrun.com/users/Luxry
1585,Mickrowatts,No included runs,Québec,58.95,50.95,8,0,1,1,1,0,0,0,0,9.84,1178,https://www.speedrun.com/users/Mickrowatts
1586,Particular18,No included runs,Ecuador,58.95,50.95,8,0,1,1,1,0,0,0,0,9.84,1178,https://www.speedrun.com/users/Particular18
1587,Pikaboy70,No included runs,United States,58.95,50.95,8,0,1,1,1,0,0,0,0,9.84,1178,https://www.speedrun.com/users/Pikaboy70
1588,przemekmat,No included runs,Poland,58.95,50.95,8,0,1,1,1,0,0,0,0,9.84,1178,https://www.speedrun.com/users/przemekmat
1589,skateman222,No included runs,Canada,58.95,50.95,8,0,1,1,1,0,0,0,0,9.84,1178,https://www.speedrun.com/users/skateman222
1590,Unbones,No included runs,United States,58.95,50.95,8,0,1,1,1,0,0,0,0,9.84,1178,https://www.speedrun.com/users/Unbones
1591,Volpey,No included runs,Germany,58.95,50.95,8,0,1,1,1,0,0,0,0,9.84,1178,https://www.speedrun.com/users/Volpey
1592,PabloSoler,No included runs,Spain,58.87,37.56,11.31,10,2,2,2,0,0,0,0,7.73,394,https://www.speedrun.com/users/PabloSoler
1593,sashoboss,No included runs,Australia,58.83,50.83,8,0,1,1,1,0,0,0,0,8.63,211,https://www.speedrun.com/users/sashoboss
1594,AugusTitan,No included runs,Brazil,58.52,50.52,8,0,1,1,1,0,0,0,0,8.13,111,https://www.speedrun.com/users/AugusTitan
1595,BlindTravel,No included runs,Bulgaria,58.48,50.48,8,0,1,1,1,0,0,0,0,8.7,247,https://www.speedrun.com/users/BlindTravel
1596,Snorlax0912,No included runs,United States,58.48,50.48,8,0,1,1,1,0,0,0,0,8.7,247,https://www.speedrun.com/users/Snorlax0912
1597,GeneralTauroneo,No included runs,Belgium,57.94,46.63,11.31,0,2,2,1,0,0,0,0,8.71,95,https://www.speedrun.com/users/GeneralTauroneo
1598,quixoticflux888,No included runs,United States,57.45,49.45,8,0,1,1,1,0,0,0,0,8.49,214,https://www.speedrun.com/users/quixoticflux888
1599,ZeSpecialK,No included runs,United States,57.24,49.24,8,0,1,1,1,0,0,0,0,7.55,60,https://www.speedrun.com/users/ZeSpecialK
1600,Jabem,No included runs,United States,57.18,35.87,11.31,10,2,2,2,0,0,0,0,9.17,787.5,https://www.speedrun.com/users/Jabem
1601,danishnajmi,No included runs,Malaysia,56.67,48.67,8,0,1,1,1,0,0,0,0,9.58,1198,https://www.speedrun.com/users/danishnajmi
1602,danredge,No included runs,Québec,56.67,48.67,8,0,1,1,1,0,0,0,0,9.58,1198,https://www.speedrun.com/users/danredge
1603,g00w,No included runs,Sweden,56.67,48.67,8,0,1,1,1,0,0,0,0,9.58,1198,https://www.speedrun.com/users/g00w
1604,Maia_Starchild,No included runs,United States,56.67,48.67,8,0,1,1,1,0,0,0,0,9.58,1198,https://www.speedrun.com/users/Maia_Starchild
1605,Mike71250,No included runs,Canada,56.67,48.67,8,0,1,1,1,0,0,0,0,9.58,1198,https://www.speedrun.com/users/Mike71250
1606,Ribozome,No included runs,France,56.67,48.67,8,0,1,1,1,0,0,0,0,9.58,1198,https://www.speedrun.com/users/Ribozome
1607,TheOtherKarl,No included runs,Sweden,56.67,48.67,8,0,1,1,1,0,0,0,0,9.58,1198,https://www.speedrun.com/users/TheOtherKarl
1608,theprogrammer88,No included runs,United States,56.67,48.67,8,0,1,1,1,0,0,0,0,9.58,1198,https://www.speedrun.com/users/theprogrammer88
1609,ShesChardcore,No included runs,United States,56.3,32.44,13.86,10,3,3,2,0,0,2,2,6.51,595.67,https://www.speedrun.com/users/ShesChardcore
1610,Double,No included runs,Japan,56.26,48.26,8,0,1,1,1,0,0,0,0,7.91,114,https://www.speedrun.com/users/Double
1611,Konings1989,No included runs,Netherlands,56.05,48.05,8,0,1,1,1,0,0,0,0,7.45,61,https://www.speedrun.com/users/Konings1989
1612,FoxyLove,No included runs,Québec,55.99,26.39,19.6,10,6,6,2,0,0,0,0,9.84,514.67,https://www.speedrun.com/users/FoxyLove
1613,SeanRaider,No included runs,Canada,55.93,34.62,11.31,10,2,2,2,0,0,0,0,8.15,154,https://www.speedrun.com/users/SeanRaider
1614,SalamangreatPlumber,,,55.62,47.62,8,0,1,1,1,0,0,0,0,8.3,218,https://www.speedrun.com/users/SalamangreatPlumber
1615,lowka,No included runs,Ukraine,55.39,34.08,11.31,10,2,2,2,0,0,0,0,8.21,849,https://www.speedrun.com/users/lowka
1616,brocis420,No included runs,Canada,55.21,47.21,8,0,1,1,1,0,0,0,0,9.41,1211,https://www.speedrun.com/users/brocis420
1617,Diney,No included runs,Northern Ireland,55.21,47.21,8,0,1,1,1,0,0,0,0,9.41,1211,https://www.speedrun.com/users/Diney
1618,Georgier,No included runs,Hong Kong,55.21,47.21,8,0,1,1,1,0,0,0,0,9.41,1211,https://www.speedrun.com/users/Georgier
1619,Guwapo,No included runs,United States,55.21,47.21,8,0,1,1,1,0,0,0,0,9.41,1211,https://www.speedrun.com/users/Guwapo
1620,JonnyLink,No included runs,United States,55.21,47.21,8,0,1,1,1,0,0,0,0,9.41,1211,https://www.speedrun.com/users/JonnyLink
1621,kaktus313,,,55.21,47.21,8,0,1,1,1,0,0,0,0,9.41,1211,https://www.speedrun.com/users/kaktus313
1622,RedToad10,No included runs,United States,55.21,47.21,8,0,1,1,1,0,0,0,0,9.41,1211,https://www.speedrun.com/users/RedToad10
1623,special_k_95,No included runs,United States,55.21,47.21,8,0,1,1,1,0,0,0,0,9.41,1211,https://www.speedrun.com/users/special_k_95
1624,Twinstar,No included runs,United States,55.21,47.21,8,0,1,1,1,0,0,0,0,9.41,1211,https://www.speedrun.com/users/Twinstar
1625,whotfeld,No included runs,Netherlands,55.21,47.21,8,0,1,1,1,0,0,0,0,9.41,1211,https://www.speedrun.com/users/whotfeld
1626,GrandMasterMario5000,No included runs,Canada,55.02,27.13,17.89,10,5,5,2,0,0,0,0,9.94,576.2,https://www.speedrun.com/users/GrandMasterMario5000
1627,Shiro785,No included runs,Japan,55.01,43.7,11.31,0,2,2,1,0,0,0,0,9.8,272,https://www.speedrun.com/users/Shiro785
1628,Jumpyluff,No included runs,United States,54.78,46.78,8,0,1,1,1,0,0,0,0,7.77,116,https://www.speedrun.com/users/Jumpyluff
1629,Xdragon,No included runs,United States,54.72,46.72,8,0,1,1,1,0,0,0,0,8.21,220,https://www.speedrun.com/users/Xdragon
1630,hammersuits,No included runs,United States,54.37,46.37,8,0,1,1,1,0,0,1,1,5.11,4,https://www.speedrun.com/users/hammersuits
1631,DenisLandry,No included runs,Canada,53.89,45.89,8,0,1,1,1,0,0,0,0,9.25,1223,https://www.speedrun.com/users/DenisLandry
1632,Fleke,No included runs,Sweden,53.89,45.89,8,0,1,1,1,0,0,0,0,9.25,1223,https://www.speedrun.com/users/Fleke
1633,J3_fromYt,,,53.89,45.89,8,0,1,1,1,0,0,0,0,9.25,1223,https://www.speedrun.com/users/J3_fromYt
1634,ManneN,No included runs,Sweden,53.89,45.89,8,0,1,1,1,0,0,0,0,9.25,1223,https://www.speedrun.com/users/ManneN
1635,Mike Morrow,,,53.89,45.89,8,0,1,1,1,0,0,0,0,9.25,1223,
1636,OptiJuegos,No included runs,Argentina,53.89,45.89,8,0,1,1,1,0,0,0,0,9.25,1223,https://www.speedrun.com/users/OptiJuegos
1637,Pandabear314,No included runs,United States,53.89,45.89,8,0,1,1,1,0,0,0,0,9.25,1223,https://www.speedrun.com/users/Pandabear314
1638,Pr3tzel222,No included runs,Canada,53.89,45.89,8,0,1,1,1,0,0,0,0,9.25,1223,https://www.speedrun.com/users/Pr3tzel222
1639,Saza_N_Am_I,No included runs,Japan,53.89,45.89,8,0,1,1,1,0,0,0,0,9.25,1223,https://www.speedrun.com/users/Saza_N_Am_I
1640,ThePigKing,No included runs,United Kingdom,53.89,45.89,8,0,1,1,1,0,0,0,0,9.25,1223,https://www.speedrun.com/users/ThePigKing
1641,Tootoo,No included runs,Sweden,53.89,45.89,8,0,1,1,1,0,0,0,0,9.25,1223,https://www.speedrun.com/users/Tootoo
1642,turara32767,No included runs,Japan,53.89,45.89,8,0,1,1,1,0,0,0,0,9.25,1223,https://www.speedrun.com/users/turara32767
1643,wister_,No included runs,United States,53.89,45.89,8,0,1,1,1,0,0,0,0,9.25,1223,https://www.speedrun.com/users/wister_
1644,baseball_caniac,No included runs,United States,53.87,42.56,11.31,0,2,2,1,0,0,0,0,10.96,899,https://www.speedrun.com/users/baseball_caniac
1645,BreadForBrunch,No included runs,United States,53.83,45.83,8,0,1,1,1,0,0,0,0,8.12,222,https://www.speedrun.com/users/BreadForBrunch
1646,MisterPost,No included runs,United States,53.83,45.83,8,0,1,1,1,0,0,0,0,8.12,222,https://www.speedrun.com/users/MisterPost
1647,Danieltatis,No included runs,Colombia,53.25,45.25,8,0,1,1,1,0,0,0,0,8.16,260,https://www.speedrun.com/users/Danieltatis
1648,iworkonafield247,No included runs,United Kingdom,53.25,45.25,8,0,1,1,1,0,0,0,0,8.16,260,https://www.speedrun.com/users/iworkonafield247
1649,Yoshiabel,No included runs,Catalonia,53.24,41.93,11.31,0,2,2,1,0,0,0,0,9.5,309.5,https://www.speedrun.com/users/Yoshiabel
1650,Odme,No included runs,United States,52.66,31.35,11.31,10,2,2,2,0,0,0,0,8.43,799,https://www.speedrun.com/users/Odme
1651,furlim,No included runs,Brazil,52.59,44.59,8,0,1,1,1,0,0,0,0,7.56,119,https://www.speedrun.com/users/furlim
1652,Squidy_,,,52.52,31.21,11.31,10,2,2,2,0,0,0,0,6.93,86.5,https://www.speedrun.com/users/Squidy_
1653,Ljubansky,No included runs,Croatia,52.06,44.06,8,0,1,1,1,0,0,0,0,6.87,48,https://www.speedrun.com/users/Ljubansky
1654,Aaron Collins,,,51.92,43.92,8,0,1,1,1,0,0,0,0,9.02,1241,
1655,B0SS_99,No included runs,United States,51.92,43.92,8,0,1,1,1,0,0,0,0,9.02,1241,https://www.speedrun.com/users/B0SS_99
1656,bakr,No included runs,United States,51.92,43.92,8,0,1,1,1,0,0,0,0,9.02,1241,https://www.speedrun.com/users/bakr
1657,Bydeezdad707,No included runs,United States,51.92,43.92,8,0,1,1,1,0,0,0,0,9.02,1241,https://www.speedrun.com/users/Bydeezdad707
1658,chessjerk,No included runs,United States,51.92,43.92,8,0,1,1,1,0,0,0,0,9.02,1241,https://www.speedrun.com/users/chessjerk
1659,davidaheath,No included runs,England,51.92,43.92,8,0,1,1,1,0,0,0,0,9.02,1241,https://www.speedrun.com/users/davidaheath
1660,fruitbatsalad,No included runs,United States,51.92,43.92,8,0,1,1,1,0,0,0,0,9.02,1241,https://www.speedrun.com/users/fruitbatsalad
1661,FuzzyVolt,No included runs,Canada,51.92,43.92,8,0,1,1,1,0,0,0,0,9.02,1241,https://www.speedrun.com/users/FuzzyVolt
1662,Loreinier,No included runs,United States,51.92,43.92,8,0,1,1,1,0,0,0,0,9.02,1241,https://www.speedrun.com/users/Loreinier
1663,Rirure,No included runs,Japan,51.92,43.92,8,0,1,1,1,0,0,0,0,9.02,1241,https://www.speedrun.com/users/Rirure
1664,Rynnoo,No included runs,United States,51.92,43.92,8,0,1,1,1,0,0,0,0,9.02,1241,https://www.speedrun.com/users/Rynnoo
1665,statont,No included runs,United States,51.92,43.92,8,0,1,1,1,0,0,0,0,9.02,1241,https://www.speedrun.com/users/statont
1666,SteveNick786,,,51.92,43.92,8,0,1,1,1,0,0,0,0,9.02,1241,https://www.speedrun.com/users/SteveNick786
1667,subsonice,No included runs,United States,51.92,43.92,8,0,1,1,1,0,0,0,0,9.02,1241,https://www.speedrun.com/users/subsonice
1668,TerrapinTV,No included runs,United States,51.92,43.92,8,0,1,1,1,0,0,0,0,9.02,1241,https://www.speedrun.com/users/TerrapinTV
1669,Thenostalgicman,No included runs,Peru,51.92,43.92,8,0,1,1,1,0,0,0,0,9.02,1241,https://www.speedrun.com/users/Thenostalgicman
1670,UrLocalKangaroo,No included runs,United States,51.92,43.92,8,0,1,1,1,0,0,0,0,9.02,1241,https://www.speedrun.com/users/UrLocalKangaroo
1671,Valmerix,,,51.92,43.92,8,0,1,1,1,0,0,0,0,9.02,1241,https://www.speedrun.com/users/Valmerix
1672,Vulajin,No included runs,United States,51.92,43.92,8,0,1,1,1,0,0,0,0,9.02,1241,https://www.speedrun.com/users/Vulajin
1673,weedsi,No included runs,United States,51.92,43.92,8,0,1,1,1,0,0,0,0,9.02,1241,https://www.speedrun.com/users/weedsi
1674,xtmjm10,No included runs,United Kingdom,51.92,43.92,8,0,1,1,1,0,0,0,0,9.02,1241,https://www.speedrun.com/users/xtmjm10
1675,Penguini64,No included runs,United States,51.7,43.7,8,0,1,1,1,0,0,0,0,7.99,264,https://www.speedrun.com/users/Penguini64
1676,Waluirunner,No included runs,Austria,51.17,29.86,11.31,10,2,2,2,0,0,0,0,8.28,791.5,https://www.speedrun.com/users/Waluirunner
1677,JFred99,No included runs,United States,50.94,27.08,13.86,10,3,3,2,0,0,0,0,9.57,687.67,https://www.speedrun.com/users/JFred99
1678,Luigi.B,No included runs,France,50.66,42.66,8,0,1,1,1,0,0,0,0,6.74,49,https://www.speedrun.com/users/Luigi.B
1679,aims,No included runs,United States,50.6,42.6,8,0,1,1,1,0,0,0,0,7.69,201,https://www.speedrun.com/users/aims
1680,3141516171819110q,,,50.17,29,21.17,0,7,7,1,0,0,0,0,9.91,219.29,https://www.speedrun.com/users/3141516171819110q
1681,TheArsonistLink,No included runs,United States,49.94,38.63,11.31,0,2,2,1,0,0,0,0,8.24,231.5,https://www.speedrun.com/users/TheArsonistLink
1682,hamzamoboi,No included runs,Egypt,49.92,38.61,11.31,0,2,2,1,0,0,0,0,8.5,436.5,https://www.speedrun.com/users/hamzamoboi
1683,Clevered,No included runs,United States,49.78,41.78,8,0,1,1,1,0,0,0,0,7.79,269,https://www.speedrun.com/users/Clevered
1684,Lettuce123yolo,No included runs,United States,49.78,41.78,8,0,1,1,1,0,0,0,0,7.79,269,https://www.speedrun.com/users/Lettuce123yolo
1685,Zahhovak,No included runs,Poland,49.75,35.89,13.86,0,3,3,1,0,0,0,0,9.73,524.67,https://www.speedrun.com/users/Zahhovak
1686,Kosteevo,No included runs,England,49.27,41.27,8,0,1,1,1,0,0,0,0,6.61,50,https://www.speedrun.com/users/Kosteevo
1687,The_Writer,No included runs,Brazil,49.27,41.27,8,0,1,1,1,0,0,0,0,6.61,50,https://www.speedrun.com/users/The_Writer
1688,nerdgaming68,,,49.27,37.96,11.31,0,2,2,1,0,0,0,0,8.12,441,
1689,B2,No included runs,France,49.26,41.26,8,0,1,1,1,0,0,0,0,8.69,1266,https://www.speedrun.com/users/B2
1690,Darnok_PL,No included runs,Poland,49.26,41.26,8,0,1,1,1,0,0,0,0,8.69,1266,https://www.speedrun.com/users/Darnok_PL
1691,Domocobra,No included runs,England,49.26,41.26,8,0,1,1,1,0,0,0,0,8.69,1266,https://www.speedrun.com/users/Domocobra
1692,EmberPinball,No included runs,United States,49.26,41.26,8,0,1,1,1,0,0,0,0,8.69,1266,https://www.speedrun.com/users/EmberPinball
1693,Fadz,No included runs,Lebanon,49.26,41.26,8,0,1,1,1,0,0,0,0,8.69,1266,https://www.speedrun.com/users/Fadz
1694,fennelwhyth,,,49.26,41.26,8,0,1,1,1,0,0,0,0,8.69,1266,https://www.speedrun.com/users/fennelwhyth
1695,Froopps,No included runs,Italy,49.26,41.26,8,0,1,1,1,0,0,0,0,8.69,1266,https://www.speedrun.com/users/Froopps
1696,Groudontamer,No included runs,United States,49.26,41.26,8,0,1,1,1,0,0,0,0,8.69,1266,https://www.speedrun.com/users/Groudontamer
1697,Jasu14,No included runs,Spain,49.26,41.26,8,0,1,1,1,0,0,0,0,8.69,1266,https://www.speedrun.com/users/Jasu14
1698,katie04,No included runs,United States,49.26,41.26,8,0,1,1,1,0,0,0,0,8.69,1266,https://www.speedrun.com/users/katie04
1699,Kuraga,No included runs,Russia,49.26,41.26,8,0,1,1,1,0,0,0,0,8.69,1266,https://www.speedrun.com/users/Kuraga
1700,Nokt,No included runs,United States,49.26,41.26,8,0,1,1,1,0,0,0,0,8.69,1266,https://www.speedrun.com/users/Nokt
1701,ofhyrule,No included runs,Australia,49.26,41.26,8,0,1,1,1,0,0,0,0,8.69,1266,https://www.speedrun.com/users/ofhyrule
1702,rBarbaloot,No included runs,United States,49.26,41.26,8,0,1,1,1,0,0,0,0,8.69,1266,https://www.speedrun.com/users/rBarbaloot
1703,thedragonfeeney,No included runs,Canada,49.26,41.26,8,0,1,1,1,0,0,0,0,8.69,1266,https://www.speedrun.com/users/thedragonfeeney
1704,Thesarian,No included runs,United States,49.26,41.26,8,0,1,1,1,0,0,0,0,8.69,1266,https://www.speedrun.com/users/Thesarian
1705,TriforceTK,No included runs,United States,49.26,41.26,8,0,1,1,1,0,0,0,0,8.69,1266,https://www.speedrun.com/users/TriforceTK
1706,ZyraxCZ,No included runs,Czech Republic,49.26,41.26,8,0,1,1,1,0,0,0,0,8.69,1266,https://www.speedrun.com/users/ZyraxCZ
1707,Galian_,No included runs,Germany,49.19,15.33,13.86,20,3,3,3,0,0,0,0,6.55,713.67,https://www.speedrun.com/users/Galian_
1708,julienJJS,No included runs,France,49.14,37.83,11.31,0,2,2,1,0,0,0,0,10.18,922.5,https://www.speedrun.com/users/julienJJS
1709,Cytruss,No included runs,Greece,49.04,27.73,11.31,10,2,2,2,0,0,0,0,7.42,436,https://www.speedrun.com/users/Cytruss
1710,LenS1,No included runs,Germany,48.88,37.57,11.31,0,2,2,1,0,0,0,0,7.75,445.5,https://www.speedrun.com/users/LenS1
1711,Evvy_wevy,No included runs,United States,48.84,37.53,11.31,0,2,2,1,0,0,0,0,9.04,186,https://www.speedrun.com/users/Evvy_wevy
1712,YoureWithStupid,No included runs,Québec,47.75,36.44,11.31,0,2,2,1,0,0,0,0,9.89,810,https://www.speedrun.com/users/YoureWithStupid
1713,thetantalus,No included runs,United States,47.63,13.77,13.86,20,3,3,3,0,0,0,0,5.55,575,https://www.speedrun.com/users/thetantalus
1714,jahaley64,No included runs,United States,47.51,26.2,11.31,10,2,2,2,0,0,0,0,6.66,112,https://www.speedrun.com/users/jahaley64
1715,IAmEpic1245,No included runs,India,47.3,25.99,11.31,10,2,2,2,0,0,0,0,6.8,189,https://www.speedrun.com/users/IAmEpic1245
1716,Chroma_,No included runs,South Korea,47.05,39.05,8,0,1,1,1,0,0,0,0,6.76,89,https://www.speedrun.com/users/Chroma_
1717,Aweglib,,,46.82,35.51,11.31,0,2,2,1,0,0,0,0,9.59,953,
1718,AlphaDeltaHD,No included runs,Canada,46.76,38.76,8,0,1,1,1,0,0,0,0,8.38,1290,https://www.speedrun.com/users/AlphaDeltaHD
1719,Berris,No included runs,Chile,46.76,38.76,8,0,1,1,1,0,0,0,0,8.38,1290,https://www.speedrun.com/users/Berris
1720,CaptainAwesome,No included runs,United States,46.76,38.76,8,0,1,1,1,0,0,0,0,8.38,1290,https://www.speedrun.com/users/CaptainAwesome
1721,cookies.dll,No included runs,United States,46.76,38.76,8,0,1,1,1,0,0,0,0,8.38,1290,https://www.speedrun.com/users/cookies.dll
1722,FlashStudios,No included runs,Romania,46.76,38.76,8,0,1,1,1,0,0,0,0,8.38,1290,https://www.speedrun.com/users/FlashStudios
1723,Iromazak,No included runs,United Kingdom,46.76,38.76,8,0,1,1,1,0,0,0,0,8.38,1290,https://www.speedrun.com/users/Iromazak
1724,jdaster64,No included runs,United States,46.76,38.76,8,0,1,1,1,0,0,0,0,8.38,1290,https://www.speedrun.com/users/jdaster64
1725,JDubAKAdrofloW,No included runs,United States,46.76,38.76,8,0,1,1,1,0,0,0,0,8.38,1290,https://www.speedrun.com/users/JDubAKAdrofloW
1726,MistahEye,No included runs,United States,46.76,38.76,8,0,1,1,1,0,0,0,0,8.38,1290,https://www.speedrun.com/users/MistahEye
1727,NotEvenLion,No included runs,United States,46.76,38.76,8,0,1,1,1,0,0,0,0,8.38,1290,https://www.speedrun.com/users/NotEvenLion
1728,Phio,No included runs,United States,46.76,38.76,8,0,1,1,1,0,0,0,0,8.38,1290,https://www.speedrun.com/users/Phio
1729,sultanofkubes,No included runs,United States,46.76,38.76,8,0,1,1,1,0,0,0,0,8.38,1290,https://www.speedrun.com/users/sultanofkubes
1730,tennisshoesfan,No included runs,United States,46.76,38.76,8,0,1,1,1,0,0,0,0,8.38,1290,https://www.speedrun.com/users/tennisshoesfan
1731,ThiagoFerreira44,No included runs,Brazil,46.76,38.76,8,0,1,1,1,0,0,0,0,8.38,1290,https://www.speedrun.com/users/ThiagoFerreira44
1732,Varm,No included runs,United States,46.76,38.76,8,0,1,1,1,0,0,0,0,8.38,1290,https://www.speedrun.com/users/Varm
1733,xultzfv,No included runs,United States,46.76,38.76,8,0,1,1,1,0,0,0,0,8.38,1290,https://www.speedrun.com/users/xultzfv
1734,PeekingBoo,No included runs,Australia,46.65,25.34,11.31,10,2,2,2,0,0,0,0,6.53,727,https://www.speedrun.com/users/PeekingBoo
1735,SharpGoalAxe,No included runs,China,46.31,38.31,8,0,1,1,1,0,0,0,0,6.85,116,https://www.speedrun.com/users/SharpGoalAxe
1736,jjg27,No included runs,United Kingdom,46,34.69,11.31,0,2,2,1,0,0,0,0,9.78,877.5,https://www.speedrun.com/users/jjg27
1737,cclouser1234,No included runs,United States,45.61,37.61,8,0,1,1,1,0,0,0,0,5.91,31,https://www.speedrun.com/users/cclouser1234
1738,_eggz_,No included runs,South Africa,45.51,37.51,8,0,1,1,1,0,0,0,0,7.58,439,https://www.speedrun.com/users/_eggz_
1739,Bluely,No included runs,United States,45.51,37.51,8,0,1,1,1,0,0,0,0,7.58,439,https://www.speedrun.com/users/Bluely
1740,BoboDuck1234,No included runs,France,45.51,37.51,8,0,1,1,1,0,0,0,0,7.58,439,https://www.speedrun.com/users/BoboDuck1234
1741,BoTheBanana,No included runs,United States,45.51,37.51,8,0,1,1,1,0,0,0,0,7.58,439,https://www.speedrun.com/users/BoTheBanana
1742,Breakthrough,No included runs,New Zealand,45.51,37.51,8,0,1,1,1,0,0,0,0,7.58,439,https://www.speedrun.com/users/Breakthrough
1743,Bullet543789,No included runs,France,45.51,37.51,8,0,1,1,1,0,0,0,0,7.58,439,https://www.speedrun.com/users/Bullet543789
1744,Caidren,No included runs,United States,45.51,37.51,8,0,1,1,1,0,0,0,0,7.58,439,https://www.speedrun.com/users/Caidren
1745,cephla,No included runs,England,45.51,37.51,8,0,1,1,1,0,0,0,0,7.58,439,https://www.speedrun.com/users/cephla
1746,ConniesMarbles,No included runs,Romania,45.51,37.51,8,0,1,1,1,0,0,0,0,7.58,439,https://www.speedrun.com/users/ConniesMarbles
1747,DaGreatCake,No included runs,Netherlands,45.51,37.51,8,0,1,1,1,0,0,0,0,7.58,439,https://www.speedrun.com/users/DaGreatCake
1748,DiamondPro104,No included runs,United States,45.51,37.51,8,0,1,1,1,0,0,0,0,7.58,439,https://www.speedrun.com/users/DiamondPro104
1749,epicman99,No included runs,Philippines,45.51,37.51,8,0,1,1,1,0,0,0,0,7.58,439,https://www.speedrun.com/users/epicman99
1750,ericsea,No included runs,United States,45.51,37.51,8,0,1,1,1,0,0,0,0,7.58,439,https://www.speedrun.com/users/ericsea
1751,EvDaBest,No included runs,United States,45.51,37.51,8,0,1,1,1,0,0,0,0,7.58,439,https://www.speedrun.com/users/EvDaBest
1752,FallenIcarus03,No included runs,England,45.51,37.51,8,0,1,1,1,0,0,0,0,7.58,439,https://www.speedrun.com/users/FallenIcarus03
1753,Flubster,,,45.51,37.51,8,0,1,1,1,0,0,0,0,7.58,439,https://www.speedrun.com/users/Flubster
1754,hazel_szl,No included runs,Australia,45.51,37.51,8,0,1,1,1,0,0,0,0,7.58,439,https://www.speedrun.com/users/hazel_szl
1755,hiryu,No included runs,Japan,45.51,37.51,8,0,1,1,1,0,0,0,0,7.58,439,https://www.speedrun.com/users/hiryu
1756,Johnelway76,No included runs,United States,45.51,37.51,8,0,1,1,1,0,0,0,0,7.58,439,https://www.speedrun.com/users/Johnelway76
1757,Leinur6632,No included runs,United States,45.51,37.51,8,0,1,1,1,0,0,0,0,7.58,439,https://www.speedrun.com/users/Leinur6632
1758,lostontheinternet,No included runs,Italy,45.51,37.51,8,0,1,1,1,0,0,0,0,7.58,439,https://www.speedrun.com/users/lostontheinternet
1759,MillKeny,No included runs,Armenia,45.51,37.51,8,0,1,1,1,0,0,0,0,7.58,439,https://www.speedrun.com/users/MillKeny
1760,Mr_zoodles2299,No included runs,Canada,45.51,37.51,8,0,1,1,1,0,0,0,0,7.58,439,https://www.speedrun.com/users/Mr_zoodles2299
1761,nintendogrspeedruns,No included runs,United States,45.51,37.51,8,0,1,1,1,0,0,0,0,7.58,439,https://www.speedrun.com/users/nintendogrspeedruns
1762,Nk1234,No included runs,Brazil,45.51,37.51,8,0,1,1,1,0,0,0,0,7.58,439,https://www.speedrun.com/users/Nk1234
1763,Numaticjoe,No included runs,United Kingdom,45.51,37.51,8,0,1,1,1,0,0,0,0,7.58,439,https://www.speedrun.com/users/Numaticjoe
1764,nyjay08,,,45.51,37.51,8,0,1,1,1,0,0,0,0,7.58,439,https://www.speedrun.com/users/nyjay08
1765,odysseis,,,45.51,37.51,8,0,1,1,1,0,0,0,0,7.58,439,https://www.speedrun.com/users/odysseis
1766,oldsoultech,No included runs,United States,45.51,37.51,8,0,1,1,1,0,0,0,0,7.58,439,https://www.speedrun.com/users/oldsoultech
1767,Oreo_Aiden,No included runs,United States,45.51,37.51,8,0,1,1,1,0,0,0,0,7.58,439,https://www.speedrun.com/users/Oreo_Aiden
1768,Oyin,No included runs,United States,45.51,37.51,8,0,1,1,1,0,0,0,0,7.58,439,https://www.speedrun.com/users/Oyin
1769,PoisonLead21,,,45.51,37.51,8,0,1,1,1,0,0,0,0,7.58,439,https://www.speedrun.com/users/PoisonLead21
1770,reenxx,No included runs,Poland,45.51,37.51,8,0,1,1,1,0,0,0,0,7.58,439,https://www.speedrun.com/users/reenxx
1771,Richardd,No included runs,Venezuela,45.51,37.51,8,0,1,1,1,0,0,0,0,7.58,439,https://www.speedrun.com/users/Richardd
1772,s0u1_0713,No included runs,Japan,45.51,37.51,8,0,1,1,1,0,0,0,0,7.58,439,https://www.speedrun.com/users/s0u1_0713
1773,scaryeel,No included runs,Canada,45.51,37.51,8,0,1,1,1,0,0,0,0,7.58,439,https://www.speedrun.com/users/scaryeel
1774,SeedBoy,,,45.51,37.51,8,0,1,1,1,0,0,0,0,7.58,439,https://www.speedrun.com/users/SeedBoy
1775,Shadow6_9,No included runs,France,45.51,37.51,8,0,1,1,1,0,0,0,0,7.58,439,https://www.speedrun.com/users/Shadow6_9
1776,Soulslayer434,No included runs,Canada,45.51,37.51,8,0,1,1,1,0,0,0,0,7.58,439,https://www.speedrun.com/users/Soulslayer434
1777,Speedruner_Mita,No included runs,Serbia,45.51,37.51,8,0,1,1,1,0,0,0,0,7.58,439,https://www.speedrun.com/users/Speedruner_Mita
1778,surfingpikachu,No included runs,United States,45.51,37.51,8,0,1,1,1,0,0,0,0,7.58,439,https://www.speedrun.com/users/surfingpikachu
1779,Tesar,No included runs,France,45.51,37.51,8,0,1,1,1,0,0,0,0,7.58,439,https://www.speedrun.com/users/Tesar
1780,Tilki,No included runs,Turkey,45.51,37.51,8,0,1,1,1,0,0,0,0,7.58,439,https://www.speedrun.com/users/Tilki
1781,weasel6114,No included runs,United States,45.51,37.51,8,0,1,1,1,0,0,0,0,7.58,439,https://www.speedrun.com/users/weasel6114
1782,doune2sable,No included runs,France,45.46,37.46,8,0,1,1,1,0,0,0,0,7.13,212,https://www.speedrun.com/users/doune2sable
1783,ItzHugoZ,No included runs,Spain,45.46,37.46,8,0,1,1,1,0,0,0,0,7.13,212,https://www.speedrun.com/users/ItzHugoZ
1784,pokemonfan1937,No included runs,Taiwan,45.46,37.46,8,0,1,1,1,0,0,0,0,7.13,212,https://www.speedrun.com/users/pokemonfan1937
1785,TwoGood,No included runs,United States,45.39,34.08,11.31,0,2,2,1,0,0,0,0,9.45,875,https://www.speedrun.com/users/TwoGood
1786,ArcadeRiot91,No included runs,United States,45.29,37.29,8,0,1,1,1,0,0,0,0,7.19,242,https://www.speedrun.com/users/ArcadeRiot91
1787,sabazios131,No included runs,Poland,45.23,37.23,8,0,1,1,1,0,0,0,0,6.22,53,https://www.speedrun.com/users/sabazios131
1788,AMCbray,No included runs,Antarctica,44.6,36.6,8,0,1,1,1,0,0,0,0,7.2,283,https://www.speedrun.com/users/AMCbray
1789,angusgoi,No included runs,Australia,44.53,36.53,8,0,1,1,1,0,0,0,0,8.09,1312,https://www.speedrun.com/users/angusgoi
1790,Anjew1,No included runs,United States,44.53,36.53,8,0,1,1,1,0,0,0,0,8.09,1312,https://www.speedrun.com/users/Anjew1
1791,aximgs,No included runs,United States,44.53,36.53,8,0,1,1,1,0,0,0,0,8.09,1312,https://www.speedrun.com/users/aximgs
1792,brady_onpc,No included runs,United States,44.53,36.53,8,0,1,1,1,0,0,0,0,8.09,1312,https://www.speedrun.com/users/brady_onpc
1793,btrim,No included runs,United States,44.53,36.53,8,0,1,1,1,0,0,0,0,8.09,1312,https://www.speedrun.com/users/btrim
1794,C_Clop,No included runs,Québec,44.53,36.53,8,0,1,1,1,0,0,0,0,8.09,1312,https://www.speedrun.com/users/C_Clop
1795,DGR,No included runs,United States,44.53,36.53,8,0,1,1,1,0,0,0,0,8.09,1312,https://www.speedrun.com/users/DGR
1796,Elien,No included runs,United States,44.53,36.53,8,0,1,1,1,0,0,0,0,8.09,1312,https://www.speedrun.com/users/Elien
1797,ericisacoolgamer,No included runs,United States,44.53,36.53,8,0,1,1,1,0,0,0,0,8.09,1312,https://www.speedrun.com/users/ericisacoolgamer
1798,GWallPro,No included runs,United States,44.53,36.53,8,0,1,1,1,0,0,0,0,8.09,1312,https://www.speedrun.com/users/GWallPro
1799,Mitsurugii,No included runs,Netherlands,44.53,36.53,8,0,1,1,1,0,0,0,0,8.09,1312,https://www.speedrun.com/users/Mitsurugii
1800,poltoid,No included runs,Québec,44.53,36.53,8,0,1,1,1,0,0,0,0,8.09,1312,https://www.speedrun.com/users/poltoid
1801,RochesterX,No included runs,United States,44.53,36.53,8,0,1,1,1,0,0,0,0,8.09,1312,https://www.speedrun.com/users/RochesterX
1802,Scynor,No included runs,United States,44.53,36.53,8,0,1,1,1,0,0,0,0,8.09,1312,https://www.speedrun.com/users/Scynor
1803,psvmjohn,No included runs,Antarctica,44.53,23.22,11.31,10,2,2,2,0,0,0,0,7.08,885,https://www.speedrun.com/users/psvmjohn
1804,SkywardSamm,No included runs,United States,44.36,33.05,11.31,0,2,2,1,0,0,0,0,9.48,930,https://www.speedrun.com/users/SkywardSamm
1805,CyAnIdE72375,No included runs,Québec,44.07,36.07,8,0,1,1,1,0,0,0,0,7.05,245,https://www.speedrun.com/users/CyAnIdE72375
1806,ActualLee,No included runs,United States,43.84,22.53,11.31,10,2,2,2,0,0,0,0,7.05,790.5,https://www.speedrun.com/users/ActualLee
1807,ThatOneRottenSpud,No included runs,Ireland,43.75,22.44,11.31,10,2,2,2,0,0,0,0,5.98,184.5,https://www.speedrun.com/users/ThatOneRottenSpud
1808,84th,No included runs,England,43.59,32.28,11.31,0,2,2,1,0,0,0,0,7.73,269,https://www.speedrun.com/users/84th
1809,RetroDarioGaming,No included runs,Germany,43.42,22.11,11.31,10,2,2,2,0,0,0,0,6.1,362.5,https://www.speedrun.com/users/RetroDarioGaming
1810,Logaaaaan64,No included runs,Australia,43.22,31.91,11.31,0,2,2,1,0,0,0,0,6.52,38,https://www.speedrun.com/users/Logaaaaan64
1811,TheUnalteredUser,No included runs,United States,43.18,35.18,8,0,1,1,1,0,0,0,0,7.04,287,https://www.speedrun.com/users/TheUnalteredUser
1812,cablesmith,No included runs,Australia,42.94,34.94,8,0,1,1,1,0,0,0,0,7.88,1328,https://www.speedrun.com/users/cablesmith
1813,Cheesebiscuit64,No included runs,United States,42.94,34.94,8,0,1,1,1,0,0,0,0,7.88,1328,https://www.speedrun.com/users/Cheesebiscuit64
1814,Danter,No included runs,Colombia,42.94,34.94,8,0,1,1,1,0,0,0,0,7.88,1328,https://www.speedrun.com/users/Danter
1815,Demian_Neville,No included runs,Valhalla,42.94,34.94,8,0,1,1,1,0,0,0,0,7.88,1328,https://www.speedrun.com/users/Demian_Neville
1816,m0a,No included runs,Germany,42.94,34.94,8,0,1,1,1,0,0,0,0,7.88,1328,https://www.speedrun.com/users/m0a
1817,Mr.Reese,No included runs,Germany,42.94,34.94,8,0,1,1,1,0,0,0,0,7.88,1328,https://www.speedrun.com/users/Mr.Reese
1818,NaN0_m8,No included runs,United States,42.94,34.94,8,0,1,1,1,0,0,0,0,7.88,1328,https://www.speedrun.com/users/NaN0_m8
1819,omqwat,No included runs,United States,42.94,34.94,8,0,1,1,1,0,0,0,0,7.88,1328,https://www.speedrun.com/users/omqwat
1820,superspytex,No included runs,United States,42.94,34.94,8,0,1,1,1,0,0,0,0,7.88,1328,https://www.speedrun.com/users/superspytex
1821,valent1629,No included runs,Argentina,42.86,21.55,11.31,10,2,2,2,0,0,0,0,7.05,965.5,https://www.speedrun.com/users/valent1629
1822,Leo1065,No included runs,United States,42.63,34.63,8,0,1,1,1,0,0,0,0,5.96,55,https://www.speedrun.com/users/Leo1065
1823,ReTro2VR,No included runs,Wales,42.63,34.63,8,0,1,1,1,0,0,0,0,5.96,55,https://www.speedrun.com/users/ReTro2VR
1824,ChrisChicoine,,,42.47,34.47,8,0,1,1,1,0,0,0,0,6.86,249,https://www.speedrun.com/users/ChrisChicoine
1825,NameBrandKetchup,No included runs,United States,42.45,21.14,11.31,10,2,2,2,0,0,0,0,5.09,188.5,https://www.speedrun.com/users/NameBrandKetchup
1826,maximumrocknroll,No included runs,United States,41.91,33.91,8,0,1,1,1,0,0,1,1,4.18,6,https://www.speedrun.com/users/maximumrocknroll
1827,JayPlays04,No included runs,United States,41.68,33.68,8,0,1,1,1,0,0,0,0,6.77,251,https://www.speedrun.com/users/JayPlays04
1828,TAK_86,No included runs,Japan,41.63,33.63,8,0,1,1,1,0,0,0,0,6.24,103,https://www.speedrun.com/users/TAK_86
1829,concision,No included runs,United States,41.58,33.58,8,0,1,1,1,0,0,0,0,7.7,1342,https://www.speedrun.com/users/concision
1830,Curshburger,No included runs,United States,41.58,33.58,8,0,1,1,1,0,0,0,0,7.7,1342,https://www.speedrun.com/users/Curshburger
1831,GoldenOgreGames,No included runs,United States,41.58,33.58,8,0,1,1,1,0,0,0,0,7.7,1342,https://www.speedrun.com/users/GoldenOgreGames
1832,gweedo767,No included runs,United States,41.58,33.58,8,0,1,1,1,0,0,0,0,7.7,1342,https://www.speedrun.com/users/gweedo767
1833,Im_Gio,No included runs,United States,41.58,33.58,8,0,1,1,1,0,0,0,0,7.7,1342,https://www.speedrun.com/users/Im_Gio
1834,Japezu,No included runs,Finland,41.58,33.58,8,0,1,1,1,0,0,0,0,7.7,1342,https://www.speedrun.com/users/Japezu
1835,NMSpeedruns,No included runs,United States,41.58,33.58,8,0,1,1,1,0,0,0,0,7.7,1342,https://www.speedrun.com/users/NMSpeedruns
1836,vayarda,No included runs,France,41.58,33.58,8,0,1,1,1,0,0,0,0,7.7,1342,https://www.speedrun.com/users/vayarda
1837,anekfu,No included runs,Sweden,41.37,30.06,11.31,0,2,2,1,0,0,0,0,8.22,844.5,https://www.speedrun.com/users/anekfu
1838,AlmondFruit,No included runs,Canada,40.42,32.42,8,0,1,1,1,0,0,0,0,7.54,1354,https://www.speedrun.com/users/AlmondFruit
1839,Artificex,No included runs,United States,40.42,32.42,8,0,1,1,1,0,0,0,0,7.54,1354,https://www.speedrun.com/users/Artificex
1840,buckeye729,No included runs,United States,40.42,32.42,8,0,1,1,1,0,0,0,0,7.54,1354,https://www.speedrun.com/users/buckeye729
1841,EconSean,No included runs,United States,40.42,32.42,8,0,1,1,1,0,0,0,0,7.54,1354,https://www.speedrun.com/users/EconSean
1842,JamIsNotJelly,No included runs,United States,40.42,32.42,8,0,1,1,1,0,0,0,0,7.54,1354,https://www.speedrun.com/users/JamIsNotJelly
1843,Kepsert,No included runs,Netherlands,40.42,32.42,8,0,1,1,1,0,0,0,0,7.54,1354,https://www.speedrun.com/users/Kepsert
1844,LoneLexiTheSlowGamer,No included runs,United Kingdom,40.42,32.42,8,0,1,1,1,0,0,0,0,7.54,1354,https://www.speedrun.com/users/LoneLexiTheSlowGamer
1845,RaiderEU,No included runs,France,40.42,32.42,8,0,1,1,1,0,0,0,0,7.54,1354,https://www.speedrun.com/users/RaiderEU
1846,Reidood,No included runs,United States,40.42,32.42,8,0,1,1,1,0,0,0,0,7.54,1354,https://www.speedrun.com/users/Reidood
1847,risas_run,No included runs,Peru,40.42,32.42,8,0,1,1,1,0,0,0,0,7.54,1354,https://www.speedrun.com/users/risas_run
1848,tetrium,No included runs,Québec,40.42,32.42,8,0,1,1,1,0,0,0,0,7.54,1354,https://www.speedrun.com/users/tetrium
1849,VoidHaze,No included runs,Australia,40.42,32.42,8,0,1,1,1,0,0,0,0,7.54,1354,https://www.speedrun.com/users/VoidHaze
1850,ZolwMichal,No included runs,Poland,40.42,32.42,8,0,1,1,1,0,0,0,0,7.54,1354,https://www.speedrun.com/users/ZolwMichal
1851,IsusKrist,No included runs,Croatia,40.11,32.11,8,0,1,1,1,0,0,0,0,5.7,57,https://www.speedrun.com/users/IsusKrist
1852,Javi,No included runs,Spain,40.11,32.11,8,0,1,1,1,0,0,0,0,5.7,57,https://www.speedrun.com/users/Javi
1853,owatax,No included runs,Japan,39.74,31.74,8,0,1,1,1,0,0,0,0,6.47,225,https://www.speedrun.com/users/owatax
1854,Starman,No included runs,Poland,39.74,31.74,8,0,1,1,1,0,0,0,0,6.47,225,https://www.speedrun.com/users/Starman
1855,Hypo,No included runs,Australia,39.28,31.28,8,0,1,1,1,0,0,0,0,5.98,106,https://www.speedrun.com/users/Hypo
1856,blupee,No included runs,United States,39.18,25.32,13.86,0,3,3,1,0,0,0,0,8.67,671,https://www.speedrun.com/users/blupee
1857,RForeman94,No included runs,United States,39.14,31.14,8,0,1,1,1,0,0,0,0,6.12,139,https://www.speedrun.com/users/RForeman94
1858,toothpickwilly,No included runs,United States,39.14,31.14,8,0,1,1,1,0,0,0,0,6.12,139,https://www.speedrun.com/users/toothpickwilly
1859,Carlos64,No included runs,Spain,39.01,31.01,8,0,1,1,1,0,0,0,0,7.35,1369,https://www.speedrun.com/users/Carlos64
1860,ChairGTables,No included runs,Guam,39.01,31.01,8,0,1,1,1,0,0,0,0,7.35,1369,https://www.speedrun.com/users/ChairGTables
1861,FitterSpace,No included runs,United States,39.01,31.01,8,0,1,1,1,0,0,0,0,7.35,1369,https://www.speedrun.com/users/FitterSpace
1862,JJ,No included runs,United States,39.01,31.01,8,0,1,1,1,0,0,0,0,7.35,1369,https://www.speedrun.com/users/JJ
1863,JugadorX,No included runs,Spain,39.01,31.01,8,0,1,1,1,0,0,0,0,7.35,1369,https://www.speedrun.com/users/JugadorX
1864,LateLearner,No included runs,England,39.01,31.01,8,0,1,1,1,0,0,0,0,7.35,1369,https://www.speedrun.com/users/LateLearner
1865,louiskanak,No included runs,France,39.01,31.01,8,0,1,1,1,0,0,0,0,7.35,1369,https://www.speedrun.com/users/louiskanak
1866,MTsergi,No included runs,Catalonia,39.01,31.01,8,0,1,1,1,0,0,0,0,7.35,1369,https://www.speedrun.com/users/MTsergi
1867,Neural89,No included runs,Ukraine,39.01,31.01,8,0,1,1,1,0,0,0,0,7.35,1369,https://www.speedrun.com/users/Neural89
1868,OreosWithMilk,No included runs,United States,39.01,31.01,8,0,1,1,1,0,0,0,0,7.35,1369,https://www.speedrun.com/users/OreosWithMilk
1869,potf3613,No included runs,Québec,39.01,31.01,8,0,1,1,1,0,0,0,0,7.35,1369,https://www.speedrun.com/users/potf3613
1870,Radberg,No included runs,Sweden,39.01,31.01,8,0,1,1,1,0,0,0,0,7.35,1369,https://www.speedrun.com/users/Radberg
1871,Sunshinepenguin18346,No included runs,United States,39.01,31.01,8,0,1,1,1,0,0,0,0,7.35,1369,https://www.speedrun.com/users/Sunshinepenguin18346
1872,to1ex,No included runs,Russia,39.01,31.01,8,0,1,1,1,0,0,0,0,7.35,1369,https://www.speedrun.com/users/to1ex
1873,wax_house,No included runs,United States,39.01,31.01,8,0,1,1,1,0,0,0,0,7.35,1369,https://www.speedrun.com/users/wax_house
1874,JeraTheSpeedruner,,,38.62,30.62,8,0,1,1,1,0,0,0,0,4.6,12,https://www.speedrun.com/users/JeraTheSpeedruner
1875,1008,,,38.03,30.03,8,0,1,1,1,0,0,0,0,6.41,302,https://www.speedrun.com/users/1008
1876,ParkourTV,No included runs,South Korea,38.03,30.03,8,0,1,1,1,0,0,0,0,6.41,302,https://www.speedrun.com/users/ParkourTV
1877,maydaykc,No included runs,United States,37.67,29.67,8,0,1,1,1,0,0,0,0,5.45,59,https://www.speedrun.com/users/maydaykc
1878,BStar,No included runs,United States,37.52,29.52,8,0,1,1,1,0,0,0,0,7.14,1385,https://www.speedrun.com/users/BStar
1879,d4rk0men,No included runs,Canada,37.52,29.52,8,0,1,1,1,0,0,0,0,7.14,1385,https://www.speedrun.com/users/d4rk0men
1880,jonaloumou,No included runs,France,37.52,29.52,8,0,1,1,1,0,0,0,0,7.14,1385,https://www.speedrun.com/users/jonaloumou
1881,lainis,No included runs,Canada,37.52,29.52,8,0,1,1,1,0,0,0,0,7.14,1385,https://www.speedrun.com/users/lainis
1882,maridjeuve,No included runs,Québec,37.52,29.52,8,0,1,1,1,0,0,0,0,7.14,1385,https://www.speedrun.com/users/maridjeuve
1883,Marques64,No included runs,Spain,37.52,29.52,8,0,1,1,1,0,0,0,0,7.14,1385,https://www.speedrun.com/users/Marques64
1884,mekhaza01,No included runs,Algeria,37.52,29.52,8,0,1,1,1,0,0,0,0,7.14,1385,https://www.speedrun.com/users/mekhaza01
1885,NE080,No included runs,United Kingdom,37.52,29.52,8,0,1,1,1,0,0,0,0,7.14,1385,https://www.speedrun.com/users/NE080
1886,Papa_Pem,No included runs,England,37.52,29.52,8,0,1,1,1,0,0,0,0,7.14,1385,https://www.speedrun.com/users/Papa_Pem
1887,PauleyD,No included runs,United States,37.52,29.52,8,0,1,1,1,0,0,0,0,7.14,1385,https://www.speedrun.com/users/PauleyD
1888,Plyd823,No included runs,United States,37.52,29.52,8,0,1,1,1,0,0,0,0,7.14,1385,https://www.speedrun.com/users/Plyd823
1889,stormcrow56k,No included runs,United States,37.52,29.52,8,0,1,1,1,0,0,0,0,7.14,1385,https://www.speedrun.com/users/stormcrow56k
1890,TwirlinCurtis,No included runs,United States,37.52,29.52,8,0,1,1,1,0,0,0,0,7.14,1385,https://www.speedrun.com/users/TwirlinCurtis
1891,m9m9m9,No included runs,Chile,37.24,29.24,8,0,1,1,1,0,0,0,0,6.16,231,https://www.speedrun.com/users/m9m9m9
1892,smbplayer69,,,37.24,29.24,8,0,1,1,1,0,0,0,0,6.16,231,https://www.speedrun.com/users/smbplayer69
1893,jlt363093,No included runs,China,37.11,29.11,8,0,1,1,1,0,0,0,0,6.22,263,https://www.speedrun.com/users/jlt363093
1894,FrawgyBob,No included runs,Hungary,37.11,25.8,11.31,0,2,2,1,0,0,0,0,7.8,798,https://www.speedrun.com/users/FrawgyBob
1895,funktron3030,No included runs,United States,37,29,8,0,1,1,1,0,0,0,0,5.72,109,https://www.speedrun.com/users/funktron3030
1896,RainWorldEnthusiast,,,37,29,8,0,1,1,1,0,0,0,0,5.72,109,https://www.speedrun.com/users/RainWorldEnthusiast
1897,evantilateurfr,No included runs,France,36.7,22.84,13.86,0,3,3,1,0,0,0,0,6.6,326.67,https://www.speedrun.com/users/evantilateurfr
1898,trick_man01,No included runs,United States,36.61,28.61,8,0,1,1,1,0,0,0,0,5,34,https://www.speedrun.com/users/trick_man01
1899,Logical,No included runs,Scotland,36.4,28.4,8,0,1,1,1,0,0,0,0,6.2,307,https://www.speedrun.com/users/Logical
1900,Bokonon_Lives,No included runs,United States,36.34,28.34,8,0,1,1,1,0,0,0,0,6.97,1398,https://www.speedrun.com/users/Bokonon_Lives
1901,color_theory,No included runs,United States,36.34,28.34,8,0,1,1,1,0,0,0,0,6.97,1398,https://www.speedrun.com/users/color_theory
1902,Fintendo,No included runs,Australia,36.34,28.34,8,0,1,1,1,0,0,0,0,6.97,1398,https://www.speedrun.com/users/Fintendo
1903,jester_elc,No included runs,Québec,36.34,28.34,8,0,1,1,1,0,0,0,0,6.97,1398,https://www.speedrun.com/users/jester_elc
1904,Jrad,,,36.34,28.34,8,0,1,1,1,0,0,0,0,6.97,1398,https://www.speedrun.com/users/Jrad
1905,JuiceACD,No included runs,United States,36.34,28.34,8,0,1,1,1,0,0,0,0,6.97,1398,https://www.speedrun.com/users/JuiceACD
1906,Mario564,No included runs,El Salvador,36.34,28.34,8,0,1,1,1,0,0,0,0,6.97,1398,https://www.speedrun.com/users/Mario564
1907,matchless,No included runs,France,36.34,28.34,8,0,1,1,1,0,0,0,0,6.97,1398,https://www.speedrun.com/users/matchless
1908,nicto,No included runs,United States,36.34,28.34,8,0,1,1,1,0,0,0,0,6.97,1398,https://www.speedrun.com/users/nicto
1909,Nighruns,No included runs,Chile,36.34,28.34,8,0,1,1,1,0,0,0,0,6.97,1398,https://www.speedrun.com/users/Nighruns
1910,WaffleCrumbs,No included runs,United States,36.34,28.34,8,0,1,1,1,0,0,0,0,6.97,1398,https://www.speedrun.com/users/WaffleCrumbs
1911,Adient,No included runs,Taiwan,36.2,14.89,11.31,10,2,2,2,0,0,0,0,6,1037.5,https://www.speedrun.com/users/Adient
1912,Jair40,No included runs,Brazil,36.09,28.09,8,0,1,1,1,0,0,0,0,5.76,144,https://www.speedrun.com/users/Jair40
1913,Zockerstu,No included runs,Germany,36.09,28.09,8,0,1,1,1,0,0,0,0,5.76,144,https://www.speedrun.com/users/Zockerstu
1914,Rohbert,No included runs,United States,35.79,27.79,8,0,1,1,1,0,0,0,0,5.4,80,https://www.speedrun.com/users/Rohbert
1915,sonotavolo,No included runs,Italy,35.78,24.47,11.31,0,2,2,1,0,0,0,0,7.12,463,https://www.speedrun.com/users/sonotavolo
1916,amourietta,No included runs,United States,35.66,11.8,13.86,10,3,3,2,0,0,0,0,5.5,732,https://www.speedrun.com/users/amourietta
1917,budzyRNG,No included runs,United States,35.65,27.65,8,0,1,1,1,0,0,0,0,6.03,267,https://www.speedrun.com/users/budzyRNG
1918,altobase,No included runs,United States,35.31,27.31,8,0,1,1,1,0,0,0,0,5.19,61,https://www.speedrun.com/users/altobase
1919,ThePoolish,No included runs,Chile,35.31,27.31,8,0,1,1,1,0,0,0,0,5.19,61,https://www.speedrun.com/users/ThePoolish
1920,delaythefate,No included runs,Canada,35.27,27.27,8,0,1,1,1,0,0,0,0,6.81,1410,https://www.speedrun.com/users/delaythefate
1921,DlNNER,No included runs,United States,35.27,27.27,8,0,1,1,1,0,0,0,0,6.81,1410,https://www.speedrun.com/users/DlNNER
1922,famstreams,No included runs,United States,35.27,27.27,8,0,1,1,1,0,0,0,0,6.81,1410,https://www.speedrun.com/users/famstreams
1923,hollygorock,No included runs,United States,35.27,27.27,8,0,1,1,1,0,0,0,0,6.81,1410,https://www.speedrun.com/users/hollygorock
1924,Icegull,No included runs,United States,35.27,27.27,8,0,1,1,1,0,0,0,0,6.81,1410,https://www.speedrun.com/users/Icegull
1925,Jellyman102,No included runs,United States,35.27,27.27,8,0,1,1,1,0,0,0,0,6.81,1410,https://www.speedrun.com/users/Jellyman102
1926,Jiggs,No included runs,United States,35.27,27.27,8,0,1,1,1,0,0,0,0,6.81,1410,https://www.speedrun.com/users/Jiggs
1927,Manfredi,No included runs,Italy,35.27,27.27,8,0,1,1,1,0,0,0,0,6.81,1410,https://www.speedrun.com/users/Manfredi
1928,OldManSteele,No included runs,United States,35.27,27.27,8,0,1,1,1,0,0,0,0,6.81,1410,https://www.speedrun.com/users/OldManSteele
1929,ScottyD,No included runs,United States,35.27,27.27,8,0,1,1,1,0,0,0,0,6.81,1410,https://www.speedrun.com/users/ScottyD
1930,Stranger,No included runs,Czech Republic,35.27,27.27,8,0,1,1,1,0,0,0,0,6.81,1410,https://www.speedrun.com/users/Stranger
1931,Mooismyusername,No included runs,United States,34.9,13.59,11.31,10,2,2,2,0,0,0,0,4.31,181.5,https://www.speedrun.com/users/Mooismyusername
1932,BPowda,No included runs,United States,34.57,26.57,8,0,1,1,1,0,0,0,0,5.39,104,https://www.speedrun.com/users/BPowda
1933,GD_Shadow,,,34.48,26.48,8,0,1,1,1,0,0,0,0,5.95,313,https://www.speedrun.com/users/GD_Shadow
1934,jdlockefeller2002,No included runs,United States,34.04,26.04,8,0,1,1,1,0,0,0,0,6.63,1424,https://www.speedrun.com/users/jdlockefeller2002
1935,petrogradphilosopher,No included runs,United States,34.04,26.04,8,0,1,1,1,0,0,0,0,6.63,1424,https://www.speedrun.com/users/petrogradphilosopher
1936,pjb_420,No included runs,United States,34.04,26.04,8,0,1,1,1,0,0,0,0,6.63,1424,https://www.speedrun.com/users/pjb_420
1937,sam_thunder_91,No included runs,Italy,34.04,26.04,8,0,1,1,1,0,0,0,0,6.63,1424,https://www.speedrun.com/users/sam_thunder_91
1938,The8bitbert,No included runs,United States,34.04,26.04,8,0,1,1,1,0,0,0,0,6.63,1424,https://www.speedrun.com/users/The8bitbert
1939,Tiamat37,No included runs,United States,34.04,26.04,8,0,1,1,1,0,0,0,0,6.63,1424,https://www.speedrun.com/users/Tiamat37
1940,xJRigsx,No included runs,United States,34.04,26.04,8,0,1,1,1,0,0,0,0,6.63,1424,https://www.speedrun.com/users/xJRigsx
1941,xxBurger11111111YTxx,No included runs,Canada,34.04,26.04,8,0,1,1,1,0,0,0,0,6.63,1424,https://www.speedrun.com/users/xxBurger11111111YTxx
1942,ASavedFramerule,No included runs,United States,33.66,22.35,11.31,0,2,2,1,0,0,0,0,7.05,825.5,https://www.speedrun.com/users/ASavedFramerule
1943,huxxny,No included runs,Québec,33.56,22.25,11.31,0,2,2,1,0,0,0,0,7.49,946.5,https://www.speedrun.com/users/huxxny
1944,Thomiaouss,No included runs,France,33.52,25.52,8,0,1,1,1,0,0,0,0,5.75,273,https://www.speedrun.com/users/Thomiaouss
1945,Balucalli,No included runs,Belgium,33.34,25.34,8,0,1,1,1,0,0,0,0,6.53,1432,https://www.speedrun.com/users/Balucalli
1946,DanielLoveGame,No included runs,Norway,33.34,25.34,8,0,1,1,1,0,0,0,0,6.53,1432,https://www.speedrun.com/users/DanielLoveGame
1947,EarlGrayDuck,No included runs,United States,33.34,25.34,8,0,1,1,1,0,0,0,0,6.53,1432,https://www.speedrun.com/users/EarlGrayDuck
1948,Genca,No included runs,Japan,33.34,25.34,8,0,1,1,1,0,0,0,0,6.53,1432,https://www.speedrun.com/users/Genca
1949,Petee,No included runs,United States,33.34,25.34,8,0,1,1,1,0,0,0,0,6.53,1432,https://www.speedrun.com/users/Petee
1950,SebbyG13,No included runs,Canada,33.34,25.34,8,0,1,1,1,0,0,0,0,6.53,1432,https://www.speedrun.com/users/SebbyG13
1951,snelheidsloper,No included runs,Netherlands,33.34,25.34,8,0,1,1,1,0,0,0,0,6.53,1432,https://www.speedrun.com/users/snelheidsloper
1952,Tashiro64,No included runs,Canada,33.34,25.34,8,0,1,1,1,0,0,0,0,6.53,1432,https://www.speedrun.com/users/Tashiro64
1953,yunakitten,No included runs,Québec,33.34,25.34,8,0,1,1,1,0,0,0,0,6.53,1432,https://www.speedrun.com/users/yunakitten
1954,HiperEg,No included runs,Brazil,33.27,25.27,8,0,1,1,1,0,0,1,1,3.16,4,https://www.speedrun.com/users/HiperEg
1955,Maestro227,No included runs,United States,33.2,21.89,11.31,0,2,2,1,0,0,0,0,7.14,937,https://www.speedrun.com/users/Maestro227
1956,leandrom90,No included runs,Brazil,33.1,25.1,8,0,1,1,1,0,0,0,0,4.63,36,https://www.speedrun.com/users/leandrom90
1957,Ryanair_,No included runs,Italy,32.85,24.85,8,0,1,1,1,0,0,0,0,5.31,136,https://www.speedrun.com/users/Ryanair_
1958,blyscyk,No included runs,North Korea,32.62,24.62,8,0,1,1,1,0,0,0,0,5.7,319,https://www.speedrun.com/users/blyscyk
1959,Wizarddog,No included runs,United States,32.62,24.62,8,0,1,1,1,0,0,0,0,5.7,319,https://www.speedrun.com/users/Wizarddog
1960,Apelta,No included runs,United States,32.23,24.23,8,0,1,1,1,0,0,0,0,6.36,1445,https://www.speedrun.com/users/Apelta
1961,ChrisBishop95,No included runs,Mexico,32.23,24.23,8,0,1,1,1,0,0,0,0,6.36,1445,https://www.speedrun.com/users/ChrisBishop95
1962,Collin_1029,No included runs,United States,32.23,24.23,8,0,1,1,1,0,0,0,0,6.36,1445,https://www.speedrun.com/users/Collin_1029
1963,jag2791,No included runs,Canada,32.23,24.23,8,0,1,1,1,0,0,0,0,6.36,1445,https://www.speedrun.com/users/jag2791
1964,KDM_Collectables,No included runs,Wales,32.23,24.23,8,0,1,1,1,0,0,0,0,6.36,1445,https://www.speedrun.com/users/KDM_Collectables
1965,Lolcatz34,No included runs,United States,32.23,24.23,8,0,1,1,1,0,0,0,0,6.36,1445,https://www.speedrun.com/users/Lolcatz34
1966,Mauir,No included runs,Chile,32.23,24.23,8,0,1,1,1,0,0,0,0,6.36,1445,https://www.speedrun.com/users/Mauir
1967,RyuHayabusa89,No included runs,Poland,32.23,24.23,8,0,1,1,1,0,0,0,0,6.36,1445,https://www.speedrun.com/users/RyuHayabusa89
1968,10-volt,No included runs,Australia,32.14,10.83,11.31,10,2,2,2,0,0,0,0,4.59,353,https://www.speedrun.com/users/10-volt
1969,Kodi64,No included runs,United States,32.13,10.82,11.31,10,2,2,2,0,0,0,0,4.04,1235,https://www.speedrun.com/users/Kodi64
1970,Zehal,,,32.07,20.76,11.31,0,2,2,1,0,0,0,0,7.25,980,https://www.speedrun.com/users/Zehal
1971,RickyBoy_EA96,No included runs,Québec,32.03,20.72,11.31,0,2,2,1,0,0,0,0,7.03,947.5,https://www.speedrun.com/users/RickyBoy_EA96
1972,DragonFireCK,No included runs,United States,31.94,20.63,11.31,0,2,2,1,0,0,0,0,6.57,955,https://www.speedrun.com/users/DragonFireCK
1973,rockruler73,No included runs,United States,31.79,23.79,8,0,1,1,1,0,0,0,0,5.52,278,https://www.speedrun.com/users/rockruler73
1974,MinecrafTree,No included runs,United States,31.41,23.41,8,0,1,1,1,0,0,0,0,5.54,323,https://www.speedrun.com/users/MinecrafTree
1975,Arenith_,No included runs,Chile,31.39,23.39,8,0,1,1,1,0,0,0,0,6.23,1455,https://www.speedrun.com/users/Arenith_
1976,born4shame,No included runs,Russia,31.39,23.39,8,0,1,1,1,0,0,0,0,6.23,1455,https://www.speedrun.com/users/born4shame
1977,Frost_Byte,No included runs,United States,31.39,23.39,8,0,1,1,1,0,0,0,0,6.23,1455,https://www.speedrun.com/users/Frost_Byte
1978,goosethe,No included runs,United States,31.39,23.39,8,0,1,1,1,0,0,0,0,6.23,1455,https://www.speedrun.com/users/goosethe
1979,Heinsenberg,No included runs,Colombia,31.39,23.39,8,0,1,1,1,0,0,0,0,6.23,1455,https://www.speedrun.com/users/Heinsenberg
1980,LuukzMithV,No included runs,Brazil,31.39,23.39,8,0,1,1,1,0,0,0,0,6.23,1455,https://www.speedrun.com/users/LuukzMithV
1981,Michaelguy,No included runs,United States,31.39,23.39,8,0,1,1,1,0,0,0,0,6.23,1455,https://www.speedrun.com/users/Michaelguy
1982,Pampattitude,No included runs,France,31.39,23.39,8,0,1,1,1,0,0,0,0,6.23,1455,https://www.speedrun.com/users/Pampattitude
1983,ResetEnjoyer,No included runs,United States,31.39,23.39,8,0,1,1,1,0,0,0,0,6.23,1455,https://www.speedrun.com/users/ResetEnjoyer
1984,thetagger79,No included runs,United States,31.39,23.39,8,0,1,1,1,0,0,0,0,6.23,1455,https://www.speedrun.com/users/thetagger79
1985,Veston,No included runs,Tuvalu,31.39,23.39,8,0,1,1,1,0,0,0,0,6.23,1455,https://www.speedrun.com/users/Veston
1986,Xikini,No included runs,Canada,31.39,23.39,8,0,1,1,1,0,0,0,0,6.23,1455,https://www.speedrun.com/users/Xikini
1987,1ted59,No included runs,United States,30.93,22.93,8,0,1,1,1,0,0,0,0,5.11,153,https://www.speedrun.com/users/1ted59
1988,a1penguin,No included runs,United States,30.93,22.93,8,0,1,1,1,0,0,0,0,5.11,153,https://www.speedrun.com/users/a1penguin
1989,LF,No included runs,France,30.86,19.55,11.31,0,2,2,1,0,0,0,0,6.93,961.5,https://www.speedrun.com/users/LF
1990,AnassGamer,No included runs,France,30.61,22.61,8,0,1,1,1,0,0,0,0,4.94,118,https://www.speedrun.com/users/AnassGamer
1991,Homuki,No included runs,Poland,30.38,19.07,11.31,0,2,2,1,0,0,0,0,6.23,825,https://www.speedrun.com/users/Homuki
1992,xclearxmindedx,No included runs,United States,30.17,18.86,11.31,0,2,2,1,0,0,0,0,6.32,844.5,https://www.speedrun.com/users/xclearxmindedx
1993,groomp,No included runs,United States,30.16,22.16,8,0,1,1,1,0,0,0,0,6.03,1470,https://www.speedrun.com/users/groomp
1994,ICader,,,30.16,22.16,8,0,1,1,1,0,0,0,0,6.03,1470,https://www.speedrun.com/users/ICader
1995,JhoanPuerto,No included runs,Colombia,30.16,22.16,8,0,1,1,1,0,0,0,0,6.03,1470,https://www.speedrun.com/users/JhoanPuerto
1996,jo_nil,No included runs,Sweden,30.16,22.16,8,0,1,1,1,0,0,0,0,6.03,1470,https://www.speedrun.com/users/jo_nil
1997,Lucatoni,No included runs,United States,30.16,22.16,8,0,1,1,1,0,0,0,0,6.03,1470,https://www.speedrun.com/users/Lucatoni
1998,Rep2369,,,30.16,22.16,8,0,1,1,1,0,0,0,0,6.03,1470,https://www.speedrun.com/users/Rep2369
1999,riiyak,No included runs,United States,30.16,22.16,8,0,1,1,1,0,0,0,0,6.03,1470,https://www.speedrun.com/users/riiyak
2000,windychan,No included runs,Finland,30.16,22.16,8,0,1,1,1,0,0,0,0,6.03,1470,https://www.speedrun.com/users/windychan
2001,Brainwaves109,No included runs,United States,29.51,21.51,8,0,1,1,1,0,0,0,0,4.64,87,https://www.speedrun.com/users/Brainwaves109
2002,219ms,No included runs,United States,29.43,21.43,8,0,1,1,1,0,0,0,0,5.45,510,https://www.speedrun.com/users/219ms
2003,573games,No included runs,United States,29.43,21.43,8,0,1,1,1,0,0,0,0,5.91,1479,https://www.speedrun.com/users/573games
2004,BBoyBaggens,No included runs,United States,29.43,21.43,8,0,1,1,1,0,0,0,0,5.91,1479,https://www.speedrun.com/users/BBoyBaggens
2005,crich,No included runs,United States,29.43,21.43,8,0,1,1,1,0,0,0,0,5.45,510,https://www.speedrun.com/users/crich
2006,De47,No included runs,Brazil,29.43,21.43,8,0,1,1,1,0,0,0,0,5.45,510,https://www.speedrun.com/users/De47
2007,Dirtd,No included runs,England,29.43,21.43,8,0,1,1,1,0,0,0,0,5.91,1479,https://www.speedrun.com/users/Dirtd
2008,DJpro39,No included runs,Slovenia,29.43,21.43,8,0,1,1,1,0,0,0,0,5.45,510,https://www.speedrun.com/users/DJpro39
2009,elijahman112mario,,,29.43,21.43,8,0,1,1,1,0,0,0,0,5.45,510,https://www.speedrun.com/users/elijahman112mario
2010,Feltris,No included runs,Germany,29.43,21.43,8,0,1,1,1,0,0,0,0,5.45,510,https://www.speedrun.com/users/Feltris
2011,firefang_222,No included runs,United States,29.43,21.43,8,0,1,1,1,0,0,0,0,5.45,510,https://www.speedrun.com/users/firefang_222
2012,freohrrr,No included runs,United States,29.43,21.43,8,0,1,1,1,0,0,0,0,5.45,510,https://www.speedrun.com/users/freohrrr
2013,gerardbanaga,No included runs,United States,29.43,21.43,8,0,1,1,1,0,0,0,0,5.91,1479,https://www.speedrun.com/users/gerardbanaga
2014,Guff,No included runs,United States,29.43,21.43,8,0,1,1,1,0,0,0,0,5.45,510,https://www.speedrun.com/users/Guff
2015,Hiuruki_Vinicius,No included runs,Brazil,29.43,21.43,8,0,1,1,1,0,0,0,0,5.91,1479,https://www.speedrun.com/users/Hiuruki_Vinicius
2016,jawajosh,No included runs,United States,29.43,21.43,8,0,1,1,1,0,0,0,0,5.91,1479,https://www.speedrun.com/users/jawajosh
2017,justanaverageweirdo,No included runs,Aruba,29.43,21.43,8,0,1,1,1,0,0,0,0,5.45,510,https://www.speedrun.com/users/justanaverageweirdo
2018,lolingvo,No included runs,Canada,29.43,21.43,8,0,1,1,1,0,0,0,0,5.45,510,https://www.speedrun.com/users/lolingvo
2019,mmKALLL,No included runs,Finland,29.43,21.43,8,0,1,1,1,0,0,0,0,5.91,1479,https://www.speedrun.com/users/mmKALLL
2020,Nerepis,No included runs,Canada,29.43,21.43,8,0,1,1,1,0,0,0,0,5.91,1479,https://www.speedrun.com/users/Nerepis
2021,noonyfu,No included runs,United States,29.43,21.43,8,0,1,1,1,0,0,0,0,5.91,1479,https://www.speedrun.com/users/noonyfu
2022,OrangeViper,No included runs,United Kingdom,29.43,21.43,8,0,1,1,1,0,0,0,0,5.45,510,https://www.speedrun.com/users/OrangeViper
2023,pk_lag,No included runs,Canada,29.43,21.43,8,0,1,1,1,0,0,0,0,5.45,510,https://www.speedrun.com/users/pk_lag
2024,Pokedario,No included runs,Italy,29.43,21.43,8,0,1,1,1,0,0,0,0,5.45,510,https://www.speedrun.com/users/Pokedario
2025,RafHW,No included runs,Greece,29.43,21.43,8,0,1,1,1,0,0,0,0,5.45,510,https://www.speedrun.com/users/RafHW
2026,SM64Speedrunner16,No included runs,United States,29.43,21.43,8,0,1,1,1,0,0,0,0,5.45,510,https://www.speedrun.com/users/SM64Speedrunner16
2027,StellarTheBot,No included runs,United States,29.43,21.43,8,0,1,1,1,0,0,0,0,5.45,510,https://www.speedrun.com/users/StellarTheBot
2028,Strangy,No included runs,Mexico,29.43,21.43,8,0,1,1,1,0,0,0,0,5.91,1479,https://www.speedrun.com/users/Strangy
2029,thorne_1154,No included runs,United States,29.43,21.43,8,0,1,1,1,0,0,0,0,5.91,1479,https://www.speedrun.com/users/thorne_1154
2030,toadstooled,No included runs,England,29.43,21.43,8,0,1,1,1,0,0,0,0,5.45,510,https://www.speedrun.com/users/toadstooled
2031,Wh0sC4nd1ce,No included runs,United States,29.43,21.43,8,0,1,1,1,0,0,0,0,5.45,510,https://www.speedrun.com/users/Wh0sC4nd1ce
2032,Wsr_superpower,,,29.43,21.43,8,0,1,1,1,0,0,0,0,5.45,510,https://www.speedrun.com/users/Wsr_superpower
2033,xPlankton,No included runs,Québec,29.43,21.43,8,0,1,1,1,0,0,0,0,5.45,510,https://www.speedrun.com/users/xPlankton
2034,Xpnvh,No included runs,United States,29.43,21.43,8,0,1,1,1,0,0,0,0,5.45,510,https://www.speedrun.com/users/Xpnvh
2035,Twitch_tDF,,,29.39,8.08,11.31,10,2,2,2,0,0,0,0,3.55,1064.5,https://www.speedrun.com/users/Twitch_tDF
2036,DaltonBrown,No included runs,United States,28.94,17.63,11.31,0,2,2,1,0,0,0,0,6.41,925,https://www.speedrun.com/users/DaltonBrown
2037,Markichin,,,28.82,17.51,11.31,0,2,2,1,0,0,0,0,6.35,893.5,https://www.speedrun.com/users/Markichin
2038,monsterjamGarrett,No included runs,United States,28.78,20.78,8,0,1,1,1,0,0,0,0,4.82,157,https://www.speedrun.com/users/monsterjamGarrett
2039,KenshinTrek,No included runs,Ecuador,28.74,17.43,11.31,0,2,2,1,0,0,0,0,6.34,1022.5,https://www.speedrun.com/users/KenshinTrek
2040,NarcolepticFrog,,,28.72,20.72,8,0,1,1,1,0,0,0,0,4.41,67,https://www.speedrun.com/users/NarcolepticFrog
2041,Dakovan55,No included runs,United States,28.66,20.66,8,0,1,1,1,0,0,0,0,4.53,88,https://www.speedrun.com/users/Dakovan55
2042,DJCarmichael,No included runs,United States,28.45,20.45,8,0,1,1,1,0,0,0,0,3.55,13,https://www.speedrun.com/users/DJCarmichael
2043,SuperPlayer,No included runs,France,28.42,7.11,11.31,10,2,2,2,0,0,0,0,3.49,880.5,https://www.speedrun.com/users/SuperPlayer
2044,imarchnemisis1,No included runs,United States,28.31,20.31,8,0,1,1,1,0,0,0,0,5.73,1493,https://www.speedrun.com/users/imarchnemisis1
2045,noma2460,No included runs,Japan,28.31,20.31,8,0,1,1,1,0,0,0,0,5.73,1493,https://www.speedrun.com/users/noma2460
2046,TacticalToast,No included runs,Poland,28.31,20.31,8,0,1,1,1,0,0,0,0,5.73,1493,https://www.speedrun.com/users/TacticalToast
2047,UshankaPrincess,No included runs,United States,28.31,20.31,8,0,1,1,1,0,0,0,0,5.73,1493,https://www.speedrun.com/users/UshankaPrincess
2048,WorstLiarEver,No included runs,United States,28.31,20.31,8,0,1,1,1,0,0,0,0,5.73,1493,https://www.speedrun.com/users/WorstLiarEver
2049,FarmerJoe279,,,28.21,20.21,8,0,1,1,1,0,0,0,0,5.08,334,https://www.speedrun.com/users/FarmerJoe279
2050,hashTTTB,No included runs,United Kingdom,28.07,16.76,11.31,0,2,2,1,0,0,0,0,5.83,945,https://www.speedrun.com/users/hashTTTB
2051,jbminerlol,No included runs,United States,27.93,6.62,11.31,10,2,2,2,0,0,0,0,3.46,1233.5,https://www.speedrun.com/users/jbminerlol
2052,gtm604,No included runs,Canada,27.84,19.84,8,0,1,1,1,0,0,0,0,5.65,1499,https://www.speedrun.com/users/gtm604
2053,KK,No included runs,United States,27.84,19.84,8,0,1,1,1,0,0,0,0,5.65,1499,https://www.speedrun.com/users/KK
2054,OzTheMonsterMaker,No included runs,United States,27.84,19.84,8,0,1,1,1,0,0,0,0,5.65,1499,https://www.speedrun.com/users/OzTheMonsterMaker
2055,SCRB,No included runs,Japan,27.84,19.84,8,0,1,1,1,0,0,0,0,5.65,1499,https://www.speedrun.com/users/SCRB
2056,Sowedu,No included runs,Denmark,27.84,19.84,8,0,1,1,1,0,0,0,0,5.65,1499,https://www.speedrun.com/users/Sowedu
2057,RealTiggi,No included runs,Germany,27.69,19.69,8,0,1,1,1,0,0,0,0,4.28,68,https://www.speedrun.com/users/RealTiggi
2058,Astro,No included runs,United States,27.46,19.46,8,0,1,1,1,0,0,0,0,5.59,1504,https://www.speedrun.com/users/Astro
2059,BigMaClJo,No included runs,United States,27.46,19.46,8,0,1,1,1,0,0,0,0,5.59,1504,https://www.speedrun.com/users/BigMaClJo
2060,buster__bee,No included runs,United States,27.46,19.46,8,0,1,1,1,0,0,0,0,5.59,1504,https://www.speedrun.com/users/buster_bee
2061,frosty884,No included runs,United States,27.46,19.46,8,0,1,1,1,0,0,0,0,5.59,1504,https://www.speedrun.com/users/frosty884
2062,Megami_infini,No included runs,Poland,27.46,19.46,8,0,1,1,1,0,0,0,0,5.59,1504,https://www.speedrun.com/users/Megami_infini
2063,rainbow1,No included runs,United States,27.46,19.46,8,0,1,1,1,0,0,0,0,5.59,1504,https://www.speedrun.com/users/rainbow1
2064,ZekerMarco,No included runs,Netherlands,27.46,19.46,8,0,1,1,1,0,0,0,0,5.59,1504,https://www.speedrun.com/users/ZekerMarco
2065,KnuxMaster368,No included runs,United States,27.38,19.38,8,0,1,1,1,0,0,0,0,4.84,257,https://www.speedrun.com/users/KnuxMaster368
2066,CriticallyJamie,No included runs,England,27.33,16.02,11.31,0,2,2,1,0,0,0,0,5.92,950.5,https://www.speedrun.com/users/CriticallyJamie
2067,real_kushagra,No included runs,India,27.29,15.98,11.31,0,2,2,1,0,0,0,0,4.03,116,https://www.speedrun.com/users/real_kushagra
2068,thisisaman,No included runs,United States,27.26,15.95,11.31,0,2,2,1,0,0,0,0,4.58,497.5,https://www.speedrun.com/users/thisisaman
2069,redsgreens,No included runs,United States,27.22,19.22,8,0,1,1,1,0,0,0,0,4.61,160,https://www.speedrun.com/users/redsgreens
2070,CarpuziSpeedruns,No included runs,United States,27.16,5.85,11.31,10,2,2,2,0,0,0,0,3.47,1100.5,https://www.speedrun.com/users/CarpuziSpeedruns
2071,alonaly,No included runs,Poland,27.05,19.05,8,0,1,1,1,0,0,0,0,4.54,146,https://www.speedrun.com/users/alonaly
2072,BomberBett,No included runs,Italy,27.05,19.05,8,0,1,1,1,0,0,0,0,4.54,146,https://www.speedrun.com/users/BomberBett
2073,EvaTheWingdale,No included runs,United States,27.05,19.05,8,0,1,1,1,0,0,0,0,4.54,146,https://www.speedrun.com/users/EvaTheWingdale
2074,NihilistComedyHour,No included runs,Esperanto,27.02,5.71,11.31,10,2,2,2,0,0,0,0,2.69,1263,https://www.speedrun.com/users/NihilistComedyHour
2075,ApaarTheSpeedrunner,No included runs,United States,26.93,15.62,11.31,0,2,2,1,0,0,0,0,5.85,487,https://www.speedrun.com/users/ApaarTheSpeedrunner
2076,CujoIHSV,No included runs,United States,26.92,18.92,8,0,1,1,1,0,0,0,0,4.82,293,https://www.speedrun.com/users/CujoIHSV
2077,hero_82,No included runs,United States,26.77,18.77,8,0,1,1,1,0,0,0,0,5.47,1513,https://www.speedrun.com/users/hero_82
2078,HyperFluxQc,No included runs,Québec,26.77,18.77,8,0,1,1,1,0,0,0,0,5.47,1513,https://www.speedrun.com/users/HyperFluxQc
2079,irishfusion42,No included runs,United States,26.77,18.77,8,0,1,1,1,0,0,0,0,5.47,1513,https://www.speedrun.com/users/irishfusion42
2080,Morapro19,No included runs,Venezuela,26.77,18.77,8,0,1,1,1,0,0,0,0,5.47,1513,https://www.speedrun.com/users/Morapro19
2081,PlaDance,No included runs,Japan,26.77,18.77,8,0,1,1,1,0,0,0,0,5.47,1513,https://www.speedrun.com/users/PlaDance
2082,infinitemystery,,,26.74,2.88,13.86,10,3,3,2,0,0,0,0,2.21,807.33,https://www.speedrun.com/users/infinitemystery
2083,ZhenyaNervous13,No included runs,Russia,26.61,18.61,8,0,1,1,1,0,0,0,0,4.78,294,https://www.speedrun.com/users/ZhenyaNervous13
2084,SheepDog_81,No included runs,Norway,26.27,2.41,13.86,10,3,3,2,0,0,0,0,1.93,687,https://www.speedrun.com/users/SheepDog_81
2085,dkcnick,No included runs,United States,26.22,18.22,8,0,1,1,1,0,0,0,0,4.21,91,https://www.speedrun.com/users/dkcnick
2086,BM57,,,26.19,14.88,11.31,0,2,2,1,0,0,0,0,5.48,870.5,https://www.speedrun.com/users/BM57
2087,Hero422,No included runs,United States,26.19,14.88,11.31,0,2,2,1,0,0,0,0,5.48,870.5,https://www.speedrun.com/users/Hero422
2088,altabiscuit,No included runs,United States,26.17,18.17,8,0,1,1,1,0,0,0,0,3.29,13,https://www.speedrun.com/users/altabiscuit
2089,Rumbleminze,No included runs,United States,26.09,18.09,8,0,1,1,1,0,0,0,0,5.35,1522,https://www.speedrun.com/users/Rumbleminze
2090,Sebino,No included runs,France,26.09,18.09,8,0,1,1,1,0,0,0,0,5.35,1522,https://www.speedrun.com/users/Sebino
2091,soba,No included runs,United States,26.09,18.09,8,0,1,1,1,0,0,0,0,5.35,1522,https://www.speedrun.com/users/soba
2092,WagnerBrasil,No included runs,Brazil,26.09,18.09,8,0,1,1,1,0,0,0,0,5.35,1522,https://www.speedrun.com/users/WagnerBrasil
2093,shrum,No included runs,United States,25.97,14.66,11.31,0,2,2,1,0,0,0,0,5.63,984.5,https://www.speedrun.com/users/shrum
2094,Sharky2107,No included runs,United States,25.81,1.95,13.86,10,3,3,2,0,0,0,0,1.68,169.33,https://www.speedrun.com/users/Sharky2107
2095,scratchdragon,No included runs,United States,25.7,17.7,8,0,1,1,1,0,0,0,0,4.64,297,https://www.speedrun.com/users/scratchdragon
2096,Theworm826,No included runs,United States,25.67,14.36,11.31,0,2,2,1,0,0,0,0,4,34.5,https://www.speedrun.com/users/Theworm826
2097,41BD6518,,,25.63,14.32,11.31,0,2,2,1,0,0,0,0,5.81,993.5,https://www.speedrun.com/users/41BD6518
2098,SamuraiTX,No included runs,England,25.57,14.26,11.31,0,2,2,1,0,0,0,0,4.82,150.5,https://www.speedrun.com/users/SamuraiTX
2099,Broodlai,No included runs,England,25.56,17.56,8,0,1,1,1,0,0,0,0,5.26,1529,https://www.speedrun.com/users/Broodlai
2100,BurakSonic55,No included runs,Turkey,25.56,17.56,8,0,1,1,1,0,0,0,0,5.26,1529,https://www.speedrun.com/users/BurakSonic55
2101,Crasher4657,No included runs,United States,25.56,17.56,8,0,1,1,1,0,0,0,0,5.26,1529,https://www.speedrun.com/users/Crasher4657
2102,izaboy,No included runs,Germany,25.56,17.56,8,0,1,1,1,0,0,0,0,5.26,1529,https://www.speedrun.com/users/izaboy
2103,nintendofanboy08,No included runs,Finland,25.56,17.56,8,0,1,1,1,0,0,0,0,5.26,1529,https://www.speedrun.com/users/nintendofanboy08
2104,Noimyou,No included runs,Venezuela,25.56,17.56,8,0,1,1,1,0,0,0,0,5.26,1529,https://www.speedrun.com/users/Noimyou
2105,Spiderweb__,No included runs,United States,25.56,17.56,8,0,1,1,1,0,0,0,0,5.26,1529,https://www.speedrun.com/users/Spiderweb__
2106,TechnicallyDustin,No included runs,United States,25.56,17.56,8,0,1,1,1,0,0,0,0,5.26,1529,https://www.speedrun.com/users/TechnicallyDustin
2107,ChiefZach,No included runs,United States,25.5,14.19,11.31,0,2,2,1,0,0,0,0,5.12,277.5,https://www.speedrun.com/users/ChiefZach
2108,CelebrityMartyr,No included runs,United States,25.4,17.4,8,0,1,1,1,0,0,0,0,4.59,298,https://www.speedrun.com/users/CelebrityMartyr
2109,dolkopz,No included runs,United States,25.28,17.28,8,0,1,1,1,0,0,0,0,3.28,16,https://www.speedrun.com/users/dolkopz
2110,kryptixx,No included runs,Québec,25.22,17.22,8,0,1,1,1,0,0,0,0,4.32,164,https://www.speedrun.com/users/kryptixx
2111,jawsomesauce,No included runs,United States,24.98,16.98,8,0,1,1,1,0,0,0,0,3.74,47,https://www.speedrun.com/users/jawsomesauce
2112,SpringF,No included runs,United States,24.95,16.95,8,0,1,1,1,0,0,0,0,4.58,346,https://www.speedrun.com/users/SpringF
2113,AdirondackRick,No included runs,United States,24.83,16.83,8,0,1,1,1,0,0,0,0,5.13,1539,https://www.speedrun.com/users/AdirondackRick
2114,Alowishus89,No included runs,Ireland,24.83,16.83,8,0,1,1,1,0,0,0,0,5.13,1539,https://www.speedrun.com/users/Alowishus89
2115,Boscia98,No included runs,United States,24.83,16.83,8,0,1,1,1,0,0,0,0,5.13,1539,https://www.speedrun.com/users/Boscia98
2116,Erik_Sushi,No included runs,Sweden,24.83,16.83,8,0,1,1,1,0,0,0,0,5.13,1539,https://www.speedrun.com/users/Erik_Sushi
2117,Marianette,No included runs,United States,24.83,16.83,8,0,1,1,1,0,0,0,0,5.13,1539,https://www.speedrun.com/users/Marianette
2118,NeKrone,No included runs,France,24.83,16.83,8,0,1,1,1,0,0,0,0,5.13,1539,https://www.speedrun.com/users/NeKrone
2119,paradoxxic,No included runs,Canada,24.83,16.83,8,0,1,1,1,0,0,0,0,5.13,1539,https://www.speedrun.com/users/paradoxxic
2120,ravenpascal,No included runs,United States,24.83,16.83,8,0,1,1,1,0,0,0,0,5.13,1539,https://www.speedrun.com/users/ravenpascal
2121,XxiIiJOSEiIixX,No included runs,Venezuela,24.8,13.49,11.31,0,2,2,1,0,0,0,0,5.41,956.5,https://www.speedrun.com/users/XxiIiJOSEiIixX
2122,Orek,No included runs,Poland,24.75,16.75,8,0,1,1,1,0,0,0,0,3.89,71,https://www.speedrun.com/users/Orek
2123,crrruv,,,24.69,16.69,8,0,1,1,1,0,0,0,0,4.43,265,https://www.speedrun.com/users/crrruv
2124,Hue127,No included runs,Germany,24.69,16.69,8,0,1,1,1,0,0,0,0,4.43,265,https://www.speedrun.com/users/Hue127
2125,roni77nf,No included runs,France,24.54,13.23,11.31,0,2,2,1,0,0,0,0,3.62,994,https://www.speedrun.com/users/roni77nf
2126,adrianRTA,No included runs,Philippines,24.43,16.43,8,0,1,1,1,0,0,0,0,4.5,348,https://www.speedrun.com/users/adrianRTA
2127,Inprinted,No included runs,North Korea,24.43,16.43,8,0,1,1,1,0,0,0,0,4.5,348,https://www.speedrun.com/users/Inprinted
2128,Matarcram99,No included runs,Colombia,24.23,12.92,11.31,0,2,2,1,0,0,0,0,5.16,937,https://www.speedrun.com/users/Matarcram99
2129,Chicky,No included runs,Czech Republic,24.04,16.04,8,0,1,1,1,0,0,0,0,4.99,1550,https://www.speedrun.com/users/Chicky
2130,JAGwire88,No included runs,United States,24.04,16.04,8,0,1,1,1,0,0,0,0,4.99,1550,https://www.speedrun.com/users/JAGwire88
2131,Ray_282,No included runs,Canada,24.04,16.04,8,0,1,1,1,0,0,0,0,4.99,1550,https://www.speedrun.com/users/Ray_282
2132,TheDoctorBlue,No included runs,United States,24.04,16.04,8,0,1,1,1,0,0,0,0,4.99,1550,https://www.speedrun.com/users/TheDoctorBlue
2133,ADuckCalledShell_donaldduck,No included runs,India,23.95,15.95,8,0,1,1,1,0,0,0,0,4.58,539,https://www.speedrun.com/users/ADuckCalledShell_donaldduck
2134,AlxDaBeeb,No included runs,Australia,23.95,15.95,8,0,1,1,1,0,0,0,0,4.58,539,https://www.speedrun.com/users/AlxDaBeeb
2135,AriIgarashi,No included runs,Brazil,23.95,15.95,8,0,1,1,1,0,0,0,0,4.58,539,https://www.speedrun.com/users/AriIgarashi
2136,At0micPunk,No included runs,United States,23.95,15.95,8,0,1,1,1,0,0,0,0,4.58,539,https://www.speedrun.com/users/At0micPunk
2137,Bobo1803,No included runs,England,23.95,15.95,8,0,1,1,1,0,0,0,0,4.58,539,https://www.speedrun.com/users/Bobo1803
2138,Chimu_123,No included runs,Argentina,23.95,15.95,8,0,1,1,1,0,0,0,0,4.58,539,https://www.speedrun.com/users/Chimu_123
2139,Codie_G,No included runs,Australia,23.95,15.95,8,0,1,1,1,0,0,0,0,4.58,539,https://www.speedrun.com/users/Codie_G
2140,dlloyd10,No included runs,United States,23.95,15.95,8,0,1,1,1,0,0,0,0,4.58,539,https://www.speedrun.com/users/dlloyd10
2141,iplaymario124,No included runs,United States,23.95,15.95,8,0,1,1,1,0,0,0,0,4.58,539,https://www.speedrun.com/users/iplaymario124
2142,kaiten619,No included runs,Philippines,23.95,15.95,8,0,1,1,1,0,0,0,0,4.58,539,https://www.speedrun.com/users/kaiten619
2143,Ludwigo,No included runs,Sweden,23.95,15.95,8,0,1,1,1,0,0,0,0,4.58,539,https://www.speedrun.com/users/Ludwigo
2144,Lux23,,,23.95,15.95,8,0,1,1,1,0,0,0,0,4.58,539,
2145,madnessHank,No included runs,Netherlands,23.95,15.95,8,0,1,1,1,0,0,0,0,4.58,539,https://www.speedrun.com/users/madnessHank
2146,miku_daioh,No included runs,United States,23.95,15.95,8,0,1,1,1,0,0,0,0,4.58,539,https://www.speedrun.com/users/miku_daioh
2147,mojzesz230,No included runs,Poland,23.95,15.95,8,0,1,1,1,0,0,0,0,4.58,539,https://www.speedrun.com/users/mojzesz230
2148,pengo556,No included runs,United States,23.95,15.95,8,0,1,1,1,0,0,0,0,4.58,539,https://www.speedrun.com/users/pengo556
2149,PG32,No included runs,Brazil,23.95,15.95,8,0,1,1,1,0,0,0,0,4.58,539,https://www.speedrun.com/users/PG32
2150,pierrobignot,,,23.95,15.95,8,0,1,1,1,0,0,0,0,4.58,539,https://www.speedrun.com/users/pierrobignot
2151,RealParallel1,No included runs,United States,23.95,15.95,8,0,1,1,1,0,0,0,0,4.58,539,https://www.speedrun.com/users/RealParallel1
2152,skynetcraft,No included runs,France,23.95,15.95,8,0,1,1,1,0,0,0,0,4.58,539,https://www.speedrun.com/users/skynetcraft
2153,Smiferry,No included runs,United States,23.95,15.95,8,0,1,1,1,0,0,0,0,4.58,539,https://www.speedrun.com/users/Smiferry
2154,snowyvulpixes,No included runs,Canada,23.95,15.95,8,0,1,1,1,0,0,0,0,4.58,539,https://www.speedrun.com/users/snowyvulpixes
2155,ThatBox,No included runs,United States,23.95,15.95,8,0,1,1,1,0,0,0,0,4.58,539,https://www.speedrun.com/users/ThatBox
2156,TheOddTuber,No included runs,United States,23.95,15.95,8,0,1,1,1,0,0,0,0,4.58,539,https://www.speedrun.com/users/TheOddTuber
2157,Tony85,,,23.95,15.95,8,0,1,1,1,0,0,0,0,4.58,539,https://www.speedrun.com/users/Tony85
2158,TRLittleToaster,No included runs,United States,23.95,15.95,8,0,1,1,1,0,0,0,0,4.58,539,https://www.speedrun.com/users/TRLittleToaster
2159,unholyactor,No included runs,United States,23.95,15.95,8,0,1,1,1,0,0,0,0,4.58,539,https://www.speedrun.com/users/unholyactor
2160,Unnotableone,No included runs,United States,23.95,15.95,8,0,1,1,1,0,0,0,0,4.58,539,https://www.speedrun.com/users/Unnotableone
2161,StJoe,No included runs,United States,23.93,15.93,8,0,1,1,1,0,0,0,0,4.36,303,https://www.speedrun.com/users/StJoe
2162,JayoftheDead,No included runs,United States,23.81,15.81,8,0,1,1,1,0,0,0,0,3.76,72,https://www.speedrun.com/users/JayoftheDead
2163,battikoch,No included runs,Germany,23.78,15.78,8,0,1,1,1,0,0,0,0,4.1,167,https://www.speedrun.com/users/battikoch
2164,bazingaruns,No included runs,United States,23.72,12.41,11.31,0,2,2,1,0,0,0,0,4.33,88.5,https://www.speedrun.com/users/bazingaruns
2165,KobeBeanRTA,No included runs,United States,23.66,15.66,8,0,1,1,1,0,0,0,0,4.37,351,https://www.speedrun.com/users/KobeBeanRTA
2166,Arotiz,No included runs,Uganda,23.61,15.61,8,0,1,1,1,0,0,0,0,4.91,1556,https://www.speedrun.com/users/Arotiz
2167,HankTank,,,23.61,15.61,8,0,1,1,1,0,0,0,0,4.91,1556,https://www.speedrun.com/users/HankTank
2168,JimmyP,No included runs,United States,23.61,15.61,8,0,1,1,1,0,0,0,0,4.91,1556,https://www.speedrun.com/users/JimmyP
2169,Metalfan81Gaming,No included runs,United States,23.61,15.61,8,0,1,1,1,0,0,0,0,4.91,1556,https://www.speedrun.com/users/Metalfan81Gaming
2170,PantherSpeedGaming,No included runs,United States,23.11,1.8,11.31,10,2,2,2,0,0,0,0,1.08,86,https://www.speedrun.com/users/PantherSpeedGaming
2171,ThumbBros,No included runs,United States,23.08,15.08,8,0,1,1,1,0,0,0,0,4.22,306,https://www.speedrun.com/users/ThumbBros
2172,01ogopogo,No included runs,Québec,23.05,15.05,8,0,1,1,1,0,0,0,0,4.8,1564,https://www.speedrun.com/users/01ogopogo
2173,DJNario,No included runs,United States,23.05,15.05,8,0,1,1,1,0,0,0,0,4.8,1564,https://www.speedrun.com/users/DJNario
2174,EngiRTA,,,23.05,15.05,8,0,1,1,1,0,0,0,0,4.8,1564,
2175,JJAR10,No included runs,Peru,23.05,15.05,8,0,1,1,1,0,0,0,0,4.8,1564,https://www.speedrun.com/users/JJAR10
2176,legendaryboss17,No included runs,United States,23.05,15.05,8,0,1,1,1,0,0,0,0,4.8,1564,https://www.speedrun.com/users/legendaryboss17
2177,MrJoufflu,No included runs,Québec,23.05,15.05,8,0,1,1,1,0,0,0,0,4.8,1564,https://www.speedrun.com/users/MrJoufflu
2178,Virtuo,No included runs,United States,23.05,15.05,8,0,1,1,1,0,0,0,0,4.8,1564,https://www.speedrun.com/users/Virtuo
2179,Glitchedblood,No included runs,United States,22.94,1.63,11.31,10,2,2,2,0,0,0,0,1.2,502,https://www.speedrun.com/users/Glitchedblood
2180,NoraSpeedruns,No included runs,United States,22.91,14.91,8,0,1,1,1,0,0,0,0,4.25,354,https://www.speedrun.com/users/NoraSpeedruns
2181,Solietu,No included runs,United States,22.87,14.87,8,0,1,1,1,0,0,0,0,2.92,14,https://www.speedrun.com/users/Solietu
2182,Strangecoinsz,No included runs,Malta,22.87,14.87,8,0,1,1,1,0,0,0,0,3.06,19,https://www.speedrun.com/users/Strangecoinsz
2183,NJ4536,No included runs,Jersey,22.71,14.71,8,0,1,1,1,0,0,0,0,3.4,45,https://www.speedrun.com/users/NJ4536
2184,Moo_Moony,No included runs,Québec,22.56,14.56,8,0,1,1,1,0,0,0,0,3.81,131,https://www.speedrun.com/users/Moo_Moony
2185,Luducolo,,,22.36,14.36,8,0,1,1,1,0,0,0,0,3.34,43,https://www.speedrun.com/users/Luducolo
2186,arcaneviper,No included runs,United States,22.29,14.29,8,0,1,1,1,0,0,0,0,4.66,1575,https://www.speedrun.com/users/arcaneviper
2187,bibikusu,No included runs,France,22.29,14.29,8,0,1,1,1,0,0,0,0,4.66,1575,https://www.speedrun.com/users/bibikusu
2188,Enmet,No included runs,Sweden,22.29,14.29,8,0,1,1,1,0,0,0,0,4.66,1575,https://www.speedrun.com/users/Enmet
2189,ErenAziz,No included runs,Turkey,22.29,14.29,8,0,1,1,1,0,0,0,0,4.66,1575,https://www.speedrun.com/users/ErenAziz
2190,KOSmIcD15,No included runs,United States,22.29,14.29,8,0,1,1,1,0,0,0,0,4.66,1575,https://www.speedrun.com/users/KOSmIcD15
2191,Luckymagician,No included runs,Canada,22.29,14.29,8,0,1,1,1,0,0,0,0,4.66,1575,https://www.speedrun.com/users/Luckymagician
2192,NoCapKringle,No included runs,United States,22.29,14.29,8,0,1,1,1,0,0,0,0,4.66,1575,https://www.speedrun.com/users/NoCapKringle
2193,Oqtab,No included runs,Québec,22.29,14.29,8,0,1,1,1,0,0,0,0,4.66,1575,https://www.speedrun.com/users/Oqtab
2194,Personator1LC,No included runs,Québec,22.29,14.29,8,0,1,1,1,0,0,0,0,4.66,1575,https://www.speedrun.com/users/Personator1LC
2195,SCB3,No included runs,Russia,22.29,14.29,8,0,1,1,1,0,0,0,0,4.66,1575,https://www.speedrun.com/users/SCB3
2196,SilverVayne,No included runs,United States,22.29,14.29,8,0,1,1,1,0,0,0,0,4.66,1575,https://www.speedrun.com/users/SilverVayne
2197,snowrad16,No included runs,United States,22.29,14.29,8,0,1,1,1,0,0,0,0,4.66,1575,https://www.speedrun.com/users/snowrad16
2198,5,No included runs,South Korea,22.17,0.86,11.31,10,2,2,2,0,0,0,0,0.99,393.5,https://www.speedrun.com/users/5
2199,buckethead222,No included runs,United States,22,14,8,0,1,1,1,0,0,0,0,3.5,74,https://www.speedrun.com/users/buckethead222
2200,JamieGun,No included runs,England,21.93,13.93,8,0,1,1,1,0,0,0,0,4.08,358,https://www.speedrun.com/users/JamieGun
2201,PrototypeSR,No included runs,United States,21.73,0.42,11.31,10,2,2,2,0,0,0,0,0.63,273.5,https://www.speedrun.com/users/PrototypeSR
2202,BurierSean,No included runs,China,21.69,13.69,8,0,1,1,1,0,0,0,0,4.04,359,https://www.speedrun.com/users/BurierSean
2203,keiru,No included runs,Japan,21.54,13.54,8,0,1,1,1,0,0,0,0,3.14,36,https://www.speedrun.com/users/keiru
2204,jummy0,No included runs,United States,21.47,7.61,13.86,0,3,3,1,0,0,0,0,4.12,298,https://www.speedrun.com/users/jummy0
2205,Neonumb19,No included runs,Québec,21.43,13.43,8,0,1,1,1,0,0,0,0,3.94,312,https://www.speedrun.com/users/Neonumb19
2206,Deathmask,No included runs,Germany,21.35,13.35,8,0,1,1,1,0,0,0,0,4.48,1589,https://www.speedrun.com/users/Deathmask
2207,DJS,No included runs,Sweden,21.35,13.35,8,0,1,1,1,0,0,0,0,4.48,1589,https://www.speedrun.com/users/DJS
2208,Doonas,No included runs,Australia,21.35,13.35,8,0,1,1,1,0,0,0,0,4.48,1589,https://www.speedrun.com/users/Doonas
2209,imnotmario,,,21.35,13.35,8,0,1,1,1,0,0,0,0,4.48,1589,https://www.speedrun.com/users/imnotmario
2210,JadenPlayz,,,21.35,13.35,8,0,1,1,1,0,0,0,0,4.48,1589,https://www.speedrun.com/users/JadenPlayz
2211,SL4Y3R_,No included runs,Italy,21.35,13.35,8,0,1,1,1,0,0,0,0,4.48,1589,https://www.speedrun.com/users/SL4Y3R_
2212,toxicroakSR,No included runs,United States,21.35,13.35,8,0,1,1,1,0,0,0,0,4.48,1589,https://www.speedrun.com/users/toxicroakSR
2213,Whitfield,No included runs,United States,21.35,13.35,8,0,1,1,1,0,0,0,0,4.48,1589,https://www.speedrun.com/users/Whitfield
2214,Bluecrusader,No included runs,Ireland,21.26,13.26,8,0,1,1,1,0,0,0,0,3.87,276,https://www.speedrun.com/users/Bluecrusader
2215,carlosmatheus0,No included runs,Brazil,21.26,13.26,8,0,1,1,1,0,0,0,0,3.87,276,https://www.speedrun.com/users/carlosmatheus0
2216,GuibMath,No included runs,Brazil,21.26,13.26,8,0,1,1,1,0,0,0,0,3.87,276,https://www.speedrun.com/users/GuibMath
2217,Shelly72,No included runs,Germany,21.26,13.26,8,0,1,1,1,0,0,0,0,3.87,276,https://www.speedrun.com/users/Shelly72
2218,Rafalmir,No included runs,Germany,21.23,13.23,8,0,1,1,1,0,0,0,0,3.23,50,https://www.speedrun.com/users/Rafalmir
2219,Chrisplayer,No included runs,United States,21.12,9.81,11.31,0,2,2,1,0,0,0,0,4.53,1062.5,https://www.speedrun.com/users/Chrisplayer
2220,EggHeadTimothy,No included runs,United States,20.92,9.61,11.31,0,2,2,1,0,0,0,0,4.21,910,https://www.speedrun.com/users/EggHeadTimothy
2221,Contos,No included runs,France,20.63,12.63,8,0,1,1,1,0,0,0,0,4.33,1600,https://www.speedrun.com/users/Contos
2222,Contraslayer,No included runs,Canada,20.63,12.63,8,0,1,1,1,0,0,0,0,4.33,1600,https://www.speedrun.com/users/Contraslayer
2223,CTConqueror,No included runs,United States,20.63,12.63,8,0,1,1,1,0,0,0,0,4.33,1600,https://www.speedrun.com/users/CTConqueror
2224,Darkman_,No included runs,France,20.63,12.63,8,0,1,1,1,0,0,0,0,4.33,1600,https://www.speedrun.com/users/Darkman_
2225,dr1ox1,No included runs,Norway,20.63,12.63,8,0,1,1,1,0,0,0,0,4.33,1600,https://www.speedrun.com/users/dr1ox1
2226,DylFrog,No included runs,United States,20.63,12.63,8,0,1,1,1,0,0,0,0,4.33,1600,https://www.speedrun.com/users/DylFrog
2227,hobby_joggers,No included runs,United States,20.63,12.63,8,0,1,1,1,0,0,0,0,4.33,1600,https://www.speedrun.com/users/hobby_joggers
2228,Mc166,No included runs,France,20.63,12.63,8,0,1,1,1,0,0,0,0,4.33,1600,https://www.speedrun.com/users/Mc166
2229,Oskar_Aran,No included runs,Mexico,20.63,12.63,8,0,1,1,1,0,0,0,0,4.33,1600,https://www.speedrun.com/users/Oskar_Aran
2230,Rh4kor,No included runs,Germany,20.63,12.63,8,0,1,1,1,0,0,0,0,3.6,174,https://www.speedrun.com/users/Rh4kor
2231,Sentokoo,No included runs,Canada,20.63,12.63,8,0,1,1,1,0,0,0,0,4.33,1600,https://www.speedrun.com/users/Sentokoo
2232,Spedy420,No included runs,United States,20.63,12.63,8,0,1,1,1,0,0,0,0,4.33,1600,https://www.speedrun.com/users/Spedy420
2233,TylerL,No included runs,United States,20.63,12.63,8,0,1,1,1,0,0,0,0,4.33,1600,https://www.speedrun.com/users/TylerL
2234,gamerX459,No included runs,United States,20.53,9.22,11.31,0,2,2,1,0,0,0,0,3.81,155.5,https://www.speedrun.com/users/gamerX459
2235,ninjaelephant,No included runs,England,20.49,12.49,8,0,1,1,1,0,0,0,0,2.86,26,https://www.speedrun.com/users/ninjaelephant
2236,Laminia,No included runs,Russia,20.43,12.43,8,0,1,1,1,0,0,1,1,2.03,9,https://www.speedrun.com/users/Laminia
2237,Quiplash,No included runs,Germany,20.25,8.94,11.31,0,2,2,1,0,0,0,0,3.94,393,https://www.speedrun.com/users/Quiplash
2238,ThePanduhGamer,No included runs,Canada,19.86,11.86,8,0,1,1,1,0,0,0,0,3.38,136,https://www.speedrun.com/users/ThePanduhGamer
2239,DGannon11,No included runs,United States,19.8,11.8,8,0,1,1,1,0,0,0,0,4.16,1613,https://www.speedrun.com/users/DGannon11
2240,Hennikari,No included runs,England,19.8,11.8,8,0,1,1,1,0,0,0,0,4.16,1613,https://www.speedrun.com/users/Hennikari
2241,jimwc,No included runs,United States,19.8,11.8,8,0,1,1,1,0,0,0,0,4.16,1613,https://www.speedrun.com/users/jimwc
2242,Kimurazaki,No included runs,Scotland,19.8,11.8,8,0,1,1,1,0,0,0,0,4.16,1613,https://www.speedrun.com/users/Kimurazaki
2243,MatMuscles,No included runs,Valhalla,19.8,11.8,8,0,1,1,1,0,0,0,0,4.16,1613,https://www.speedrun.com/users/MatMuscles
2244,redding,No included runs,United States,19.8,11.8,8,0,1,1,1,0,0,0,0,4.16,1613,https://www.speedrun.com/users/redding
2245,generaldave,No included runs,United States,19.75,11.75,8,0,1,1,1,0,0,0,0,2.96,45,https://www.speedrun.com/users/generaldave
2246,vincaant,No included runs,United States,19.61,8.3,11.31,0,2,2,1,0,0,0,0,3.63,155.5,https://www.speedrun.com/users/vincaant
2247,Meccool1313,No included runs,France,19.57,11.57,8,0,1,1,1,0,0,0,0,3.38,161,https://www.speedrun.com/users/Meccool1313
2248,Ultra64,No included runs,United States,19.57,11.57,8,0,1,1,1,0,0,0,0,3.38,161,https://www.speedrun.com/users/Ultra64
2249,jim_rpr,No included runs,Canada,19.38,11.38,8,0,1,1,1,0,0,0,0,3.62,369,https://www.speedrun.com/users/jim_rpr
2250,8butt,No included runs,United States,19.37,11.37,8,0,1,1,1,0,0,0,0,4.07,1620,https://www.speedrun.com/users/8butt
2251,MtOlympus,No included runs,United States,19.34,11.34,8,0,1,1,1,0,0,0,0,2.63,22,https://www.speedrun.com/users/MtOlympus
2252,BEACHBUM,,,19.18,11.18,8,0,1,1,1,0,0,0,0,4.03,1623,https://www.speedrun.com/users/BEACHBUM
2253,Darko,,,19.18,11.18,8,0,1,1,1,0,0,0,0,4.03,1623,
2254,Odiurd,No included runs,Denmark,19.18,11.18,8,0,1,1,1,0,0,0,0,4.03,1623,https://www.speedrun.com/users/Odiurd
2255,Safios,No included runs,France,19.18,11.18,8,0,1,1,1,0,0,0,0,4.03,1623,https://www.speedrun.com/users/Safios
2256,seri,No included runs,Japan,19.18,11.18,8,0,1,1,1,0,0,0,0,4.03,1623,https://www.speedrun.com/users/seri
2257,Spaghetti,,,19.18,11.18,8,0,1,1,1,0,0,0,0,4.03,1623,https://www.speedrun.com/users/Spaghetti
2258,Tater1006,,,19.18,11.18,8,0,1,1,1,0,0,0,0,4.03,1623,https://www.speedrun.com/users/Tater1006
2259,etherealkat,No included runs,United States,19.17,7.86,11.31,0,2,2,1,0,0,0,0,3.58,950.5,https://www.speedrun.com/users/etherealkat
2260,Quirren,No included runs,Turkey,19.16,11.16,8,0,1,1,1,0,0,0,0,3.58,370,https://www.speedrun.com/users/Quirren
2261,jShot,No included runs,United States,19.1,11.1,8,0,1,1,1,0,0,0,0,3.53,321,https://www.speedrun.com/users/jShot
2262,Oldshishkubob13,No included runs,United States,19.05,11.05,8,0,1,1,1,0,1,1,3,1.04,3,https://www.speedrun.com/users/Oldshishkubob13
2263,ForkKnife,No included runs,United States,18.7,7.39,11.31,0,2,2,1,0,0,0,0,3.43,243.5,https://www.speedrun.com/users/ForkKnife
2264,Terran2034,No included runs,Québec,18.7,7.39,11.31,0,2,2,1,0,0,0,0,3.87,1048,https://www.speedrun.com/users/Terran2034
2265,Iceblue,No included runs,United States,18.69,10.69,8,0,1,1,1,0,0,0,0,3.93,1631,https://www.speedrun.com/users/Iceblue
2266,offcenterscoreboard,No included runs,United States,18.69,10.69,8,0,1,1,1,0,0,0,0,3.93,1631,https://www.speedrun.com/users/offcenterscoreboard
2267,schitch,No included runs,United States,18.69,10.69,8,0,1,1,1,0,0,0,0,3.93,1631,https://www.speedrun.com/users/schitch
2268,Tibalt2K,No included runs,United States,18.69,10.69,8,0,1,1,1,0,0,0,0,3.93,1631,https://www.speedrun.com/users/Tibalt2K
2269,koopacassidy,No included runs,United States,18.68,10.68,8,0,1,1,1,0,0,0,0,2.5,20,https://www.speedrun.com/users/koopacassidy
2270,aidenlt,No included runs,United States,18.56,10.56,8,0,1,1,1,0,0,0,0,3.6,572,https://www.speedrun.com/users/aidenlt
2271,aspyn,No included runs,United States,18.56,10.56,8,0,1,1,1,0,0,0,0,3.6,572,https://www.speedrun.com/users/aspyn
2272,Daddymonstar,,,18.56,10.56,8,0,1,1,1,0,0,0,0,3.6,572,https://www.speedrun.com/users/Daddymonstar
2273,Elims,No included runs,United Kingdom,18.56,10.56,8,0,1,1,1,0,0,0,0,3.6,572,https://www.speedrun.com/users/Elims
2274,Findinrask,No included runs,Ireland,18.56,10.56,8,0,1,1,1,0,0,0,0,3.6,572,https://www.speedrun.com/users/Findinrask
2275,Flashie,No included runs,Portugal,18.56,10.56,8,0,1,1,1,0,0,0,0,3.6,572,https://www.speedrun.com/users/Flashie
2276,HA27,No included runs,South Korea,18.56,10.56,8,0,1,1,1,0,0,0,0,3.6,572,https://www.speedrun.com/users/HA27
2277,Lunaria1,No included runs,France,18.56,10.56,8,0,1,1,1,0,0,0,0,3.6,572,https://www.speedrun.com/users/Lunaria1
2278,Mariobat,No included runs,United States,18.56,10.56,8,0,1,1,1,0,0,0,0,3.6,572,https://www.speedrun.com/users/Mariobat
2279,Miles4602_Gaming,No included runs,England,18.56,10.56,8,0,1,1,1,0,0,0,0,3.6,572,https://www.speedrun.com/users/Miles4602_Gaming
2280,OneHand060127,No included runs,South Korea,18.56,10.56,8,0,1,1,1,0,0,0,0,3.6,572,https://www.speedrun.com/users/OneHand060127
2281,Philnemba,No included runs,United States,18.56,10.56,8,0,1,1,1,0,0,0,0,3.6,572,https://www.speedrun.com/users/Philnemba
2282,roobat,No included runs,Esperanto,18.56,10.56,8,0,1,1,1,0,0,0,0,3.6,572,https://www.speedrun.com/users/roobat
2283,Scrapz,,,18.56,10.56,8,0,1,1,1,0,0,0,0,3.6,572,https://www.speedrun.com/users/Scrapz
2284,tranceking26,,,18.56,10.56,8,0,1,1,1,0,0,0,0,3.6,572,https://www.speedrun.com/users/tranceking26
2285,wariotime360,No included runs,Australia,18.56,10.56,8,0,1,1,1,0,0,0,0,3.6,572,https://www.speedrun.com/users/wariotime360
2286,WavyJay,No included runs,Canada,18.56,10.56,8,0,1,1,1,0,0,0,0,3.6,572,https://www.speedrun.com/users/WavyJay
2287,WolfetteChan,No included runs,United States,18.56,10.56,8,0,1,1,1,0,0,0,0,3.6,572,https://www.speedrun.com/users/WolfetteChan
2288,ScrandyB,No included runs,United States,18.5,10.5,8,0,1,1,1,0,0,1,1,1.61,4,https://www.speedrun.com/users/ScrandyB
2289,BigThiccBlissey,No included runs,Canada,18.39,10.39,8,0,1,1,1,0,0,0,0,3.86,1636,https://www.speedrun.com/users/BigThiccBlissey
2290,Cheese_cake,,,18.39,10.39,8,0,1,1,1,0,0,0,0,3.86,1636,https://www.speedrun.com/users/Cheese_cake
2291,FabianUnkreativ,No included runs,Germany,18.39,10.39,8,0,1,1,1,0,0,0,0,3.86,1636,https://www.speedrun.com/users/FabianUnkreativ
2292,Jaybug,No included runs,Norway,18.39,10.39,8,0,1,1,1,0,0,0,0,3.86,1636,https://www.speedrun.com/users/Jaybug
2293,Mmtea94,No included runs,Indonesia,18.39,10.39,8,0,1,1,1,0,0,0,0,3.86,1636,https://www.speedrun.com/users/Mmtea94
2294,mookonastick,No included runs,United States,18.39,10.39,8,0,1,1,1,0,0,0,0,3.86,1636,https://www.speedrun.com/users/mookonastick
2295,skullkid_64,No included runs,Québec,18.39,10.39,8,0,1,1,1,0,0,0,0,3.86,1636,https://www.speedrun.com/users/skullkid_64
2296,sang41dz,No included runs,Vietnam,18.08,10.08,8,0,1,1,1,0,0,0,0,3.37,375,https://www.speedrun.com/users/sang41dz
2297,devwizard64,No included runs,United States,17.9,9.9,8,0,1,1,1,0,0,0,0,3.26,288,https://www.speedrun.com/users/devwizard64
2298,MrIanI,No included runs,United States,17.9,9.9,8,0,1,1,1,0,0,0,0,3.26,288,https://www.speedrun.com/users/MrIanI
2299,Diggwig,No included runs,United States,17.88,9.88,8,0,1,1,1,0,0,0,0,2.85,79,https://www.speedrun.com/users/Diggwig
2300,ShakeDenFidgetGaming,No included runs,Germany,17.88,9.88,8,0,1,1,1,0,0,0,0,2.85,79,https://www.speedrun.com/users/ShakeDenFidgetGaming
2301,allbust,,,17.8,9.8,8,0,1,1,1,0,0,0,0,3.73,1646,https://www.speedrun.com/users/allbust
2302,Bombs,No included runs,United States,17.8,9.8,8,0,1,1,1,0,0,0,0,3.73,1646,https://www.speedrun.com/users/Bombs
2303,codeinuse,,,17.8,9.8,8,0,1,1,1,0,0,0,0,3.73,1646,https://www.speedrun.com/users/codeinuse
2304,Jack1500,No included runs,United States,17.8,9.8,8,0,1,1,1,0,0,0,0,3.73,1646,https://www.speedrun.com/users/Jack1500
2305,JackalJukovsky,No included runs,Poland,17.75,6.44,11.31,0,2,2,1,0,0,0,0,3.27,937.5,https://www.speedrun.com/users/JackalJukovsky
2306,AntoineLadouceur,No included runs,Canada,17.57,9.57,8,0,1,1,1,0,0,0,0,3.68,1650,https://www.speedrun.com/users/AntoineLadouceur
2307,ariapath,No included runs,Australia,17.57,9.57,8,0,1,1,1,0,0,0,0,3.68,1650,https://www.speedrun.com/users/ariapath
2308,Chronickel,No included runs,Canada,17.57,9.57,8,0,1,1,1,0,0,0,0,3.68,1650,https://www.speedrun.com/users/Chronickel
2309,spins,,,17.57,9.57,8,0,1,1,1,0,0,0,0,3.68,1650,https://www.speedrun.com/users/spins
2310,Slow_s197,No included runs,United States,17.45,9.45,8,0,1,1,1,0,0,0,0,3.25,378,https://www.speedrun.com/users/Slow_s197
2311,Kitcot,No included runs,United Kingdom,17.23,9.23,8,0,1,1,1,0,0,0,0,3.6,1656,https://www.speedrun.com/users/Kitcot
2312,madezio2,No included runs,Argentina,17.23,9.23,8,0,1,1,1,0,0,0,0,3.6,1656,https://www.speedrun.com/users/madezio2
2313,obispo2,No included runs,Argentina,17.23,9.23,8,0,1,1,1,0,0,0,0,3.6,1656,https://www.speedrun.com/users/obispo2
2314,OddHour,No included runs,United States,17.23,9.23,8,0,1,1,1,0,0,0,0,3.6,1656,https://www.speedrun.com/users/OddHour
2315,BigBoi,No included runs,Antarctica,17.02,9.02,8,0,1,1,1,0,0,0,0,2.92,167,https://www.speedrun.com/users/BigBoi
2316,Greg_W_B,No included runs,United States,17,9,8,0,1,1,1,0,0,0,0,3.55,1660,https://www.speedrun.com/users/Greg_W_B
2317,jackmallas,,,17,9,8,0,1,1,1,0,0,0,0,3.55,1660,https://www.speedrun.com/users/jackmallas
2318,spoogz,No included runs,Canada,17,9,8,0,1,1,1,0,0,0,0,3.55,1660,https://www.speedrun.com/users/spoogz
2319,TrappedInOblivion,No included runs,United States,17,9,8,0,1,1,1,0,0,0,0,3.55,1660,https://www.speedrun.com/users/TrappedInOblivion
2320,No_Mario,No included runs,United States,16.97,5.66,11.31,0,2,2,1,0,0,0,0,2.57,531.5,https://www.speedrun.com/users/No_Mario
2321,Chriskeygamer,No included runs,Spain,16.92,5.61,11.31,0,2,2,1,0,0,0,0,2.98,945.5,https://www.speedrun.com/users/Chriskeygamer
2322,skydtm,No included runs,Japan,16.9,8.9,8,0,1,1,1,0,0,0,0,2.83,132,https://www.speedrun.com/users/skydtm
2323,SMAAASH67,No included runs,United States,16.84,8.84,8,0,1,1,1,0,0,0,0,3.12,381,https://www.speedrun.com/users/SMAAASH67
2324,SpeedruningDuck,No included runs,Canada,16.81,2.95,13.86,0,3,3,1,0,0,0,0,2.18,432.67,https://www.speedrun.com/users/SpeedruningDuck
2325,HornetOLC,,,16.8,8.8,8,0,1,1,1,0,0,1,1,1.52,10,https://www.speedrun.com/users/HornetOLC
2326,APersonThatsPerson,No included runs,United States,16.76,0.76,16,0,4,4,1,0,0,0,0,1.07,666.25,https://www.speedrun.com/users/APersonThatsPerson
2327,SciFread,No included runs,Québec,16.73,8.73,8,0,1,1,1,0,0,0,0,3.06,331,https://www.speedrun.com/users/SciFread
2328,DpadSensei,No included runs,Québec,16.67,5.36,11.31,0,2,2,1,0,0,0,0,3.2,991.5,https://www.speedrun.com/users/DpadSensei
2329,Bruppsala,No included runs,Germany,16.61,8.61,8,0,1,1,1,0,0,0,0,3.46,1667,https://www.speedrun.com/users/Bruppsala
2330,DanyaChan,No included runs,Russia,16.61,8.61,8,0,1,1,1,0,0,0,0,3.46,1667,https://www.speedrun.com/users/DanyaChan
2331,MisterSensitive,No included runs,United States,16.47,5.16,11.31,0,2,2,1,0,0,0,0,3.09,1007,https://www.speedrun.com/users/MisterSensitive
2332,Vstriker,No included runs,United States,16.44,8.44,8,0,1,1,1,0,0,0,0,2.67,101,https://www.speedrun.com/users/Vstriker
2333,CaptainEmu,No included runs,Denmark,16.4,8.4,8,0,1,1,1,0,0,0,0,2.59,81,https://www.speedrun.com/users/CaptainEmu
2334,xave206,No included runs,Australia,16.4,8.4,8,0,1,1,1,0,0,0,0,2.59,81,https://www.speedrun.com/users/xave206
2335,Elipsis,No included runs,United States,16.39,8.39,8,0,1,1,1,0,0,0,0,3.41,1671,https://www.speedrun.com/users/Elipsis
2336,GrimmChiefer1984,No included runs,United States,16.39,8.39,8,0,1,1,1,0,0,0,0,3.41,1671,https://www.speedrun.com/users/GrimmChiefer1984
2337,yero_,No included runs,United States,16.39,8.39,8,0,1,1,1,0,0,0,0,3.41,1671,https://www.speedrun.com/users/yero_
2338,Kendroid,No included runs,United States,16.28,8.28,8,0,1,1,1,0,0,0,0,2.81,185,https://www.speedrun.com/users/Kendroid
2339,Cyriss_Zeal,No included runs,United States,16.17,8.17,8,0,1,1,1,0,0,0,0,3.35,1675,https://www.speedrun.com/users/Cyriss_Zeal
2340,joj1,No included runs,United States,16.17,8.17,8,0,1,1,1,0,0,0,0,3.35,1675,https://www.speedrun.com/users/joj1
2341,Kilvearn,No included runs,France,16.17,8.17,8,0,1,1,1,0,0,0,0,2,14,https://www.speedrun.com/users/Kilvearn
2342,Twyn_o,No included runs,France,16.17,8.17,8,0,1,1,1,0,0,0,0,3.35,1675,https://www.speedrun.com/users/Twyn_o
2343,NinShado,No included runs,England,16.13,4.82,11.31,0,2,2,1,0,0,0,0,2.19,238,https://www.speedrun.com/users/NinShado
2344,notitsam,No included runs,United States,16.06,4.75,11.31,0,2,2,1,0,0,0,0,2.58,326,https://www.speedrun.com/users/notitsam
2345,dainius,No included runs,Lithuania,16.04,2.18,13.86,0,3,3,1,0,0,0,0,1.4,225.67,https://www.speedrun.com/users/dainius
2346,kasmonmon,No included runs,Japan,16.01,8.01,8,0,1,1,1,0,0,0,0,3.31,1678,https://www.speedrun.com/users/kasmonmon
2347,Robitalion,No included runs,Germany,15.99,7.99,8,0,1,1,1,0,0,0,0,2.31,40,https://www.speedrun.com/users/Robitalion
2348,Karow,No included runs,France,15.96,7.96,8,0,1,1,1,0,0,0,0,3.3,1679,https://www.speedrun.com/users/Karow
2349,Yizo64,No included runs,Switzerland,15.96,7.96,8,0,1,1,1,0,0,0,0,3.3,1679,https://www.speedrun.com/users/Yizo64
2350,Fogi,No included runs,Austria,15.92,7.92,8,0,1,1,1,0,0,0,0,2.73,186,https://www.speedrun.com/users/Fogi
2351,EBND,No included runs,United States,15.89,7.89,8,0,1,1,1,0,0,0,0,2.85,296,https://www.speedrun.com/users/EBND
2352,kirbydirby,No included runs,Lithuania,15.89,7.89,8,0,1,1,1,0,0,0,0,2.85,296,https://www.speedrun.com/users/kirbydirby
2353,Parkraft123,No included runs,Canada,15.85,7.85,8,0,1,1,1,0,0,0,0,2.88,335,https://www.speedrun.com/users/Parkraft123
2354,CrimsonStyle,No included runs,Québec,15.75,7.75,8,0,1,1,1,0,0,0,0,3.25,1683,https://www.speedrun.com/users/CrimsonStyle
2355,LanceDaughtridge,No included runs,United States,15.75,7.75,8,0,1,1,1,0,0,0,0,3.25,1683,https://www.speedrun.com/users/LanceDaughtridge
2356,tinahacks,No included runs,Finland,15.75,7.75,8,0,1,1,1,0,0,0,0,3.25,1683,https://www.speedrun.com/users/tinahacks
2357,Lawso,No included runs,United States,15.64,7.64,8,0,1,1,1,0,0,0,0,2.83,336,https://www.speedrun.com/users/Lawso
2358,brandoncmaximum,No included runs,United States,15.59,7.59,8,0,1,1,1,0,0,0,0,3.21,1686,https://www.speedrun.com/users/brandoncmaximum
2359,Creepiumgamer,No included runs,United States,15.59,7.59,8,0,1,1,1,0,0,0,0,3.21,1686,https://www.speedrun.com/users/Creepiumgamer
2360,DocteurPi,No included runs,France,15.59,7.59,8,0,1,1,1,0,0,0,0,3.21,1686,https://www.speedrun.com/users/DocteurPi
2361,ElliotEGS,No included runs,England,15.59,7.59,8,0,1,1,1,0,0,0,0,3.21,1686,https://www.speedrun.com/users/ElliotEGS
2362,Seirea,No included runs,United States,15.59,7.59,8,0,1,1,1,0,0,0,0,3.21,1686,https://www.speedrun.com/users/Seirea
2363,UnrealEGelio,No included runs,Chile,15.59,7.59,8,0,1,1,1,0,0,0,0,3.21,1686,https://www.speedrun.com/users/UnrealEGelio
2364,_MXxTeN_,No included runs,Japan,15.48,7.48,8,0,1,1,1,0,0,0,0,2.94,594,https://www.speedrun.com/users/_MXxTeN_
2365,Anevinwey,No included runs,United States,15.48,7.48,8,0,1,1,1,0,0,0,0,2.94,594,https://www.speedrun.com/users/Anevinwey
2366,azalean_fields,No included runs,Poland,15.48,7.48,8,0,1,1,1,0,0,0,0,2.94,594,https://www.speedrun.com/users/azalean_fields
2367,GameNerd607,No included runs,Australia,15.48,7.48,8,0,1,1,1,0,0,0,0,2.94,594,https://www.speedrun.com/users/GameNerd607
2368,jayhd,No included runs,Australia,15.48,7.48,8,0,1,1,1,0,0,0,0,2.94,594,https://www.speedrun.com/users/jayhd
2369,kimchi2059,No included runs,Japan,15.48,7.48,8,0,1,1,1,0,0,0,0,2.94,594,https://www.speedrun.com/users/kimchi2059
2370,KOFUKOFUKOFUKOFUKOFUKOFUKOFU,No included runs,Russia,15.48,7.48,8,0,1,1,1,0,0,0,0,2.94,594,https://www.speedrun.com/users/KOFUKOFUKOFUKOFUKOFUKOFUKOFU
2371,m_riss,No included runs,United States,15.48,7.48,8,0,1,1,1,0,0,0,0,2.94,594,https://www.speedrun.com/users/m_riss
2372,MigueR34,No included runs,Mexico,15.48,7.48,8,0,1,1,1,0,0,0,0,2.94,594,https://www.speedrun.com/users/MigueR34
2373,nebneb5000,No included runs,Brazil,15.48,7.48,8,0,1,1,1,0,0,0,0,2.94,594,https://www.speedrun.com/users/nebneb5000
2374,Noobish.,No included runs,Turkey,15.48,7.48,8,0,1,1,1,0,0,0,0,2.94,594,https://www.speedrun.com/users/Noobish.
2375,StarlyTTV,No included runs,Switzerland,15.48,7.48,8,0,1,1,1,0,0,0,0,2.56,135,https://www.speedrun.com/users/StarlyTTV
2376,ThePlayerRolo,No included runs,United States,15.48,7.48,8,0,1,1,1,0,0,0,0,2.94,594,https://www.speedrun.com/users/ThePlayerRolo
2377,WiiUOwner,No included runs,United States,15.48,7.48,8,0,1,1,1,0,0,0,0,2.94,594,https://www.speedrun.com/users/WiiUOwner
2378,Zemorin,No included runs,France,15.48,7.48,8,0,1,1,1,0,0,0,0,2.94,594,https://www.speedrun.com/users/Zemorin
2379,Gameaholic2D,No included runs,United States,15.43,7.43,8,0,1,1,1,0,0,0,0,2.78,337,https://www.speedrun.com/users/Gameaholic2D
2380,BIanky,No included runs,United States,15.4,7.4,8,0,1,1,1,0,0,0,0,2.05,24,https://www.speedrun.com/users/BIanky
2381,secondplace,,,15.28,7.28,8,0,1,1,1,0,0,0,0,2.44,103,https://www.speedrun.com/users/secondplace
2382,RetroBit,No included runs,United States,15.22,3.91,11.31,0,2,2,1,0,0,0,0,2.63,1002,https://www.speedrun.com/users/RetroBit
2383,Nterekios,No included runs,Greece,15.17,7.17,8,0,1,1,1,0,0,0,0,3.11,1694,https://www.speedrun.com/users/Nterekios
2384,OumaGwen,No included runs,South Africa,15.17,7.17,8,0,1,1,1,0,0,0,0,3.11,1694,https://www.speedrun.com/users/OumaGwen
2385,sambrezo,No included runs,Germany,15.17,7.17,8,0,1,1,1,0,0,0,0,3.11,1694,https://www.speedrun.com/users/sambrezo
2386,Steviekloon,No included runs,United States,15.11,7.11,8,0,1,1,1,0,0,0,0,2.75,390,https://www.speedrun.com/users/Steviekloon
2387,Mausezahn,No included runs,Germany,15,3.69,11.31,0,2,2,1,0,0,0,0,2.09,540,https://www.speedrun.com/users/Mausezahn
2388,JoeyGamer95,No included runs,Catalonia,14.97,6.97,8,0,1,1,1,0,0,0,0,3.05,1698,https://www.speedrun.com/users/JoeyGamer95
2389,Torenu,No included runs,Russia,14.97,6.97,8,0,1,1,1,0,0,0,0,3.05,1698,https://www.speedrun.com/users/Torenu
2390,bluesaint,No included runs,Sweden,14.88,6.88,8,0,1,1,1,0,0,0,0,2.37,108,https://www.speedrun.com/users/bluesaint
2391,Caius_the_gamer,No included runs,United States,14.87,6.87,8,0,1,1,1,0,0,0,0,3.03,1700,https://www.speedrun.com/users/Caius_the_gamer
2392,DragnHntr,No included runs,United States,14.87,6.87,8,0,1,1,1,0,0,0,0,3.03,1700,https://www.speedrun.com/users/DragnHntr
2393,InstantTrain,No included runs,United States,14.87,6.87,8,0,1,1,1,0,0,0,0,3.03,1700,https://www.speedrun.com/users/InstantTrain
2394,momoyoder,No included runs,Germany,14.87,6.87,8,0,1,1,1,0,0,0,0,3.03,1700,https://www.speedrun.com/users/momoyoder
2395,Wannabebassist2,No included runs,England,14.87,6.87,8,0,1,1,1,0,0,0,0,3.03,1700,https://www.speedrun.com/users/Wannabebassist2
2396,WMD_88,No included runs,United States,14.87,6.87,8,0,1,1,1,0,0,0,0,3.03,1700,https://www.speedrun.com/users/WMD_88
2397,Xatulu,No included runs,Germany,14.87,6.87,8,0,1,1,1,0,0,0,0,3.03,1700,https://www.speedrun.com/users/Xatulu
2398,Cyannino,,,14.73,6.73,8,0,1,1,1,0,0,0,0,2.6,301,
2399,JML,No included runs,England,14.73,6.73,8,0,1,1,1,0,0,0,0,2.6,301,https://www.speedrun.com/users/JML
2400,KujoSan,No included runs,England,14.73,6.73,8,0,1,1,1,0,0,0,0,2.6,301,https://www.speedrun.com/users/KujoSan
2401,someboy,No included runs,England,14.73,6.73,8,0,1,1,1,0,0,0,0,2.6,301,https://www.speedrun.com/users/someboy
2402,Yeti2031.,No included runs,Poland,14.73,6.73,8,0,1,1,1,0,0,0,0,2.6,301,https://www.speedrun.com/users/Yeti2031.
2403,neonstreetlight,No included runs,United States,14.69,6.69,8,0,1,1,1,0,0,0,0,1.83,17,https://www.speedrun.com/users/neonstreetlight
2404,JackTheHack,No included runs,United States,14.61,3.3,11.31,0,2,2,1,0,0,0,0,2.32,542,https://www.speedrun.com/users/JackTheHack
2405,Salais_S,No included runs,Mexico,14.6,6.6,8,0,1,1,1,0,0,0,0,2.37,137,https://www.speedrun.com/users/Salais_S
2406,chronoon,No included runs,United States,14.47,6.47,8,0,1,1,1,0,0,0,0,2.92,1708,https://www.speedrun.com/users/chronoon
2407,Bahemut,No included runs,United States,14.42,6.42,8,0,1,1,1,0,0,0,0,2.91,1709,https://www.speedrun.com/users/Bahemut
2408,ItsAlti,No included runs,United States,14.42,6.42,8,0,1,1,1,0,0,0,0,2.91,1709,https://www.speedrun.com/users/ItsAlti
2409,MangoMario2,No included runs,Zimbabwe,14.42,6.42,8,0,1,1,1,0,0,0,0,2.91,1709,https://www.speedrun.com/users/MangoMario2
2410,Ushikagu,No included runs,Québec,14.42,6.42,8,0,1,1,1,0,0,0,0,2.91,1709,https://www.speedrun.com/users/Ushikagu
2411,PizzaKingX,No included runs,United Kingdom,14.38,6.38,8,0,1,1,1,0,0,0,0,2.2,84,https://www.speedrun.com/users/PizzaKingX
2412,Calebhart42,,,14.29,6.29,8,0,1,1,1,0,0,0,0,1.78,18,
2413,Daekwon_M,No included runs,United States,14.27,0.41,13.86,0,3,3,1,0,0,0,0,0.66,758.33,https://www.speedrun.com/users/Daekwon_M
2414,Blazeingphoenix,No included runs,United States,14.23,6.23,8,0,1,1,1,0,0,0,0,2.86,1713,https://www.speedrun.com/users/Blazeingphoenix
2415,rubienlily,No included runs,Vietnam,14.23,6.23,8,0,1,1,1,0,0,0,0,2.86,1713,https://www.speedrun.com/users/rubienlily
2416,Soluss,No included runs,United States,14.18,2.87,11.31,0,2,2,1,0,0,0,0,1.69,246,https://www.speedrun.com/users/Soluss
2417,Rattenblut,No included runs,Germany,14.17,6.17,8,0,1,1,1,0,0,0,0,2.28,138,https://www.speedrun.com/users/Rattenblut
2418,WDN2010,No included runs,Russia,14.08,6.08,8,0,1,1,1,0,0,0,0,2.82,1716,https://www.speedrun.com/users/WDN2010
2419,8_Bit_Chris,No included runs,United States,14.04,6.04,8,0,1,1,1,0,0,0,0,2.81,1717,https://www.speedrun.com/users/8_Bit_Chris
2420,brengang,No included runs,United States,14.04,6.04,8,0,1,1,1,0,0,0,0,2.81,1717,https://www.speedrun.com/users/brengang
2421,Playz,,,14.04,6.04,8,0,1,1,1,0,0,0,0,2.81,1717,https://www.speedrun.com/users/Playz
2422,jayrock,No included runs,United States,13.85,5.85,8,0,1,1,1,0,0,0,0,2.75,1721,https://www.speedrun.com/users/jayrock
2423,TheHazMan00,No included runs,United States,13.85,5.85,8,0,1,1,1,0,0,0,0,2.75,1721,https://www.speedrun.com/users/TheHazMan00
2424,Claireic,No included runs,United States,13.82,5.82,8,0,1,1,1,0,0,0,0,2.41,345,https://www.speedrun.com/users/Claireic
2425,MysticTorres,No included runs,United States,13.82,5.82,8,0,1,1,1,0,0,0,0,2.41,345,https://www.speedrun.com/users/MysticTorres
2426,AnthonyForge,No included runs,China,13.77,2.46,11.31,0,2,2,1,0,0,0,0,1.81,545.5,https://www.speedrun.com/users/AnthonyForge
2427,SebMatey,No included runs,United Kingdom,13.75,5.75,8,0,1,1,1,0,0,0,0,2.07,85,https://www.speedrun.com/users/SebMatey
2428,DonnyJoe,No included runs,United States,13.71,5.71,8,0,1,1,1,0,0,0,0,2.41,398,https://www.speedrun.com/users/DonnyJoe
2429,nevek,No included runs,Québec,13.71,5.71,8,0,1,1,1,0,0,0,0,2.71,1724,https://www.speedrun.com/users/nevek
2430,pikmin6000,No included runs,United States,13.71,5.71,8,0,1,1,1,0,0,0,0,2.71,1724,https://www.speedrun.com/users/pikmin6000
2431,Smmisawsome,No included runs,England,13.69,5.69,8,0,1,1,1,0,0,0,0,2.23,176,https://www.speedrun.com/users/Smmisawsome
2432,1nc00r3ctLOVE,No included runs,Russia,13.64,5.64,8,0,1,1,1,0,0,0,0,2.49,609,https://www.speedrun.com/users/1nc00r3ctLOVE
2433,AMG_AceMS,,,13.64,5.64,8,0,1,1,1,0,0,0,0,2.49,609,
2434,Blob_156,No included runs,England,13.64,5.64,8,0,1,1,1,0,0,0,0,2.49,609,https://www.speedrun.com/users/Blob_156
2435,Halli,No included runs,Iceland,13.64,5.64,8,0,1,1,1,0,0,0,0,2.49,609,https://www.speedrun.com/users/Halli
2436,Joaomascared,No included runs,Brazil,13.64,5.64,8,0,1,1,1,0,0,0,0,2.49,609,https://www.speedrun.com/users/Joaomascared
2437,Mail-Main,No included runs,United States,13.64,5.64,8,0,1,1,1,0,0,0,0,2.49,609,https://www.speedrun.com/users/Mail-Main
2438,MELLSTROY_GAME,No included runs,Russia,13.64,5.64,8,0,1,1,1,0,0,0,0,2.49,609,https://www.speedrun.com/users/MELLSTROY_GAME
2439,mmtheboyyy2,No included runs,United States,13.64,5.64,8,0,1,1,1,0,0,0,0,2.49,609,https://www.speedrun.com/users/mmtheboyyy2
2440,Ninjacat7,No included runs,United States,13.64,5.64,8,0,1,1,1,0,0,0,0,2.49,609,https://www.speedrun.com/users/Ninjacat7
2441,Phloup,No included runs,Québec,13.64,5.64,8,0,1,1,1,0,0,0,0,2.49,609,https://www.speedrun.com/users/Phloup
2442,SuperOrlax,No included runs,France,13.64,5.64,8,0,1,1,1,0,0,0,0,2.49,609,https://www.speedrun.com/users/SuperOrlax
2443,The_Enderman,,,13.64,5.64,8,0,1,1,1,0,0,0,0,2.49,609,https://www.speedrun.com/users/The_Enderman
2444,TheLgameZ,No included runs,United States,13.64,5.64,8,0,1,1,1,0,0,0,0,2.49,609,https://www.speedrun.com/users/TheLgameZ
2445,Windows_XP_Fan,No included runs,Germany,13.64,5.64,8,0,1,1,1,0,0,0,0,2.49,609,https://www.speedrun.com/users/Windows_XP_Fan
2446,BinaryDragon,No included runs,United States,13.57,5.57,8,0,1,1,1,0,0,0,0,2.68,1727,https://www.speedrun.com/users/BinaryDragon
2447,Firelemon,No included runs,South Korea,13.57,5.57,8,0,1,1,1,0,0,0,0,2.68,1727,https://www.speedrun.com/users/Firelemon
2448,RallyGuy,No included runs,United States,13.57,5.57,8,0,1,1,1,0,0,0,0,2.68,1727,https://www.speedrun.com/users/RallyGuy
2449,FuserGames,No included runs,Ukraine,13.34,5.34,8,0,1,1,1,0,0,0,0,2.61,1732,https://www.speedrun.com/users/FuserGames
2450,Poork,No included runs,United States,13.34,5.34,8,0,1,1,1,0,0,0,0,2.61,1732,https://www.speedrun.com/users/Poork
2451,ZeeGee_,No included runs,United States,13.34,5.34,8,0,1,1,1,0,0,0,0,2.61,1732,https://www.speedrun.com/users/ZeeGee_
2452,Masonplays3556,No included runs,United States,13.34,2.03,11.31,0,2,2,1,0,0,0,0,1.73,1023,https://www.speedrun.com/users/Masonplays3556
2453,randomsmb1guy,No included runs,Turkey,13.32,5.32,8,0,1,1,1,0,0,0,0,1.64,21,https://www.speedrun.com/users/randomsmb1guy
2454,Lohoris,No included runs,European Union,13.25,1.94,11.31,0,2,2,1,0,0,0,0,1.67,979.5,https://www.speedrun.com/users/Lohoris
2455,Nateorious,No included runs,United States,13.24,5.24,8,0,1,1,1,0,0,0,0,2.24,308,https://www.speedrun.com/users/Nateorious
2456,skydev,No included runs,Canada,13.24,5.24,8,0,1,1,1,0,0,0,0,2.24,308,https://www.speedrun.com/users/skydev
2457,traaays,No included runs,Austria,13.24,5.24,8,0,1,1,1,0,0,0,0,2.24,308,https://www.speedrun.com/users/traaays
2458,Grimslade,,,13.22,5.22,8,0,1,1,1,0,0,1,1,0.9,4,
2459,IvanderLatidjan,No included runs,Indonesia,13.17,1.86,11.31,0,2,2,1,0,0,0,0,1.64,967,https://www.speedrun.com/users/IvanderLatidjan
2460,MasterT1988,No included runs,Germany,13.16,5.16,8,0,1,1,1,0,0,0,0,2.56,1736,https://www.speedrun.com/users/MasterT1988
2461,NENEOR,No included runs,Spain,13.16,5.16,8,0,1,1,1,0,0,0,0,2.56,1736,https://www.speedrun.com/users/NENEOR
2462,NoraScrubChan,,,13.16,5.16,8,0,1,1,1,0,0,0,0,2.56,1736,
2463,warmCabin,No included runs,United States,13.16,5.16,8,0,1,1,1,0,0,0,0,2.56,1736,https://www.speedrun.com/users/warmCabin
2464,OrangePeeling,,,13.06,1.75,11.31,0,2,2,1,0,0,0,0,1.5,996,https://www.speedrun.com/users/OrangePeeling
2465,MrStar64,,,13.04,5.04,8,0,1,1,1,0,0,0,0,2.08,178,https://www.speedrun.com/users/MrStar64
2466,x3non,,,13.04,5.04,8,0,1,1,1,0,0,0,0,2.08,178,https://www.speedrun.com/users/x3non
2467,Pimpf98,No included runs,Germany,13,5,8,0,1,1,1,0,0,0,0,2.09,195,https://www.speedrun.com/users/Pimpf98
2468,OriginalStarwalker,No included runs,United States,12.98,4.98,8,0,1,1,1,0,0,0,0,2.51,1740,https://www.speedrun.com/users/OriginalStarwalker
2469,q4_kushida,No included runs,Japan,12.98,4.98,8,0,1,1,1,0,0,0,0,2.51,1740,https://www.speedrun.com/users/q4_kushida
2470,jensj56,No included runs,Netherlands,12.94,1.63,11.31,0,2,2,1,0,0,0,0,1.2,428.5,https://www.speedrun.com/users/jensj56
2471,hey_ducky,No included runs,United States,12.9,4.9,8,0,1,1,1,0,0,0,0,2.18,350,https://www.speedrun.com/users/hey_ducky
2472,Skyrio,No included runs,Antarctica,12.9,4.9,8,0,1,1,1,0,0,0,0,2.21,403,https://www.speedrun.com/users/Skyrio
2473,AntBlueR,No included runs,Brazil,12.87,1.56,11.31,0,2,2,1,0,0,0,0,1.18,140.5,https://www.speedrun.com/users/AntBlueR
2474,lubcho,No included runs,Bulgaria,12.85,4.85,8,0,1,1,1,0,0,0,0,2.47,1743,https://www.speedrun.com/users/lubcho
2475,Zyta,No included runs,United States,12.85,4.85,8,0,1,1,1,0,0,0,0,2.47,1743,https://www.speedrun.com/users/Zyta
2476,PinkyNoice,No included runs,Czech Republic,12.73,4.73,8,0,1,1,1,0,0,0,0,2.13,351,https://www.speedrun.com/users/PinkyNoice
2477,8Brick,No included runs,United States,12.72,4.72,8,0,1,1,1,0,0,0,0,2.43,1746,https://www.speedrun.com/users/8Brick
2478,exewin,,,12.72,4.72,8,0,1,1,1,0,0,0,0,2.43,1746,https://www.speedrun.com/users/exewin
2479,Niamek,No included runs,Canada,12.68,1.37,11.31,0,2,2,1,0,0,0,0,1.12,1149.5,https://www.speedrun.com/users/Niamek
2480,Tom Votava,,,12.63,4.63,8,0,1,1,1,0,0,1,1,0.81,5,
2481,JulieAntarctica,No included runs,Australia,12.61,1.3,11.31,0,2,2,1,0,0,0,0,1.23,317.5,https://www.speedrun.com/users/JulieAntarctica
2482,AshiiAku,No included runs,United States,12.59,4.59,8,0,1,1,1,0,0,0,0,1.92,142,https://www.speedrun.com/users/AshiiAku
2483,kewl_n_all,No included runs,United States,12.59,4.59,8,0,1,1,1,0,0,0,0,2.39,1749,https://www.speedrun.com/users/kewl_n_all
2484,Person_No_One_Likes,No included runs,United States,12.59,4.59,8,0,1,1,1,0,0,0,0,2.12,405,https://www.speedrun.com/users/Person_No_One_Likes
2485,cootster,No included runs,United States,12.55,4.55,8,0,1,1,1,0,0,0,0,2.38,1750,https://www.speedrun.com/users/cootster
2486,Scaryolive,No included runs,Québec,12.55,4.55,8,0,1,1,1,0,0,0,0,2.09,352,https://www.speedrun.com/users/Scaryolive
2487,switch_runner,No included runs,United States,12.55,4.55,8,0,1,1,1,0,0,0,0,2.38,1750,https://www.speedrun.com/users/switch_runner
2488,ImteezWorld,No included runs,South Africa,12.46,4.46,8,0,1,1,1,0,0,0,0,2.35,1752,https://www.speedrun.com/users/ImteezWorld
2489,qkijose,No included runs,Argentina,12.46,4.46,8,0,1,1,1,0,0,0,0,2.35,1752,https://www.speedrun.com/users/qkijose
2490,sascha-gaming,No included runs,Germany,12.46,4.46,8,0,1,1,1,0,0,0,0,2.35,1752,https://www.speedrun.com/users/sascha-gaming
2491,geekgamer38,No included runs,Canada,12.44,4.44,8,0,1,1,1,0,0,0,0,1.83,113,https://www.speedrun.com/users/geekgamer38
2492,Yatakbasan,No included runs,Turkey,12.44,4.44,8,0,1,1,1,0,0,0,0,2.08,406,https://www.speedrun.com/users/Yatakbasan
2493,Mynameisjustyahoo,No included runs,Germany,12.42,4.42,8,0,1,1,1,0,0,0,0,1.92,180,https://www.speedrun.com/users/Mynameisjustyahoo
2494,reibeatall,No included runs,United States,12.42,4.42,8,0,1,1,1,0,0,0,0,1.67,52,https://www.speedrun.com/users/reibeatall
2495,Broedgeman,No included runs,Germany,12.38,4.38,8,0,1,1,1,0,0,0,0,2.04,353,https://www.speedrun.com/users/Broedgeman
2496,Fluwawe,No included runs,Italy,12.34,4.34,8,0,1,1,1,0,0,0,0,2.31,1755,https://www.speedrun.com/users/Fluwawe
2497,Arsenic_Soup,,,12.24,4.24,8,0,1,1,1,0,0,0,0,1.78,109,
2498,SrgtSexy,No included runs,Canada,12.22,4.22,8,0,1,1,1,0,0,0,0,1.99,354,https://www.speedrun.com/users/SrgtSexy
2499,TheBenjanator,No included runs,United States,12.22,4.22,8,0,1,1,1,0,0,0,0,1.99,354,https://www.speedrun.com/users/TheBenjanator
2500,Jjeszse,No included runs,United States,12.21,4.21,8,0,1,1,1,0,0,0,0,2.27,1758,https://www.speedrun.com/users/Jjeszse
2501,max2dgam1ng,No included runs,United States,12.21,4.21,8,0,1,1,1,0,0,0,0,2.27,1758,https://www.speedrun.com/users/max2dgam1ng
2502,luubz,No included runs,France,12.13,4.13,8,0,1,1,1,0,0,0,0,2.24,1760,https://www.speedrun.com/users/luubz
2503,MaelstromALPHA,No included runs,United Kingdom,12.13,4.13,8,0,1,1,1,0,0,0,0,2.24,1760,https://www.speedrun.com/users/MaelstromALPHA
2504,rshusko3,No included runs,United States,12.13,4.13,8,0,1,1,1,0,0,0,0,2.24,1760,https://www.speedrun.com/users/rshusko3
2505,crrrvd,,,12.08,4.08,8,0,1,1,1,0,0,0,0,1.93,314,https://www.speedrun.com/users/crrrvd
2506,killinninja,No included runs,United States,12.08,4.08,8,0,1,1,1,0,0,0,0,1.93,314,https://www.speedrun.com/users/killinninja
2507,poopmybuttoff,No included runs,United States,12.08,4.08,8,0,1,1,1,0,0,0,0,1.93,314,https://www.speedrun.com/users/poopmybuttoff
2508,impeccable27,No included runs,South Korea,12.01,4.01,8,0,1,1,1,0,0,0,0,1.73,114,https://www.speedrun.com/users/impeccable27
2509,jaydoggg,No included runs,United Kingdom,11.93,3.93,8,0,1,1,1,0,0,0,0,2.18,1765,https://www.speedrun.com/users/jaydoggg
2510,MysteryWolf7,No included runs,Puerto Rico,11.93,3.93,8,0,1,1,1,0,0,0,0,2.18,1765,https://www.speedrun.com/users/MysteryWolf7
2511,Vader828,,,11.85,3.85,8,0,1,1,1,0,0,0,0,2.15,1767,https://www.speedrun.com/users/Vader828
2512,JJReed,No included runs,United States,11.81,3.81,8,0,1,1,1,0,0,0,0,2.14,1768,https://www.speedrun.com/users/JJReed
2513,PsxCreasse,No included runs,Québec,11.81,3.81,8,0,1,1,1,0,0,0,0,2.14,1768,https://www.speedrun.com/users/PsxCreasse
2514,ZevZX,No included runs,Mongolia,11.81,3.81,8,0,1,1,1,0,0,0,0,2.14,1768,https://www.speedrun.com/users/ZevZX
2515,Avalonith,No included runs,United States,11.73,3.73,8,0,1,1,1,0,0,0,0,1.86,357,https://www.speedrun.com/users/Avalonith
2516,CoreCantCodeThis,No included runs,United States,11.72,3.72,8,0,1,1,1,0,0,0,0,1.95,627,https://www.speedrun.com/users/CoreCantCodeThis
2517,sdslayer,No included runs,United States,11.69,3.69,8,0,1,1,1,0,0,0,0,2.1,1771,https://www.speedrun.com/users/sdslayer
2518,thegoodjakeward,No included runs,United States,11.69,3.69,8,0,1,1,1,0,0,0,0,2.1,1771,https://www.speedrun.com/users/thegoodjakeward
2519,angry,No included runs,United States,11.63,3.63,8,0,1,1,1,0,0,0,0,1.92,628,https://www.speedrun.com/users/angry
2520,canob13,No included runs,Argentina,11.63,3.63,8,0,1,1,1,0,0,0,0,1.73,200,https://www.speedrun.com/users/canob13
2521,D3cIma,No included runs,Russia,11.63,3.63,8,0,1,1,1,0,0,0,0,1.92,628,https://www.speedrun.com/users/D3cIma
2522,DillPickel,No included runs,New Zealand,11.63,3.63,8,0,1,1,1,0,0,0,0,1.92,628,https://www.speedrun.com/users/DillPickel
2523,Gamerz,No included runs,Australia,11.63,3.63,8,0,1,1,1,0,0,0,0,1.92,628,https://www.speedrun.com/users/Gamerz
2524,jaypayday1,No included runs,Australia,11.63,3.63,8,0,1,1,1,0,0,0,0,1.92,628,https://www.speedrun.com/users/jaypayday1
2525,jonsku1,No included runs,Finland,11.63,3.63,8,0,1,1,1,0,0,0,0,1.92,628,https://www.speedrun.com/users/jonsku1
2526,Killswitch0GMD,No included runs,Australia,11.63,3.63,8,0,1,1,1,0,0,0,0,1.92,628,https://www.speedrun.com/users/Killswitch0GMD
2527,MarioMario7829,No included runs,United States,11.63,3.63,8,0,1,1,1,0,0,0,0,1.92,628,https://www.speedrun.com/users/MarioMario7829
2528,mrZUCCHINIman,,,11.63,3.63,8,0,1,1,1,0,0,0,0,1.92,628,https://www.speedrun.com/users/mrZUCCHINIman
2529,scarlettlol,,,11.63,3.63,8,0,1,1,1,0,0,0,0,1.92,628,https://www.speedrun.com/users/scarlettlol
2530,TheBokoblin,No included runs,United States,11.63,3.63,8,0,1,1,1,0,0,0,0,1.92,628,https://www.speedrun.com/users/TheBokoblin
2531,Zans64,No included runs,United States,11.63,3.63,8,0,1,1,1,0,0,0,0,1.92,628,https://www.speedrun.com/users/Zans64
2532,CajunKishi,No included runs,United States,11.61,3.61,8,0,1,1,1,0,0,0,0,1.45,45,https://www.speedrun.com/users/CajunKishi
2533,GumbaNooma,No included runs,Chile,11.61,3.61,8,0,1,1,1,0,0,0,0,2.08,1773,https://www.speedrun.com/users/GumbaNooma
2534,ROTFLandmines,No included runs,United States,11.57,3.57,8,0,1,1,1,0,0,0,0,1.81,358,https://www.speedrun.com/users/ROTFLandmines
2535,Retrogamerr80,No included runs,United States,11.54,3.54,8,0,1,1,1,0,0,0,0,2.05,1775,https://www.speedrun.com/users/Retrogamerr80
2536,01NekoHodoku,No included runs,France,11.53,3.53,8,0,1,1,1,0,0,0,0,1.56,89,https://www.speedrun.com/users/01NekoHodoku
2537,DocLloyd,No included runs,United States,11.53,3.53,8,0,1,1,1,0,0,0,0,1.64,145,https://www.speedrun.com/users/DocLloyd
2538,CJTheStreamer,No included runs,Puerto Rico,11.46,3.46,8,0,1,1,1,0,0,0,0,2.02,1777,https://www.speedrun.com/users/CJTheStreamer
2539,juanriplaygames,No included runs,Spain,11.44,0.13,11.31,0,2,2,1,0,0,0,0,0.31,1073,https://www.speedrun.com/users/juanriplaygames
2540,bacond,No included runs,United States,11.39,3.39,8,0,1,1,1,0,0,0,0,2,1779,https://www.speedrun.com/users/bacond
2541,opikenbo,No included runs,United States,11.39,3.39,8,0,1,1,1,0,0,0,0,2,1779,https://www.speedrun.com/users/opikenbo
2542,Niniste,No included runs,France,11.31,3.31,8,0,1,1,1,0,0,0,0,1.97,1781,https://www.speedrun.com/users/Niniste
2543,Shadow96,No included runs,Canada,11.31,3.31,8,0,1,1,1,0,0,0,0,1.97,1781,https://www.speedrun.com/users/Shadow96
2544,Mochila,No included runs,Brazil,11.2,3.2,8,0,1,1,1,0,0,0,0,1.93,1784,https://www.speedrun.com/users/Mochila
2545,parz,No included runs,United States,11.2,3.2,8,0,1,1,1,0,0,0,0,1.93,1784,https://www.speedrun.com/users/parz
2546,Sableguy97,,,11.2,3.2,8,0,1,1,1,0,0,0,0,1.93,1784,https://www.speedrun.com/users/Sableguy97
2547,JoeDamillio,No included runs,United States,11.19,3.19,8,0,1,1,1,0,0,0,0,1.51,116,https://www.speedrun.com/users/JoeDamillio
2548,SleepyMario,,,11.05,3.05,8,0,1,1,1,0,0,0,0,1.88,1788,https://www.speedrun.com/users/SleepyMario
2549,TheSlothKing,No included runs,Portugal,11.05,3.05,8,0,1,1,1,0,0,0,0,1.88,1788,https://www.speedrun.com/users/TheSlothKing
2550,XXNEON57XX,No included runs,Mexico,11.04,3.04,8,0,1,1,1,0,0,0,0,1.43,90,https://www.speedrun.com/users/XXNEON57XX
2551,Celician83,No included runs,United States,10.95,2.95,8,0,1,1,1,0,0,0,0,1.84,1791,https://www.speedrun.com/users/Celician83
2552,Julez21,No included runs,United States,10.95,2.95,8,0,1,1,1,0,0,0,0,1.84,1791,https://www.speedrun.com/users/Julez21
2553,magicisaacsage,,,10.95,2.95,8,0,1,1,1,0,0,0,0,1.84,1791,https://www.speedrun.com/users/magicisaacsage
2554,NytAndDay,No included runs,United States,10.95,2.95,8,0,1,1,1,0,0,0,0,1.84,1791,https://www.speedrun.com/users/NytAndDay
2555,Pikachu,No included runs,North Korea,10.95,2.95,8,0,1,1,1,0,0,0,0,1.84,1791,https://www.speedrun.com/users/Pikachu
2556,aidanbrt,No included runs,Wales,10.89,2.89,8,0,1,1,1,0,0,0,0,1.58,321,https://www.speedrun.com/users/aidanbrt
2557,swooce,No included runs,United States,10.88,2.88,8,0,1,1,1,0,0,0,0,1.3,54,https://www.speedrun.com/users/swooce
2558,L4nier,No included runs,United States,10.83,2.83,8,0,1,1,1,0,0,0,0,1.58,363,https://www.speedrun.com/users/L4nier
2559,lukeatlantis,No included runs,United States,10.81,2.81,8,0,1,1,1,0,0,0,0,1.4,117,https://www.speedrun.com/users/lukeatlantis
2560,RagnarAlvarr,No included runs,Austria,10.81,2.81,8,0,1,1,1,0,0,0,0,1.1,19,https://www.speedrun.com/users/RagnarAlvarr
2561,bobonlinenet,No included runs,United States,10.74,2.74,8,0,1,1,1,0,0,0,0,1.76,1797,https://www.speedrun.com/users/bobonlinenet
2562,MrDunlo,No included runs,United States,10.74,2.74,8,0,1,1,1,0,0,0,0,1.76,1797,https://www.speedrun.com/users/MrDunlo
2563,JosueG,No included runs,Venezuela,10.73,2.73,8,0,1,1,1,0,0,0,0,1.53,322,https://www.speedrun.com/users/JosueG
2564,Mickerson,No included runs,United States,10.67,2.67,8,0,1,1,1,0,0,0,0,1.74,1799,https://www.speedrun.com/users/Mickerson
2565,Val0ur,No included runs,United States,10.67,2.67,8,0,1,1,1,0,0,0,0,1.74,1799,https://www.speedrun.com/users/Val0ur
2566,Antonio.Pacheco,No included runs,Venezuela,10.66,2.66,8,0,1,1,1,0,0,0,0,1.44,204,https://www.speedrun.com/users/Antonio.Pacheco
2567,wrboiek_niski,No included runs,Poland,10.6,2.6,8,0,1,1,1,0,0,0,0,1.33,113,https://www.speedrun.com/users/wrboiek_niski
2568,BlazeGamer,No included runs,United States,10.57,2.57,8,0,1,1,1,0,0,0,0,1.7,1802,https://www.speedrun.com/users/BlazeGamer
2569,BMAN,No included runs,Australia,10.57,2.57,8,0,1,1,1,0,0,0,0,1.7,1802,https://www.speedrun.com/users/BMAN
2570,Zerix,No included runs,Argentina,10.53,2.53,8,0,1,1,1,0,0,0,0,1.38,187,https://www.speedrun.com/users/Zerix
2571,ArkanoidAddict,No included runs,Finland,10.47,2.47,8,0,1,1,1,0,0,0,0,1.66,1805,https://www.speedrun.com/users/ArkanoidAddict
2572,MrYoloTheLegend,No included runs,United States,10.47,2.47,8,0,1,1,1,0,0,0,0,1.66,1805,https://www.speedrun.com/users/MrYoloTheLegend
2573,xLunnar,No included runs,United States,10.47,2.47,8,0,1,1,1,0,0,0,0,1.66,1805,https://www.speedrun.com/users/xLunnar
2574,Dcourtwreck,No included runs,United States,10.37,2.37,8,0,1,1,1,0,0,0,0,1.62,1808,https://www.speedrun.com/users/Dcourtwreck
2575,HUmanMustard,No included runs,United States,10.37,2.37,8,0,1,1,1,0,0,0,0,1.62,1808,https://www.speedrun.com/users/HUmanMustard
2576,Koremin,No included runs,Belgium,10.37,2.37,8,0,1,1,1,0,0,0,0,1.62,1808,https://www.speedrun.com/users/Koremin
2577,piscsfy,No included runs,United States,10.3,2.3,8,0,1,1,1,0,0,0,0,1.42,422,https://www.speedrun.com/users/piscsfy
2578,SpeedyWeegee,No included runs,United States,10.3,2.3,8,0,1,1,1,0,0,0,0,1.42,422,https://www.speedrun.com/users/SpeedyWeegee
2579,chrisccerami,No included runs,United States,10.27,2.27,8,0,1,1,1,0,0,0,0,1.58,1811,https://www.speedrun.com/users/chrisccerami
2580,FunkRock87,,,10.27,2.27,8,0,1,1,1,0,0,0,0,1.58,1811,https://www.speedrun.com/users/FunkRock87
2581,IDontNotDoThings,No included runs,Australia,10.27,2.27,8,0,1,1,1,0,0,0,0,1.58,1811,https://www.speedrun.com/users/IDontNotDoThings
2582,QuinnNoble,No included runs,United States,10.27,2.27,8,0,1,1,1,0,0,0,0,1.58,1811,https://www.speedrun.com/users/QuinnNoble
2583,AdequateLegacy,No included runs,Malawi,10.22,2.22,8,0,1,1,1,0,0,0,0,1.44,644,https://www.speedrun.com/users/AdequateLegacy
2584,DvpGames,No included runs,Brazil,10.22,2.22,8,0,1,1,1,0,0,0,0,1.44,644,https://www.speedrun.com/users/DvpGames
2585,Renoorax,No included runs,Poland,10.22,2.22,8,0,1,1,1,0,0,0,0,1.44,644,https://www.speedrun.com/users/Renoorax
2586,TMNL,No included runs,United States,10.22,2.22,8,0,1,1,1,0,0,0,0,1.44,644,https://www.speedrun.com/users/TMNL
2587,Adiidii,No included runs,France,10.16,2.16,8,0,1,1,1,0,0,0,0,1.17,92,https://www.speedrun.com/users/Adiidii
2588,MarianoMMour,No included runs,Chile,10.14,2.14,8,0,1,1,1,0,0,0,0,1.32,326,https://www.speedrun.com/users/MarianoMMour
2589,Dy1anBy1an,No included runs,United States,10.11,2.11,8,0,1,1,1,0,0,0,0,1.51,1816,https://www.speedrun.com/users/Dy1anBy1an
2590,Dylan_Rulez,No included runs,United States,10.05,2.05,8,0,1,1,1,0,0,0,0,1.49,1818,https://www.speedrun.com/users/Dylan_Rulez
2591,Hadiza1972,No included runs,Niger,10.05,2.05,8,0,1,1,1,0,0,0,0,1.49,1818,https://www.speedrun.com/users/Hadiza1972
2592,Ricky6543215,No included runs,Taiwan,10,2,8,0,1,1,1,0,0,0,0,1.27,327,https://www.speedrun.com/users/Ricky6543215
2593,PeeBee,No included runs,Hungary,9.99,1.99,8,0,1,1,1,0,0,0,0,1.46,1820,https://www.speedrun.com/users/PeeBee
2594,DietingHippo,No included runs,United States,9.96,1.96,8,0,1,1,1,0,0,0,0,1.45,1821,https://www.speedrun.com/users/DietingHippo
2595,JuampaEK,No included runs,Mexico,9.96,1.96,8,0,1,1,1,0,0,0,0,1.45,1821,https://www.speedrun.com/users/JuampaEK
2596,PastorCam,No included runs,United States,9.96,1.96,8,0,1,1,1,0,0,0,0,1.45,1821,https://www.speedrun.com/users/PastorCam
2597,Ad_maiorem_Dei_gloriam,No included runs,Colombia,9.91,1.91,8,0,1,1,1,0,0,0,0,1.25,370,https://www.speedrun.com/users/Ad_maiorem_Dei_gloriam
2598,darkwing166,No included runs,Ukraine,9.87,1.87,8,0,1,1,1,0,0,0,0,1.41,1824,https://www.speedrun.com/users/darkwing166
2599,saum22,No included runs,United States,9.84,1.84,8,0,1,1,1,0,0,0,0,1.29,649,https://www.speedrun.com/users/saum22
2600,UltraAceCombat,No included runs,United States,9.84,1.84,8,0,1,1,1,0,0,0,0,1.4,1825,https://www.speedrun.com/users/UltraAceCombat
2601,VanGo9,No included runs,Antarctica,9.84,1.84,8,0,1,1,1,0,0,0,0,1.29,649,https://www.speedrun.com/users/VanGo9
2602,YoSoyHugo,No included runs,United States,9.84,1.84,8,0,1,1,1,0,0,0,0,1.4,1825,https://www.speedrun.com/users/YoSoyHugo
2603,fifthfyre,No included runs,Canada,9.78,1.78,8,0,1,1,1,0,0,0,0,1.37,1827,https://www.speedrun.com/users/fifthfyre
2604,Friezamane,No included runs,Canada,9.78,1.78,8,0,1,1,1,0,0,0,0,1.37,1827,https://www.speedrun.com/users/Friezamane
2605,sdmx,No included runs,United States,9.78,1.78,8,0,1,1,1,0,0,0,0,1.37,1827,https://www.speedrun.com/users/sdmx
2606,HankScorpio83,No included runs,United States,9.77,1.77,8,0,1,1,1,0,0,0,0,1.1,151,https://www.speedrun.com/users/HankScorpio83
2607,chicken_bitty,,,9.72,1.72,8,0,1,1,1,0,0,0,0,0.8,17,https://www.speedrun.com/users/chicken_bitty
2608,lttjhs,No included runs,Sweden,9.72,1.72,8,0,1,1,1,0,0,0,0,0.8,17,https://www.speedrun.com/users/lttjhs
2609,MeesterTweester,No included runs,United States,9.67,1.67,8,0,1,1,1,0,0,0,0,1.32,1831,https://www.speedrun.com/users/MeesterTweester
2610,SoapyChowdah,No included runs,United States,9.67,1.67,8,0,1,1,1,0,0,0,0,1.32,1831,https://www.speedrun.com/users/SoapyChowdah
2611,Ángel.A.C.S.,No included runs,Venezuela,9.63,1.63,8,0,1,1,1,0,0,0,0,1.08,209,https://www.speedrun.com/users/Angel.A.C.S.
2612,m,No included runs,Ireland,9.63,1.63,8,0,1,1,1,0,0,0,0,1.2,652,https://www.speedrun.com/users/m
2613,Mar_Marr,No included runs,Bulgaria,9.63,1.63,8,0,1,1,1,0,0,0,0,1.2,652,https://www.speedrun.com/users/Mar_Marr
2614,PheonixRising,No included runs,United States,9.63,1.63,8,0,1,1,1,0,0,0,0,0.93,56,https://www.speedrun.com/users/PheonixRising
2615,Speedboy14,No included runs,United States,9.63,1.63,8,0,1,1,1,0,0,0,0,1.2,652,https://www.speedrun.com/users/Speedboy14
2616,_hoodie_,No included runs,United States,9.59,1.59,8,0,1,1,1,0,0,0,0,1.28,1834,https://www.speedrun.com/users/_hoodie_
2617,Switchmaster64,No included runs,United States,9.59,1.59,8,0,1,1,1,0,0,0,0,1.28,1834,https://www.speedrun.com/users/Switchmaster64
2618,dogplayingtetris,No included runs,United States,9.56,1.56,8,0,1,1,1,0,0,0,0,1.12,429,https://www.speedrun.com/users/dogplayingtetris
2619,Jollyek,No included runs,India,9.56,1.56,8,0,1,1,1,0,0,0,0,1.12,429,https://www.speedrun.com/users/Jollyek
2620,Xazome,No included runs,Sweden,9.56,1.56,8,0,1,1,1,0,0,0,0,1.12,429,https://www.speedrun.com/users/Xazome
2621,VintageClassicGamer,No included runs,United States,9.53,1.53,8,0,1,1,1,0,0,0,0,1.25,1836,https://www.speedrun.com/users/VintageClassicGamer
2622,avasio,,,9.49,1.49,8,0,1,1,1,0,0,0,0,1.07,331,
2623,Catastereo,,,9.48,1.48,8,0,1,1,1,0,0,0,0,1.23,1838,https://www.speedrun.com/users/Catastereo
2624,Sid2332,No included runs,Ukraine,9.48,1.48,8,0,1,1,1,0,0,0,0,1.23,1838,https://www.speedrun.com/users/Sid2332
2625,6Zero,No included runs,United States,9.45,1.45,8,0,1,1,1,0,0,0,0,1.01,210,https://www.speedrun.com/users/6Zero
2626,esprs123,No included runs,Japan,9.43,1.43,8,0,1,1,1,0,0,0,0,1.2,1840,https://www.speedrun.com/users/esprs123
2627,MIT_Battery,No included runs,United States,9.43,1.43,8,0,1,1,1,0,0,0,0,1.2,1840,https://www.speedrun.com/users/MIT_Battery
2628,Knucklesgamer90,No included runs,United Kingdom,9.41,1.41,8,0,1,1,1,0,0,0,0,0.91,94,https://www.speedrun.com/users/Knucklesgamer90
2629,theBassSpace,No included runs,Canada,9.38,1.38,8,0,1,1,1,0,0,0,0,0.95,164,https://www.speedrun.com/users/theBassSpace
2630,barnaba,No included runs,Poland,9.37,1.37,8,0,1,1,1,0,0,0,0,1.17,1842,https://www.speedrun.com/users/barnaba
2631,Kaiwave33x,,,9.35,1.35,8,0,1,1,1,0,0,0,0,1.16,1843,
2632,renadobsa,No included runs,United States,9.35,1.35,8,0,1,1,1,0,0,0,0,1.16,1843,https://www.speedrun.com/users/renadobsa
2633,xuhao95,No included runs,United States,9.35,1.35,8,0,1,1,1,0,0,0,0,1.16,1843,https://www.speedrun.com/users/xuhao95
2634,bluerapids12,No included runs,United States,9.3,1.3,8,0,1,1,1,0,0,0,0,1.05,657,https://www.speedrun.com/users/bluerapids12
2635,DarkSR3,No included runs,United States,9.3,1.3,8,0,1,1,1,0,0,0,0,1.05,657,https://www.speedrun.com/users/DarkSR3
2636,Pedro501st,No included runs,Brazil,9.3,1.3,8,0,1,1,1,0,0,0,0,1.05,657,https://www.speedrun.com/users/Pedro501st
2637,SilverFrames,No included runs,United States,9.3,1.3,8,0,1,1,1,0,0,0,0,1.05,657,https://www.speedrun.com/users/SilverFrames
2638,TigerRayz,No included runs,Poland,9.3,1.3,8,0,1,1,1,0,0,0,0,1.05,657,https://www.speedrun.com/users/TigerRayz
2639,ANGEL_UNDEAD,No included runs,Russia,9.27,1.27,8,0,1,1,1,0,0,0,0,1.12,1846,https://www.speedrun.com/users/ANGEL_UNDEAD
2640,AquaFire,No included runs,United States,9.27,1.27,8,0,1,1,1,0,0,0,0,1.12,1846,https://www.speedrun.com/users/AquaFire
2641,Bizarroman,No included runs,Argentina,9.27,1.27,8,0,1,1,1,0,0,0,0,1.12,1846,https://www.speedrun.com/users/Bizarroman
2642,malkuckn,No included runs,Germany,9.25,1.25,8,0,1,1,1,0,0,0,0,0.97,376,https://www.speedrun.com/users/malkuckn
2643,Juskebat,No included runs,Netherlands,9.2,1.2,8,0,1,1,1,0,0,0,0,1.08,1849,https://www.speedrun.com/users/Juskebat
2644,AnimeeArcade,No included runs,United States,9.17,1.17,8,0,1,1,1,0,0,0,0,1.07,1850,https://www.speedrun.com/users/AnimeeArcade
2645,Adwilath,No included runs,Turkey,9.12,1.12,8,0,1,1,1,0,0,0,0,1.04,1852,https://www.speedrun.com/users/Adwilath
2646,ttheo_rei_delas,No included runs,Brazil,9.12,1.12,8,0,1,1,1,0,0,0,0,0.86,212,https://www.speedrun.com/users/ttheo_rei_delas
2647,Re_tribution,No included runs,China,9.1,1.1,8,0,1,1,1,0,0,0,0,0.92,434,https://www.speedrun.com/users/Re_tribution
2648,TTrom,No included runs,United States,9.09,1.09,8,0,1,1,1,0,0,0,0,0.82,154,https://www.speedrun.com/users/TTrom
2649,pastabelly,No included runs,United States,9.08,1.08,8,0,1,1,1,0,0,0,0,0.7,41,https://www.speedrun.com/users/pastabelly
2650,grunds1,No included runs,Australia,9.05,1.05,8,0,1,1,1,0,0,0,0,1,1855,https://www.speedrun.com/users/grunds1
2651,rkctkc,No included runs,United States,9.05,1.05,8,0,1,1,1,0,0,0,0,1,1855,https://www.speedrun.com/users/rkctkc
2652,CLosOfficial,No included runs,United States,9.04,1.04,8,0,1,1,1,0,0,0,0,0.78,118,https://www.speedrun.com/users/CLosOfficial
2653,DrCruse,No included runs,United States,9.01,1.01,8,0,1,1,1,0,0,0,0,0.98,1857,https://www.speedrun.com/users/DrCruse
2654,DrunkGecko,No included runs,United States,9,1,8,0,1,1,1,0,0,0,0,0.9,662,https://www.speedrun.com/users/DrunkGecko
2655,ImSpD7,No included runs,Italy,9,1,8,0,1,1,1,0,0,0,0,0.7,62,https://www.speedrun.com/users/ImSpD7
2656,livplusrose,No included runs,Wales,9,1,8,0,1,1,1,0,0,0,0,0.9,662,https://www.speedrun.com/users/livplusrose
2657,Rizor,,,9,1,8,0,1,1,1,0,0,0,0,0.9,662,https://www.speedrun.com/users/Rizor
2658,yoshi27,No included runs,Australia,9,1,8,0,1,1,1,0,0,0,0,0.9,662,https://www.speedrun.com/users/yoshi27
2659,Jodosh,No included runs,United States,8.98,0.98,8,0,1,1,1,0,0,0,0,0.97,1858,https://www.speedrun.com/users/Jodosh
2660,bottlecap,No included runs,United States,8.94,0.94,8,0,1,1,1,0,0,0,0,0.94,1860,https://www.speedrun.com/users/bottlecap
2661,ouchmeeyes,No included runs,Canada,8.94,0.94,8,0,1,1,1,0,0,0,0,0.68,65,https://www.speedrun.com/users/ouchmeeyes
2662,alexmandi,No included runs,Greece,8.92,0.92,8,0,1,1,1,0,0,0,0,0.93,1861,https://www.speedrun.com/users/alexmandi
2663,Dr_Hesse,No included runs,United States,8.92,0.92,8,0,1,1,1,0,0,0,0,0.93,1861,https://www.speedrun.com/users/Dr_Hesse
2664,Jim_Mill,No included runs,United States,8.92,0.92,8,0,1,1,1,0,0,0,0,0.93,1861,https://www.speedrun.com/users/Jim_Mill
2665,Wonderslime,No included runs,Canada,8.85,0.85,8,0,1,1,1,0,0,0,0,0.62,49,https://www.speedrun.com/users/Wonderslime
2666,DiegoHndz,No included runs,Venezuela,8.83,0.83,8,0,1,1,1,0,0,0,0,0.87,1865,https://www.speedrun.com/users/DiegoHndz
2667,cathalbrian,No included runs,Ireland,8.81,0.81,8,0,1,1,1,0,0,0,0,0.86,1866,https://www.speedrun.com/users/cathalbrian
2668,jerrygetipad,,,8.81,0.81,8,0,1,1,1,0,0,0,0,0.86,1866,https://www.speedrun.com/users/jerrygetipad
2669,OsmiRuns,No included runs,Canada,8.8,0.8,8,0,1,1,1,0,0,0,0,0.65,96,https://www.speedrun.com/users/OsmiRuns
2670,CAKEbetty,No included runs,United States,8.77,0.77,8,0,1,1,1,0,0,0,0,0.84,1868,https://www.speedrun.com/users/CAKEbetty
2671,Kongkrete,No included runs,United States,8.76,0.76,8,0,1,1,1,0,0,0,0,0.65,124,https://www.speedrun.com/users/Kongkrete
2672,CZR,No included runs,United States,8.75,0.75,8,0,1,1,1,0,0,0,0,0.82,1869,https://www.speedrun.com/users/CZR
2673,leerunz,No included runs,United States,8.75,0.75,8,0,1,1,1,0,0,0,0,0.82,1869,https://www.speedrun.com/users/leerunz
2674,Freddythekiller,No included runs,France,8.73,0.73,8,0,1,1,1,0,0,0,0,0.75,667,https://www.speedrun.com/users/Freddythekiller
2675,prospeedrunroblocx2,,,8.73,0.73,8,0,1,1,1,0,0,0,0,0.75,667,https://www.speedrun.com/users/prospeedrunroblocx2
2676,Shang_Xiake,No included runs,China,8.73,0.73,8,0,1,1,1,0,0,0,0,0.75,667,https://www.speedrun.com/users/Shang_Xiake
2677,Mr_Self_DestrucTT,No included runs,United States,8.71,0.71,8,0,1,1,1,0,0,0,0,0.8,1871,https://www.speedrun.com/users/Mr_Self_DestrucTT
2678,SlowpokeRodriguez,No included runs,United States,8.69,0.69,8,0,1,1,1,0,0,0,0,0.78,1872,https://www.speedrun.com/users/SlowpokeRodriguez
2679,Havzp,,,8.67,0.67,8,0,1,1,1,0,0,0,0,0.77,1873,https://www.speedrun.com/users/Havzp
2680,lelenamek,No included runs,France,8.65,0.65,8,0,1,1,1,0,0,0,0,0.76,1874,https://www.speedrun.com/users/lelenamek
2681,VoidedAmy,No included runs,Australia,8.64,0.64,8,0,1,1,1,0,0,0,0,0.67,440,https://www.speedrun.com/users/VoidedAmy
2682,GuizDP,No included runs,Québec,8.63,0.63,8,0,1,1,1,0,0,0,0,0.74,1875,https://www.speedrun.com/users/GuizDP
2683,MrMatthews,No included runs,United States,8.63,0.63,8,0,1,1,1,0,0,0,0,0.65,383,https://www.speedrun.com/users/MrMatthews
2684,Ahmadmzaydeh,No included runs,Jordan,8.61,0.61,8,0,1,1,1,0,0,0,0,0.73,1876,https://www.speedrun.com/users/Ahmadmzaydeh
2685,AlreadyRented,No included runs,Scotland,8.59,0.59,8,0,1,1,1,0,0,0,0,0.66,670,https://www.speedrun.com/users/AlreadyRented
2686,czadam,No included runs,Czech Republic,8.59,0.59,8,0,1,1,1,0,0,0,0,0.66,670,https://www.speedrun.com/users/czadam
2687,NosColludimus,No included runs,Germany,8.59,0.59,8,0,1,1,1,0,0,0,0,0.56,120,https://www.speedrun.com/users/NosColludimus
2688,zappylogarithm,No included runs,United States,8.59,0.59,8,0,1,1,1,0,0,0,0,0.72,1877,https://www.speedrun.com/users/zappylogarithm
2689,Skipper17,No included runs,United States,8.58,0.58,8,0,1,1,1,0,0,0,0,0.7,1878,https://www.speedrun.com/users/Skipper17
2690,crazytonedog,No included runs,United States,8.56,0.56,8,0,1,1,1,0,0,0,0,0.69,1879,https://www.speedrun.com/users/crazytonedog
2691,DonnyDark,No included runs,United States,8.56,0.56,8,0,1,1,1,0,0,0,0,0.69,1879,https://www.speedrun.com/users/DonnyDark
2692,KevinSanchez2019,No included runs,Venezuela,8.56,0.56,8,0,1,1,1,0,0,0,0,0.58,216,https://www.speedrun.com/users/KevinSanchez2019
2693,RiotThanos,No included runs,Turkey,8.56,0.56,8,0,1,1,1,0,0,0,0,0.69,1879,https://www.speedrun.com/users/RiotThanos
2694,Wpixels,No included runs,Sweden,8.54,0.54,8,0,1,1,1,0,0,0,0,0.52,97,https://www.speedrun.com/users/Wpixels
2695,Salt_Ver,No included runs,Chile,8.53,0.53,8,0,1,1,1,0,0,0,0,0.4,18,https://www.speedrun.com/users/Salt_Ver
2696,Yellowblack,No included runs,Brazil,8.5,0.5,8,0,1,1,1,0,0,0,0,0.6,672,https://www.speedrun.com/users/Yellowblack
2697,AviZergen,No included runs,Australia,8.49,0.49,8,0,1,1,1,0,0,0,0,0.64,1883,https://www.speedrun.com/users/AviZergen
2698,thenesmaster,No included runs,Mexico,8.48,0.48,8,0,1,1,1,0,0,0,0,0.56,385,https://www.speedrun.com/users/thenesmaster
2699,Ghosttree,No included runs,Macau,8.47,0.47,8,0,1,1,1,0,0,0,0,0.63,1884,https://www.speedrun.com/users/Ghosttree
2700,BigZeeff,No included runs,United States,8.46,0.46,8,0,1,1,1,0,0,0,0,0.61,1885,https://www.speedrun.com/users/BigZeeff
2701,KMCBlink,No included runs,United States,8.46,0.46,8,0,1,1,1,0,0,0,0,0.57,673,https://www.speedrun.com/users/KMCBlink
2702,MrHarryHD,No included runs,Australia,8.46,0.46,8,0,1,1,1,0,0,0,0,0.57,673,https://www.speedrun.com/users/MrHarryHD
2703,nesmarioyoshibros23,No included runs,Australia,8.46,0.46,8,0,1,1,1,0,0,0,0,0.57,673,https://www.speedrun.com/users/nesmarioyoshibros23
2704,RapidBlitz,No included runs,Hong Kong,8.46,0.46,8,0,1,1,1,0,0,0,0,0.57,673,https://www.speedrun.com/users/RapidBlitz
2705,MarioMariofc1gw,No included runs,United States,8.45,0.45,8,0,1,1,1,0,0,0,0,0.54,443,https://www.speedrun.com/users/MarioMariofc1gw
2706,mikesneslive,No included runs,United States,8.44,0.44,8,0,1,1,1,0,0,0,0,0.6,1886,https://www.speedrun.com/users/mikesneslive
2707,Nshima,No included runs,Japan,8.43,0.43,8,0,1,1,1,0,0,0,0,0.41,50,https://www.speedrun.com/users/Nshima
2708,bruceiam,No included runs,United States,8.42,0.42,8,0,1,1,1,0,0,0,0,0.59,1887,https://www.speedrun.com/users/bruceiam
2709,Sramuel,No included runs,France,8.42,0.42,8,0,1,1,1,0,0,0,0,0.51,342,https://www.speedrun.com/users/Sramuel
2710,Mingle13,No included runs,United States,8.39,0.39,8,0,1,1,1,0,0,0,0,0.56,1889,https://www.speedrun.com/users/Mingle13
2711,DodonKrevedko,No included runs,Russia,8.38,0.38,8,0,1,1,1,0,0,0,0,0.43,126,https://www.speedrun.com/users/DodonKrevedko
2712,Evan,No included runs,United States,8.36,0.36,8,0,1,1,1,0,0,0,0,0.54,1891,https://www.speedrun.com/users/Evan
2713,FurretTurret,No included runs,United States,8.35,0.35,8,0,1,1,1,0,0,0,0,0.46,387,https://www.speedrun.com/users/FurretTurret
2714,LuckySpeedruns,No included runs,United States,8.35,0.35,8,0,1,1,1,0,0,0,0,0.52,1892,https://www.speedrun.com/users/LuckySpeedruns
2715,ProLaser,No included runs,Australia,8.35,0.35,8,0,1,1,1,0,0,0,0,0.46,343,https://www.speedrun.com/users/ProLaser
2716,Nerdretro,No included runs,United States,8.34,0.34,8,0,1,1,1,0,0,0,0,0.43,218,https://www.speedrun.com/users/Nerdretro
2717,KumaKhan22,No included runs,United States,8.33,0.33,8,0,1,1,1,0,0,0,0,0.51,1893,https://www.speedrun.com/users/KumaKhan22
2718,babyshrud,No included runs,United States,8.32,0.32,8,0,1,1,1,0,0,0,0,0.5,1894,https://www.speedrun.com/users/babyshrud
2719,chasayee,No included runs,United States,8.31,0.31,8,0,1,1,1,0,0,0,0,0.45,677,https://www.speedrun.com/users/chasayee
2720,glennobrien,No included runs,Australia,8.31,0.31,8,0,1,1,1,0,0,0,0,0.45,677,https://www.speedrun.com/users/glennobrien
2721,GhostSenpai,No included runs,Mexico,8.3,0.3,8,0,1,1,1,0,0,0,0,0.42,388,https://www.speedrun.com/users/GhostSenpai
2722,thearst3rd,No included runs,United States,8.3,0.3,8,0,1,1,1,0,0,0,0,0.48,1895,https://www.speedrun.com/users/thearst3rd
2723,Jacoma,,,8.29,0.29,8,0,1,1,1,0,0,0,0,0.47,1896,https://www.speedrun.com/users/Jacoma
2724,Counterfx,No included runs,France,8.28,0.28,8,0,1,1,1,0,0,0,0,0.46,1897,https://www.speedrun.com/users/Counterfx
2725,synthpopisback,No included runs,United States,8.26,0.26,8,0,1,1,1,0,0,0,0,0.44,1898,https://www.speedrun.com/users/synthpopisback
2726,Khanster786,No included runs,United States,8.25,0.25,8,0,1,1,1,0,0,0,0,0.28,32,https://www.speedrun.com/users/Khanster786
2727,DarthHelmut,,,8.24,0.24,8,0,1,1,1,0,0,0,0,0.39,679,https://www.speedrun.com/users/DarthHelmut
2728,retolki,No included runs,Germany,8.24,0.24,8,0,1,1,1,0,0,0,0,0.42,1900,https://www.speedrun.com/users/retolki
2729,OctopusCrossbow,No included runs,United States,8.22,0.22,8,0,1,1,1,0,0,0,0,0.4,1901,https://www.speedrun.com/users/OctopusCrossbow
2730,BlackFriend,No included runs,Christmas Island,8.21,0.21,8,0,1,1,1,0,0,0,0,0.36,680,https://www.speedrun.com/users/BlackFriend
2731,MathiasThomiku,No included runs,Peru,8.21,0.21,8,0,1,1,1,0,0,0,0,0.39,1902,https://www.speedrun.com/users/MathiasThomiku
2732,Miaunica,No included runs,Romania,8.21,0.21,8,0,1,1,1,0,0,0,0,0.36,680,https://www.speedrun.com/users/Miaunica
2733,VectorBlast26,No included runs,United States,8.2,0.2,8,0,1,1,1,0,0,0,0,0.38,1903,https://www.speedrun.com/users/VectorBlast26
2734,JustLeeBelmont,No included runs,Puerto Rico,8.19,0.19,8,0,1,1,1,0,0,0,0,0.37,1904,https://www.speedrun.com/users/JustLeeBelmont
2735,Arch3r,No included runs,Sweden,8.17,0.17,8,0,1,1,1,0,0,0,0,0.26,99,https://www.speedrun.com/users/Arch3r
2736,Pawlik,No included runs,Poland,8.17,0.17,8,0,1,1,1,0,0,0,0,0.34,1906,https://www.speedrun.com/users/Pawlik
2737,Metroll,No included runs,United States,8.16,0.16,8,0,1,1,1,0,0,0,0,0.33,1907,https://www.speedrun.com/users/Metroll
2738,6snot,,,8.15,0.15,8,0,1,1,1,0,0,0,0,0.3,682,https://www.speedrun.com/users/6snot
2739,finnaboing,No included runs,United States,8.15,0.15,8,0,1,1,1,0,0,0,0,0.3,682,https://www.speedrun.com/users/finnaboing
2740,Mungaru,No included runs,United States,8.15,0.15,8,0,1,1,1,0,0,0,0,0.31,1908,https://www.speedrun.com/users/Mungaru
2741,Blasco,No included runs,Italy,8.14,0.14,8,0,1,1,1,0,0,0,0,0.3,1909,https://www.speedrun.com/users/Blasco
2742,Brotedo,No included runs,United States,8.13,0.13,8,0,1,1,1,0,0,0,0,0.29,1910,https://www.speedrun.com/users/Brotedo
2743,BasilBun,No included runs,United States,8.12,0.12,8,0,1,1,1,0,0,0,0,0.27,1911,https://www.speedrun.com/users/BasilBun
2744,hhhhharry,No included runs,Canada,8.12,0.12,8,0,1,1,1,0,0,0,0,0.27,1911,https://www.speedrun.com/users/hhhhharry
2745,Nickrj81,No included runs,United States,8.11,0.11,8,0,1,1,1,0,0,0,0,0.23,392,https://www.speedrun.com/users/Nickrj81
2746,zdrmonster12,No included runs,United States,8.11,0.11,8,0,1,1,1,0,0,0,0,0.24,684,https://www.speedrun.com/users/zdrmonster12
2747,Al3xMessia,No included runs,Italy,8.09,0.09,8,0,1,1,1,0,0,0,0,0.21,451,https://www.speedrun.com/users/Al3xMessia
2748,MasterSystemMarceau,No included runs,Canada,8.09,0.09,8,0,1,1,1,0,0,0,0,0.23,1914,https://www.speedrun.com/users/MasterSystemMarceau
2749,OrangeTheYoshi,No included runs,United States,8.09,0.09,8,0,1,1,1,0,0,0,0,0.2,348,https://www.speedrun.com/users/OrangeTheYoshi
2750,fireside,No included runs,United States,8.08,0.08,8,0,1,1,1,0,0,0,0,0.22,1915,https://www.speedrun.com/users/fireside
2751,MyNameIsShuckle,No included runs,Canada,8.08,0.08,8,0,1,1,1,0,0,0,0,0.21,685,https://www.speedrun.com/users/MyNameIsShuckle
2752,Dementorose,No included runs,Mexico,8.07,0.07,8,0,1,1,1,0,0,0,0,0.19,393,https://www.speedrun.com/users/Dementorose
2753,IGabyPachI,No included runs,Mexico,8.07,0.07,8,0,1,1,1,0,0,0,0,0.2,1917,https://www.speedrun.com/users/IGabyPachI
2754,Lefloic,No included runs,Québec,8.07,0.07,8,0,1,1,1,0,0,0,0,0.21,1916,https://www.speedrun.com/users/Lefloic
2755,Topidonozor,No included runs,Poland,8.06,0.06,8,0,1,1,1,0,0,0,0,0.18,686,https://www.speedrun.com/users/Topidonozor
2756,HalloLeutels,No included runs,Germany,8.05,0.05,8,0,1,1,1,0,0,0,0,0.15,687,https://www.speedrun.com/users/HalloLeutels
2757,Mikebloke,No included runs,England,8.05,0.05,8,0,1,1,1,0,0,0,0,0.13,100,https://www.speedrun.com/users/Mikebloke
2758,OmarBenchbana,No included runs,Finland,8.05,0.05,8,0,1,1,1,0,0,0,0,0.15,687,https://www.speedrun.com/users/OmarBenchbana
2759,Rox,No included runs,United States,8.05,0.05,8,0,1,1,1,0,0,0,0,0.14,394,https://www.speedrun.com/users/Rox
2760,trivia212005,No included runs,United States,8.05,0.05,8,0,1,1,1,0,0,0,0,0.17,1919,https://www.speedrun.com/users/trivia212005
2761,arcticayeka,No included runs,United States,8.04,0.04,8,0,1,1,1,0,0,0,0,0.14,1921,https://www.speedrun.com/users/arcticayeka
2762,TeddyThalhuber,,,8.04,0.04,8,0,1,1,1,0,0,0,0,0.16,1920,
2763,BiSaXa,No included runs,Turkey,8.03,0.03,8,0,1,1,1,0,0,0,0,0.1,350,https://www.speedrun.com/users/BiSaXa
2764,Inchiklord,No included runs,Philippines,8.03,0.03,8,0,1,1,1,0,0,0,0,0.13,1922,https://www.speedrun.com/users/Inchiklord
2765,Pajamas,No included runs,United States,8.03,0.03,8,0,1,1,1,0,0,0,0,0.12,1923,https://www.speedrun.com/users/Pajamas
2766,DankMom,No included runs,United States,8.02,0.02,8,0,1,1,1,0,0,0,0,0.09,689,https://www.speedrun.com/users/DankMom
2767,Jarm0u,No included runs,Belgium,8.02,0.02,8,0,1,1,1,0,0,0,0,0.07,223,https://www.speedrun.com/users/Jarm0u
2768,Nkitten,No included runs,Netherlands,8.02,0.02,8,0,1,1,1,0,0,0,0,0.09,395,https://www.speedrun.com/users/Nkitten
2769,verry_lUkiE,No included runs,United States,8.02,0.02,8,0,1,1,1,0,0,0,0,0.08,204,https://www.speedrun.com/users/verry_lUkiE
2770,Defexo,No included runs,North Korea,8.01,0.01,8,0,1,1,1,0,0,0,0,0.07,1927,https://www.speedrun.com/users/Defexo
2771,Gatorbox,No included runs,United States,8.01,0.01,8,0,1,1,1,0,0,0,0,0.08,1926,https://www.speedrun.com/users/Gatorbox
2772,Jalapiñecone,No included runs,Canada,8.01,0.01,8,0,1,1,1,0,0,0,0,0.05,396,https://www.speedrun.com/users/Jalapinecone
2773,Alurith,No included runs,United States,8,0,8,0,1,1,1,0,0,0,0,0,163,https://www.speedrun.com/users/Alurith
2774,ChaosintheDarkness,No included runs,Canada,8,0,8,0,1,1,1,0,0,0,0,0.03,691,https://www.speedrun.com/users/ChaosintheDarkness
2775,DerplingDiamond,,,8,0,8,0,1,1,1,0,0,0,0,0.01,1931,https://www.speedrun.com/users/DerplingDiamond
2776,drewbedoobi,,,8,0,8,0,1,1,1,0,0,0,0,0,224,https://www.speedrun.com/users/drewbedoobi
2777,GamerBoi,No included runs,United States,8,0,8,0,1,1,1,0,0,0,0,0,28,https://www.speedrun.com/users/GamerBoi
2778,Nightcat,No included runs,United States,8,0,8,0,1,1,1,0,0,0,0,0,83,https://www.speedrun.com/users/Nightcat
2779,RamiroCanal3,No included runs,Argentina,8,0,8,0,1,1,1,0,0,0,0,0,101,https://www.speedrun.com/users/RamiroCanal3
2780,rastachulla,,,8,0,8,0,1,1,1,0,0,0,0,0.04,1929,https://www.speedrun.com/users/rastachulla
2781,rawr__xd,No included runs,United States,8,0,8,0,1,1,1,0,0,0,0,0,13,https://www.speedrun.com/users/rawr__xd
2782,SantasLittleNibbler,No included runs,Chad,8,0,8,0,1,1,1,0,0,0,0,0,36,https://www.speedrun.com/users/SantasLittleNibbler
2783,StragenessDSS,,,8,0,8,0,1,1,1,0,0,1,1,0,5,
2784,TheRetroDudeAbides,No included runs,United States,8,0,8,0,1,1,1,0,0,0,0,0,19,https://www.speedrun.com/users/TheRetroDudeAbides
2785,VeryShyGuy,No included runs,United States,8,0,8,0,1,1,1,0,0,0,0,0,31,https://www.speedrun.com/users/VeryShyGuy
2786,きらめきでどーだい,,,8,0,8,0,1,1,1,0,0,1,1,0,6,
